budget_per_day,days,passengers,pref_vehicle_type,pref_transmission,pref_energy_type,vehicle_type,transmission,energy_type,seats,year,daily_price,fuel_consumption,electric_range,agency_avg_rating,agency_total_reviews,compatibility_score
383.26,7,4,hatchback,automatic,electric,truck,automatic,diesel,5,2022,393.24,6.14,0,3.44,727,65.32
1042.7,5,1,coupe,manual,diesel,coupe,manual,hybrid,2,2022,816.24,4.04,0,4.2,366,77.56
407.63,1,2,hatchback,automatic,gasoline,hatchback,manual,diesel,5,2022,285.03,5.58,0,4.73,585,70.93
284.74,2,6,van,automatic,gasoline,hatchback,automatic,gasoline,5,2021,307.63,8.24,0,4.24,552,54.06
349.66,13,4,van,automatic,hybrid,suv,automatic,hybrid,5,2016,384.02,5.59,0,4.15,795,66.62
405.34,3,1,suv,any,any,sedan,automatic,hybrid,5,2021,498.66,3.44,0,4.01,739,69.07
591.35,3,4,any,manual,gasoline,coupe,automatic,diesel,2,2025,473.24,5.57,0,4.81,354,59.94
502.61,6,1,hatchback,automatic,any,van,automatic,diesel,9,2023,620.43,6.57,0,3.92,280,66.79
657.43,1,3,suv,automatic,any,suv,manual,gasoline,7,2023,599.38,8.97,0,4.96,767,71.74
256.48,4,1,hatchback,automatic,gasoline,hatchback,automatic,hybrid,5,2024,233.22,6.18,0,4.4,565,79.3
479.46,1,4,hatchback,any,gasoline,suv,automatic,gasoline,6,2022,375.52,7.51,0,4.11,918,75.32
1111.47,8,3,hatchback,any,any,van,automatic,gasoline,7,2024,880.04,6.0,0,4.74,343,80.91
667.85,1,1,any,manual,electric,suv,manual,gasoline,5,2021,490.5,5.83,0,4.53,28,72.37
368.84,20,1,sedan,any,any,sedan,automatic,hybrid,5,2017,351.36,5.13,0,3.66,377,80.26
292.34,10,3,sedan,automatic,any,hatchback,manual,electric,5,2022,373.37,0,458,3.33,801,61.0
293.97,3,3,sedan,manual,electric,sedan,automatic,gasoline,5,2018,272.97,6.0,0,4.36,59,65.61
371.57,6,5,sedan,manual,any,hatchback,automatic,gasoline,5,2022,295.9,8.9,0,3.82,479,61.95
163.91,28,3,sedan,automatic,gasoline,hatchback,manual,gasoline,5,2015,158.34,9.63,0,4.23,389,58.49
231.0,3,2,sedan,automatic,diesel,hatchback,automatic,gasoline,5,2020,227.48,6.89,0,4.52,494,65.99
162.1,2,1,coupe,manual,hybrid,sedan,manual,hybrid,5,2024,296.6,5.72,0,3.22,90,59.2
248.33,5,3,any,any,gasoline,hatchback,automatic,gasoline,5,2022,297.35,8.92,0,3.99,218,75.44
354.55,3,2,van,any,gasoline,hatchback,automatic,gasoline,5,2018,349.4,5.85,0,3.5,344,71.44
620.07,8,2,truck,automatic,any,suv,automatic,diesel,7,2025,467.61,6.89,0,4.06,185,78.78
687.28,2,2,any,any,diesel,van,manual,gasoline,8,2020,767.63,9.15,0,4.87,560,68.07
297.09,5,1,sedan,automatic,any,hatchback,automatic,hybrid,5,2017,218.81,3.9,0,4.73,332,74.26
638.67,27,2,any,manual,any,truck,automatic,gasoline,3,2021,614.25,8.27,0,3.96,404,69.0
302.41,23,2,truck,manual,any,hatchback,automatic,gasoline,5,2025,266.95,5.59,0,4.48,134,75.28
219.26,6,3,sedan,automatic,any,hatchback,automatic,hybrid,5,2019,231.97,5.41,0,5,1011,74.69
467.56,3,3,hatchback,any,electric,sedan,automatic,electric,5,2019,459.36,0,357,3.79,596,74.95
399.38,2,5,any,automatic,any,suv,automatic,diesel,6,2020,389.41,5.12,0,4.04,330,80.22
641.53,1,4,sedan,any,electric,suv,manual,gasoline,7,2021,580.6,7.02,0,4.57,663,65.12
466.19,7,1,sedan,automatic,gasoline,hatchback,automatic,diesel,5,2024,362.13,6.53,0,4.25,102,66.48
371.06,1,3,coupe,manual,gasoline,hatchback,manual,electric,5,2023,304.7,0,404,3.63,485,71.02
592.23,2,2,any,any,any,sedan,manual,hybrid,5,2019,433.86,4.28,0,3.76,592,84.07
757.04,2,2,any,any,diesel,suv,manual,gasoline,5,2023,573.87,7.17,0,4.31,569,80.03
317.91,8,3,suv,automatic,hybrid,sedan,automatic,gasoline,5,2022,266.62,6.36,0,4.62,707,65.41
254.14,2,5,any,any,hybrid,sedan,automatic,gasoline,5,2023,222.69,5.72,0,3.8,541,79.97
573.42,2,1,sedan,any,diesel,van,automatic,gasoline,7,2018,457.44,5.65,0,3.46,640,60.56
768.71,4,2,any,automatic,gasoline,suv,manual,electric,5,2026,772.73,0,460,4.64,369,80.55
1169.04,1,1,sedan,automatic,diesel,coupe,automatic,gasoline,2,2019,933.57,7.26,0,4.46,267,59.91
451.55,4,2,van,automatic,gasoline,hatchback,automatic,diesel,5,2025,375.05,4.85,0,4.54,894,76.62
357.83,2,2,suv,automatic,gasoline,sedan,automatic,gasoline,5,2023,251.29,9.57,0,4.31,963,68.58
679.06,4,1,hatchback,any,gasoline,truck,manual,hybrid,4,2025,777.76,3.53,0,5,96,71.14
263.78,3,5,any,any,any,sedan,manual,gasoline,5,2022,223.08,8.2,0,3.67,865,84.38
1124.18,1,2,any,any,diesel,coupe,automatic,diesel,3,2019,834.88,5.73,0,3.5,136,81.47
434.04,2,7,any,automatic,electric,hatchback,automatic,electric,5,2026,356.54,0,371,4.56,570,78.17
665.01,26,8,suv,automatic,gasoline,van,manual,hybrid,8,2026,569.98,4.73,0,4.35,317,70.24
441.11,26,2,hatchback,manual,electric,sedan,automatic,gasoline,5,2025,312.61,9.67,0,4.94,189,59.38
1246.93,5,1,van,automatic,electric,coupe,manual,diesel,2,2025,1108.51,4.43,0,4.55,228,70.39
731.0,2,1,suv,automatic,gasoline,suv,automatic,gasoline,6,2021,581.77,9.07,0,3.18,499,76.26
458.75,1,1,any,automatic,any,hatchback,automatic,gasoline,5,2025,382.8,9.27,0,4.43,646,87.42
485.01,2,3,sedan,manual,gasoline,suv,automatic,electric,5,2021,513.29,0,304,4.61,873,59.19
151.99,1,1,truck,automatic,any,hatchback,automatic,gasoline,5,2025,188.28,6.83,0,4.91,816,75.6
510.51,2,3,van,automatic,diesel,sedan,automatic,hybrid,5,2023,483.94,4.46,0,3.45,307,68.63
494.82,9,2,sedan,manual,gasoline,hatchback,automatic,hybrid,5,2025,390.19,6.2,0,5,418,68.84
307.48,1,2,sedan,automatic,any,sedan,automatic,gasoline,5,2018,297.48,9.72,0,4.2,34,74.21
912.33,1,1,hatchback,any,gasoline,van,automatic,electric,9,2025,1038.03,0,381,3.94,432,68.74
680.65,26,9,suv,manual,any,coupe,manual,gasoline,4,2021,734.28,7.97,0,3.67,830,50.64
379.91,3,1,van,automatic,any,sedan,automatic,gasoline,5,2026,386.33,8.43,0,4.41,476,71.76
524.67,3,2,sedan,any,gasoline,sedan,automatic,gasoline,5,2018,402.55,5.83,0,3.92,699,78.01
658.26,3,4,any,automatic,gasoline,suv,automatic,electric,6,2025,570.94,0,329,4.13,1053,83.29
205.85,5,2,suv,manual,gasoline,hatchback,automatic,gasoline,5,2024,250.02,8.83,0,4.0,588,60.97
420.77,18,2,any,manual,any,sedan,manual,hybrid,5,2024,289.27,3.41,0,4.15,683,95.29
506.52,3,4,hatchback,manual,diesel,coupe,automatic,gasoline,2,2016,489.58,6.1,0,4.37,674,39.4
634.26,2,3,suv,manual,any,suv,automatic,gasoline,5,2025,745.55,9.04,0,5,878,72.22
615.59,1,2,any,any,any,van,manual,hybrid,9,2022,549.19,4.14,0,3.88,692,89.72
482.73,9,3,any,manual,gasoline,suv,manual,diesel,7,2022,352.37,6.85,0,4.12,794,79.22
442.82,3,5,sedan,automatic,any,van,automatic,gasoline,7,2023,477.94,7.34,0,4.29,213,72.46
587.47,4,2,sedan,automatic,gasoline,suv,automatic,gasoline,7,2024,471.54,9.6,0,3.8,789,75.23
836.97,17,1,coupe,manual,any,suv,manual,gasoline,5,2025,644.42,6.3,0,4.05,587,77.94
414.54,3,1,sedan,automatic,electric,sedan,manual,hybrid,5,2022,459.86,4.19,0,3.82,359,68.14
349.92,1,4,sedan,manual,any,sedan,automatic,gasoline,5,2017,386.98,7.3,0,4.28,480,65.18
340.11,29,3,hatchback,automatic,electric,hatchback,manual,diesel,5,2016,254.53,6.23,0,3.67,544,64.5
1262.07,2,2,sedan,automatic,any,coupe,automatic,electric,2,2025,1139.63,0,300,4.08,359,81.05
276.55,1,3,any,manual,diesel,hatchback,automatic,electric,5,2026,243.12,0,251,3.71,521,76.51
738.47,23,4,hatchback,any,hybrid,van,automatic,gasoline,8,2022,804.82,8.04,0,4.87,538,63.07
759.92,19,2,suv,automatic,diesel,van,automatic,gasoline,8,2020,598.04,6.7,0,4.05,353,65.68
583.63,1,7,hatchback,any,any,suv,automatic,gasoline,6,2024,482.89,7.41,0,4.59,447,61.88
294.36,2,1,suv,manual,gasoline,hatchback,automatic,gasoline,5,2024,344.43,7.61,0,4.68,852,64.34
150,3,7,suv,automatic,electric,hatchback,manual,diesel,5,2017,154.92,6.15,0,4.0,818,39.28
363.89,1,7,hatchback,automatic,any,sedan,manual,gasoline,5,2023,363.31,6.81,0,4.0,805,50.77
155.55,2,2,hatchback,automatic,any,hatchback,automatic,gasoline,5,2019,175.47,8.17,0,4.04,55,69.88
282.28,7,6,any,automatic,any,sedan,automatic,electric,5,2016,295.73,0,436,3.27,473,68.21
325.66,2,4,van,automatic,gasoline,hatchback,manual,hybrid,5,2023,280.88,6.15,0,4.46,813,60.2
500.33,25,1,van,automatic,hybrid,hatchback,automatic,gasoline,5,2026,327.22,9.3,0,4.64,259,66.59
438.36,3,3,sedan,automatic,any,sedan,manual,hybrid,5,2025,490.67,6.13,0,3.44,619,78.72
425.8,3,5,suv,manual,any,suv,automatic,diesel,6,2021,488.24,4.58,0,4.24,257,74.6
651.64,4,2,suv,automatic,gasoline,coupe,automatic,gasoline,2,2026,807.55,9.6,0,4.23,704,67.95
250.15,8,3,van,automatic,any,hatchback,manual,electric,5,2022,208.79,0,310,4.2,545,69.87
740.87,1,5,coupe,manual,diesel,van,automatic,gasoline,8,2025,632.75,9.7,0,4.55,258,58.68
805.95,5,6,suv,automatic,any,suv,manual,diesel,6,2025,747.15,5.83,0,4.37,259,85.56
819.31,5,4,sedan,automatic,any,truck,automatic,hybrid,4,2025,677.04,4.41,0,3.98,150,85.69
200.29,1,1,any,automatic,any,hatchback,automatic,diesel,5,2026,178.15,5.72,0,4.17,967,89.3
353.93,19,2,any,automatic,diesel,sedan,automatic,gasoline,5,2024,288.46,8.63,0,3.83,364,71.25
558.05,1,1,coupe,manual,gasoline,sedan,automatic,diesel,5,2025,426.54,5.12,0,4.34,184,68.98
341.86,3,3,hatchback,automatic,any,sedan,automatic,hybrid,5,2022,312.35,5.96,0,4.26,542,71.98
324.95,7,2,any,any,gasoline,sedan,automatic,diesel,5,2026,308.78,6.74,0,4.3,747,77.3
329.59,2,2,any,automatic,any,hatchback,automatic,diesel,5,2022,260.93,6.33,0,5,868,84.91
529.51,2,2,any,any,gasoline,suv,automatic,electric,5,2017,499.09,0,487,3.89,877,75.98
334.36,3,4,sedan,manual,any,hatchback,automatic,hybrid,5,2015,237.51,4.27,0,4.95,488,66.99
420.35,3,7,hatchback,manual,gasoline,sedan,manual,electric,5,2021,336.02,0,271,4.41,361,50.12
399.65,6,3,sedan,any,any,sedan,manual,electric,5,2023,376.43,0,296,4.01,296,86.08
683.16,5,3,any,manual,electric,van,automatic,gasoline,8,2023,640.16,9.75,0,3.9,817,64.0
381.0,9,8,hatchback,any,gasoline,suv,manual,hybrid,6,2026,408.9,5.66,0,4.48,193,53.41
191.29,1,1,any,any,gasoline,hatchback,automatic,hybrid,5,2019,265.09,4.34,0,3.16,263,64.68
311.74,3,4,any,any,any,hatchback,automatic,electric,5,2025,360.09,0,301,4.03,521,89.83
236.96,1,1,sedan,automatic,any,sedan,manual,diesel,5,2021,251.21,6.89,0,4.52,643,72.56
449.24,2,4,sedan,automatic,any,suv,automatic,diesel,5,2022,411.09,4.86,0,4.58,506,80.28
624.98,7,6,hatchback,manual,gasoline,suv,manual,gasoline,5,2025,557.01,5.54,0,5,294,69.33
393.65,2,4,sedan,any,any,sedan,manual,gasoline,5,2024,446.09,9.52,0,4.08,93,76.66
501.38,1,6,sedan,manual,any,sedan,automatic,gasoline,5,2023,524.94,7.03,0,4.19,187,63.05
534.67,4,2,sedan,automatic,gasoline,suv,manual,gasoline,5,2025,472.04,8.18,0,4.09,303,65.58
272.71,5,4,any,automatic,any,sedan,automatic,gasoline,5,2025,333.07,7.72,0,3.76,592,81.13
213.51,3,3,any,automatic,gasoline,hatchback,manual,gasoline,5,2018,291.54,6.52,0,4.19,388,64.34
834.79,6,2,suv,manual,hybrid,van,automatic,hybrid,7,2020,691.96,3.8,0,4.3,132,66.61
455.37,12,2,any,automatic,diesel,sedan,automatic,hybrid,5,2018,300.82,3.77,0,3.82,199,73.65
372.81,2,1,suv,manual,any,hatchback,manual,hybrid,5,2019,278.48,3.47,0,4.14,841,74.97
413.68,4,3,van,any,any,sedan,automatic,gasoline,5,2021,373.95,9.59,0,3.94,256,70.66
150,5,1,sedan,any,any,sedan,automatic,diesel,5,2020,217.63,4.98,0,4.24,736,70.83
495.95,14,3,sedan,manual,diesel,suv,manual,electric,5,2022,433.66,0,285,4.18,1111,66.04
411.83,1,1,coupe,any,any,suv,automatic,gasoline,5,2020,287.25,9.02,0,4.24,335,64.34
411.73,14,1,any,automatic,any,hatchback,manual,diesel,5,2026,301.47,5.75,0,3.85,146,82.18
287.8,4,7,coupe,automatic,any,suv,automatic,gasoline,6,2023,341.33,8.65,0,4.8,228,51.65
259.09,1,1,suv,any,gasoline,hatchback,automatic,gasoline,5,2026,254.98,6.44,0,4.3,903,80.29
554.4,1,7,any,any,electric,sedan,manual,diesel,5,2023,480.72,5.51,0,4.37,679,62.89
409.72,6,1,sedan,manual,diesel,sedan,manual,electric,5,2025,341.57,0,319,3.45,912,79.57
520.69,2,9,any,automatic,diesel,sedan,automatic,diesel,5,2023,480.76,5.63,0,4.41,489,74.85
782.43,3,2,hatchback,any,gasoline,suv,automatic,electric,6,2021,629.44,0,356,4.22,651,67.04
347.72,2,1,hatchback,automatic,electric,hatchback,automatic,gasoline,5,2021,289.61,7.45,0,4.24,878,75.12
242.29,21,1,hatchback,manual,hybrid,hatchback,automatic,hybrid,5,2019,220.42,4.91,0,4.31,336,79.95
231.22,2,1,any,automatic,electric,sedan,automatic,diesel,5,2022,238.93,7.39,0,3.91,456,70.09
458.03,2,7,sedan,automatic,hybrid,hatchback,automatic,diesel,5,2025,344.93,5.88,0,3.79,625,58.83
914.72,2,2,hatchback,automatic,gasoline,van,manual,gasoline,9,2023,867.4,8.16,0,3.73,151,61.85
797.9,4,2,any,automatic,any,coupe,automatic,gasoline,4,2021,918.55,8.55,0,4.31,803,78.81
892.7,1,2,any,any,hybrid,truck,manual,hybrid,2,2023,883.7,5.88,0,4.44,178,87.61
313.82,30,3,sedan,automatic,any,sedan,manual,gasoline,5,2022,274.51,7.29,0,4.09,220,78.26
259.63,11,1,any,any,electric,hatchback,manual,gasoline,5,2023,220.09,8.88,0,4.17,97,71.8
573.73,6,3,sedan,automatic,gasoline,van,manual,gasoline,8,2024,462.57,7.02,0,3.6,114,71.07
186.97,6,8,hatchback,automatic,gasoline,hatchback,automatic,gasoline,5,2024,198.6,9.15,0,4.18,308,66.27
277.31,1,3,suv,automatic,gasoline,suv,manual,gasoline,6,2022,292.01,9.7,0,5,562,74.05
794.01,1,3,sedan,any,any,van,manual,diesel,7,2020,671.4,6.5,0,4.2,328,74.85
560.07,5,3,any,manual,any,truck,automatic,diesel,4,2026,432.79,5.36,0,4.03,390,87.19
549.17,1,3,any,automatic,gasoline,coupe,automatic,hybrid,2,2025,632.25,3.57,0,4.06,393,64.01
390.26,27,1,sedan,automatic,hybrid,van,automatic,gasoline,7,2019,429.56,9.76,0,3.6,383,51.94
496.06,2,1,any,manual,diesel,truck,automatic,gasoline,5,2020,522.34,8.73,0,3.67,555,61.83
241.49,2,3,van,automatic,diesel,hatchback,automatic,hybrid,5,2019,333.93,3.75,0,4.08,704,59.73
504.8,14,1,hatchback,automatic,any,van,manual,hybrid,9,2018,444.55,4.96,0,4.24,563,63.18
151.06,22,3,sedan,automatic,gasoline,hatchback,automatic,gasoline,5,2021,213.11,7.37,0,4.01,76,60.0
409.25,1,1,hatchback,automatic,any,sedan,manual,gasoline,5,2023,390.26,7.56,0,3.62,320,68.43
491.75,23,3,any,automatic,gasoline,suv,manual,hybrid,5,2020,508.31,5.68,0,4.04,288,70.32
572.6,2,6,any,manual,diesel,truck,automatic,gasoline,5,2023,572.69,9.31,0,4.5,596,51.63
860.18,4,2,suv,manual,electric,truck,manual,gasoline,4,2019,651.5,8.6,0,4.11,672,60.27
602.89,6,4,hatchback,any,electric,van,automatic,gasoline,9,2022,457.5,6.2,0,4.21,467,64.66
493.99,2,2,any,manual,any,truck,automatic,diesel,5,2025,592.94,5.49,0,3.96,227,81.9
749.76,1,7,sedan,any,any,suv,automatic,gasoline,6,2023,581.81,7.39,0,4.87,489,61.24
635.02,1,2,any,automatic,gasoline,suv,automatic,gasoline,6,2021,580.6,8.43,0,3.86,362,78.89
190.25,6,2,coupe,automatic,gasoline,hatchback,automatic,gasoline,5,2024,166.83,7.08,0,4.41,184,77.68
344.46,7,1,sedan,any,diesel,hatchback,automatic,gasoline,5,2022,313.88,9.46,0,3.34,514,62.24
181.6,1,1,any,automatic,any,hatchback,automatic,gasoline,5,2020,163.73,9.0,0,5,109,76.59
327.95,1,3,suv,automatic,diesel,suv,manual,diesel,7,2023,368.69,7.14,0,4.15,44,72.3
193.53,6,4,suv,automatic,any,hatchback,automatic,gasoline,5,2025,248.36,8.41,0,4.79,94,66.33
161.5,4,3,sedan,any,any,hatchback,manual,gasoline,5,2020,181.94,9.71,0,5,784,67.76
799.81,1,1,sedan,manual,any,coupe,automatic,diesel,4,2018,663.5,6.14,0,3.9,336,59.25
381.22,5,3,suv,manual,diesel,hatchback,manual,diesel,5,2024,291.94,4.42,0,2.93,452,82.87
374.79,28,1,suv,any,diesel,hatchback,automatic,gasoline,5,2024,267.27,8.53,0,4.9,790,66.23
585.96,19,1,sedan,automatic,electric,suv,automatic,gasoline,7,2023,454.89,7.04,0,3.93,251,66.51
796.7,9,4,any,automatic,electric,coupe,automatic,gasoline,2,2025,767.22,8.43,0,3.98,215,64.27
258.0,2,1,suv,automatic,any,hatchback,automatic,gasoline,5,2020,198.0,9.44,0,4.52,60,67.98
769.9,5,5,van,automatic,any,suv,automatic,gasoline,6,2018,561.81,7.46,0,4.44,370,69.45
720.16,2,2,truck,any,diesel,sedan,automatic,electric,5,2023,561.22,0,421,5,271,75.89
579.64,22,1,sedan,automatic,any,suv,manual,electric,6,2025,453.13,0,312,4.23,889,75.41
791.84,3,3,any,automatic,gasoline,suv,automatic,hybrid,7,2025,596.21,3.92,0,4.11,249,89.83
863.07,1,4,suv,automatic,gasoline,coupe,manual,gasoline,3,2017,867.24,6.35,0,4.8,346,47.79
229.24,17,3,sedan,automatic,gasoline,sedan,manual,diesel,5,2025,359.92,6.86,0,4.01,356,57.93
399.47,9,4,truck,automatic,any,suv,manual,electric,6,2022,406.82,0,236,3.99,787,63.99
1557.72,8,1,sedan,any,electric,coupe,automatic,hybrid,3,2026,1097.83,5.7,0,3.71,926,73.67
1024.94,2,4,sedan,manual,hybrid,van,manual,diesel,7,2023,888.99,6.55,0,4.75,313,68.63
443.33,2,3,any,manual,electric,hatchback,automatic,hybrid,5,2025,431.9,3.98,0,4.27,609,82.35
318.55,2,4,suv,manual,any,sedan,manual,diesel,5,2024,243.78,5.61,0,4.76,470,79.29
279.28,3,1,sedan,any,gasoline,hatchback,automatic,gasoline,5,2023,185.37,8.32,0,3.43,573,68.05
230.1,6,2,sedan,automatic,electric,hatchback,manual,gasoline,5,2022,307.26,9.43,0,3.78,944,45.57
403.21,5,2,sedan,any,electric,sedan,manual,gasoline,5,2026,311.74,8.1,0,4.09,357,76.4
597.4,19,2,suv,manual,diesel,sedan,automatic,diesel,5,2025,492.81,6.07,0,3.92,536,74.45
549.05,5,1,hatchback,any,gasoline,coupe,automatic,diesel,2,2025,711.6,4.93,0,4.21,154,69.82
246.18,5,2,van,any,diesel,sedan,automatic,electric,5,2020,293.08,0,461,3.64,976,59.98
959.81,19,1,suv,automatic,any,van,automatic,gasoline,7,2025,896.36,8.77,0,3.55,328,69.9
396.61,6,9,any,automatic,any,hatchback,manual,diesel,5,2021,334.71,4.43,0,4.33,530,67.57
933.17,18,3,any,any,any,van,manual,hybrid,9,2022,831.02,4.48,0,4.22,494,87.91
474.1,4,2,truck,automatic,any,sedan,automatic,gasoline,5,2024,517.62,8.1,0,4.46,427,71.46
744.51,13,7,sedan,any,any,van,automatic,electric,7,2024,588.21,0,349,3.61,152,76.97
299.28,2,2,suv,manual,gasoline,hatchback,manual,hybrid,5,2020,366.92,3.96,0,3.75,578,63.62
886.08,2,4,sedan,any,any,suv,automatic,electric,6,2020,740.85,0,292,3.78,168,72.98
384.12,1,1,any,manual,diesel,sedan,automatic,diesel,5,2024,265.56,5.89,0,4.41,325,84.38
292.61,3,3,suv,any,diesel,sedan,automatic,gasoline,5,2022,290.15,6.74,0,3.57,770,62.26
525.35,2,3,any,manual,hybrid,sedan,manual,diesel,5,2026,383.89,5.55,0,4.2,322,85.81
1514.72,4,1,sedan,manual,hybrid,coupe,automatic,electric,4,2026,1183.71,0,313,4.85,529,65.51
239.66,1,9,any,any,electric,hatchback,automatic,electric,5,2024,253.05,0,183,4.59,328,72.01
929.64,2,1,suv,any,hybrid,van,automatic,hybrid,7,2023,705.6,3.98,0,3.9,464,80.44
150,28,2,any,any,diesel,hatchback,automatic,diesel,5,2025,230.2,6.43,0,3.61,1060,76.27
243.09,7,1,any,automatic,electric,hatchback,automatic,diesel,5,2026,247.86,4.78,0,4.66,405,82.56
328.69,2,1,any,automatic,any,sedan,automatic,gasoline,5,2025,286.61,6.17,0,4.44,294,90.55
594.13,1,4,any,automatic,hybrid,suv,automatic,hybrid,6,2023,762.72,5.2,0,4.22,809,85.22
478.25,2,5,suv,automatic,hybrid,suv,manual,hybrid,5,2026,384.28,4.26,0,4.2,171,88.08
255.11,3,3,coupe,any,gasoline,sedan,automatic,gasoline,5,2021,248.88,8.92,0,4.09,713,70.07
463.35,3,3,any,automatic,gasoline,sedan,automatic,gasoline,5,2025,470.88,7.89,0,4.32,988,87.73
270.31,10,3,any,manual,any,sedan,manual,diesel,5,2022,223.86,4.99,0,4.66,586,90.21
434.98,1,4,suv,manual,gasoline,truck,manual,gasoline,5,2020,426.18,9.42,0,4.12,702,64.77
471.03,2,2,sedan,any,diesel,sedan,automatic,gasoline,5,2026,449.74,9.3,0,3.83,586,76.43
341.19,4,1,sedan,automatic,diesel,sedan,automatic,gasoline,5,2020,310.87,6.81,0,3.88,167,74.56
319.17,3,2,any,any,gasoline,hatchback,manual,gasoline,5,2023,283.93,8.84,0,4.39,179,84.93
415.81,1,1,any,automatic,diesel,sedan,automatic,hybrid,5,2026,442.42,5.59,0,3.9,128,77.59
292.69,13,2,van,any,any,sedan,manual,hybrid,5,2022,271.97,5.99,0,4.16,373,74.94
295.59,2,2,truck,any,electric,sedan,manual,gasoline,5,2025,399.43,6.12,0,4.17,160,60.86
205.33,1,2,any,automatic,any,hatchback,automatic,gasoline,5,2023,230.09,7.8,0,4.66,209,79.54
825.91,1,4,sedan,manual,diesel,suv,automatic,diesel,6,2022,700.56,4.31,0,4.22,375,68.46
261.44,3,4,suv,automatic,gasoline,hatchback,manual,gasoline,5,2021,207.89,6.74,0,3.82,740,65.43
292.79,15,2,suv,any,diesel,suv,automatic,gasoline,6,2023,374.31,5.76,0,3.81,343,74.82
187.0,18,4,suv,any,diesel,hatchback,manual,gasoline,5,2024,217.71,6.62,0,4.55,226,64.15
418.26,3,2,van,manual,gasoline,sedan,automatic,hybrid,5,2026,422.21,4.14,0,4.09,490,67.33
281.22,4,1,any,automatic,gasoline,suv,automatic,diesel,5,2024,365.35,4.84,0,3.93,235,75.46
150,6,2,sedan,any,electric,sedan,manual,gasoline,5,2018,196.28,5.9,0,4.37,464,62.8
245.06,7,4,suv,automatic,any,hatchback,automatic,gasoline,5,2022,300.33,6.19,0,4.48,633,70.28
338.78,17,1,suv,manual,any,sedan,automatic,electric,5,2026,422.05,0,274,3.8,1055,65.44
513.59,2,3,suv,automatic,gasoline,suv,automatic,electric,5,2021,540.08,0,397,4.37,366,80.44
428.98,30,2,van,automatic,any,suv,manual,gasoline,6,2024,298.18,7.17,0,4.39,218,71.52
648.45,2,2,coupe,manual,diesel,suv,automatic,gasoline,7,2022,636.24,9.54,0,4.3,137,55.33
475.99,1,1,hatchback,automatic,any,suv,automatic,diesel,7,2015,340.9,5.63,0,3.5,748,69.0
252.5,2,4,hatchback,automatic,gasoline,sedan,automatic,diesel,5,2018,266.67,4.44,0,4.48,402,64.78
399.74,17,3,suv,any,any,sedan,automatic,gasoline,5,2019,335.33,6.85,0,3.87,208,72.04
150,3,1,hatchback,automatic,gasoline,hatchback,automatic,diesel,5,2016,223.08,7.13,0,3.49,154,59.19
205.25,10,7,coupe,manual,hybrid,hatchback,manual,gasoline,5,2021,214.67,5.73,0,3.91,182,50.82
204.11,15,2,van,manual,gasoline,sedan,automatic,gasoline,5,2017,197.88,5.56,0,3.88,574,65.08
389.68,2,2,hatchback,automatic,diesel,suv,automatic,diesel,7,2024,413.68,7.28,0,4.41,234,76.8
481.26,1,3,suv,manual,hybrid,suv,automatic,diesel,5,2021,417.87,6.64,0,4.72,641,70.84
445.35,2,2,any,automatic,hybrid,sedan,automatic,electric,5,2020,356.71,0,245,4.7,843,74.94
353.22,1,2,suv,automatic,hybrid,hatchback,automatic,diesel,5,2020,308.75,5.11,0,3.84,327,63.6
626.46,24,2,any,manual,gasoline,suv,automatic,gasoline,5,2021,475.37,9.14,0,3.43,549,67.61
435.17,5,1,any,automatic,any,sedan,automatic,gasoline,5,2025,334.87,5.81,0,4.31,128,91.43
302.02,5,1,van,any,any,suv,automatic,gasoline,6,2024,336.86,6.8,0,3.82,196,76.96
176.81,1,5,hatchback,any,electric,hatchback,manual,gasoline,5,2020,176.89,5.55,0,3.43,252,78.16
306.25,3,2,suv,automatic,gasoline,sedan,automatic,gasoline,5,2017,253.3,8.81,0,4.49,502,67.17
295.18,1,2,any,automatic,gasoline,hatchback,manual,gasoline,5,2026,351.64,6.92,0,4.2,919,76.6
287.69,1,1,van,automatic,electric,sedan,automatic,gasoline,5,2018,326.95,6.09,0,3.98,430,57.81
598.25,2,2,hatchback,any,any,sedan,automatic,gasoline,5,2026,504.58,6.14,0,3.62,407,76.4
892.92,1,1,suv,any,any,van,automatic,hybrid,9,2023,921.59,4.01,0,4.17,447,79.19
423.62,11,2,any,manual,gasoline,sedan,manual,hybrid,5,2024,400.19,4.71,0,4.2,877,82.58
215.08,2,3,any,automatic,gasoline,hatchback,automatic,diesel,5,2023,207.84,4.82,0,4.0,401,82.85
436.37,23,7,truck,any,gasoline,sedan,automatic,hybrid,5,2025,402.22,3.66,0,3.8,779,62.42
351.17,18,4,any,automatic,gasoline,hatchback,automatic,diesel,5,2025,347.81,4.72,0,4.26,95,80.97
599.98,8,1,any,manual,any,sedan,manual,electric,5,2025,479.97,0,451,4.47,261,93.14
796.54,1,2,sedan,any,gasoline,truck,automatic,gasoline,3,2023,824.75,7.18,0,4.18,683,72.1
374.53,2,1,suv,automatic,any,sedan,manual,gasoline,5,2016,314.54,8.39,0,4.81,627,56.98
434.31,1,1,hatchback,automatic,any,van,automatic,gasoline,7,2017,447.14,7.04,0,4.39,207,67.87
700.16,6,1,sedan,automatic,hybrid,sedan,automatic,electric,5,2022,560.66,0,319,3.88,190,76.73
356.16,2,3,any,automatic,gasoline,hatchback,automatic,electric,5,2023,419.63,0,298,4.75,33,70.79
150,1,2,any,automatic,hybrid,hatchback,automatic,gasoline,5,2022,159.71,6.75,0,4.06,517,74.87
252.95,3,2,sedan,automatic,hybrid,hatchback,manual,diesel,5,2023,218.2,5.95,0,4.1,575,59.3
296.24,1,2,sedan,any,any,sedan,manual,hybrid,5,2019,285.39,5.9,0,4.41,541,78.59
365.11,1,1,sedan,manual,hybrid,hatchback,automatic,gasoline,5,2025,324.26,5.87,0,4.37,178,64.04
730.04,2,1,any,any,hybrid,coupe,automatic,gasoline,4,2019,641.21,8.99,0,4.21,717,68.91
258.94,1,5,suv,any,gasoline,sedan,automatic,diesel,5,2016,205.95,5.0,0,4.71,1076,62.59
516.36,15,1,hatchback,any,any,suv,automatic,diesel,6,2024,358.07,6.59,0,3.65,565,77.7
296.61,16,4,sedan,any,gasoline,hatchback,automatic,hybrid,5,2017,327.62,4.65,0,4.79,884,63.88
611.82,2,2,any,automatic,gasoline,sedan,manual,electric,5,2023,496.57,0,328,4.73,189,72.19
898.68,2,1,hatchback,any,gasoline,suv,manual,gasoline,7,2026,724.69,9.38,0,4.19,950,71.84
967.86,5,4,sedan,automatic,any,truck,manual,hybrid,3,2023,914.15,5.6,0,4.59,76,55.39
324.91,3,2,any,automatic,hybrid,sedan,manual,gasoline,5,2026,337.29,7.48,0,4.39,391,72.67
250.65,3,1,suv,automatic,hybrid,sedan,manual,diesel,5,2022,235.92,7.0,0,3.83,464,59.38
1172.09,1,6,suv,automatic,any,van,manual,electric,7,2024,841.37,0,356,4.6,195,70.85
462.64,6,4,truck,automatic,electric,sedan,automatic,diesel,5,2015,389.85,6.81,0,4.02,711,60.38
511.26,3,3,any,automatic,diesel,hatchback,automatic,gasoline,5,2023,345.27,7.42,0,4.42,652,76.88
346.51,18,1,suv,any,gasoline,sedan,manual,gasoline,5,2015,341.43,7.98,0,4.22,113,67.86
499.65,2,5,van,automatic,gasoline,hatchback,automatic,gasoline,5,2026,344.94,6.33,0,4.19,328,83.15
933.31,23,6,hatchback,any,gasoline,van,manual,gasoline,8,2019,765.43,5.9,0,4.52,761,71.73
342.41,1,1,sedan,manual,hybrid,sedan,automatic,gasoline,5,2019,262.42,6.13,0,3.83,140,64.05
352.61,25,6,van,any,any,sedan,automatic,diesel,5,2025,233.99,7.31,0,4.21,474,65.15
638.93,3,3,any,automatic,diesel,van,automatic,gasoline,9,2021,482.54,7.8,0,3.79,421,72.37
251.68,1,2,any,automatic,gasoline,sedan,manual,gasoline,5,2026,253.31,7.32,0,4.04,274,80.85
305.46,24,5,any,automatic,gasoline,hatchback,automatic,diesel,5,2023,266.7,4.49,0,4.38,641,79.0
655.04,1,3,any,any,hybrid,truck,automatic,gasoline,3,2019,680.89,8.71,0,3.46,487,64.19
303.99,1,1,truck,manual,diesel,hatchback,manual,electric,5,2021,354.15,0,255,4.86,516,60.99
221.9,2,1,sedan,automatic,gasoline,hatchback,automatic,gasoline,5,2017,205.11,6.77,0,3.76,333,71.05
150,4,4,any,manual,gasoline,hatchback,automatic,gasoline,5,2018,150,6.79,0,3.81,816,70.82
535.15,2,4,suv,manual,any,sedan,manual,hybrid,5,2024,446.17,5.91,0,4.03,142,76.46
506.05,2,1,sedan,any,diesel,suv,automatic,diesel,5,2018,421.74,6.28,0,4.17,719,71.06
395.31,18,3,suv,manual,diesel,hatchback,automatic,gasoline,5,2022,377.88,8.02,0,4.39,608,55.73
251.39,5,5,van,automatic,diesel,sedan,automatic,gasoline,5,2025,248.54,5.8,0,4.71,396,69.76
178.16,2,6,hatchback,manual,gasoline,sedan,automatic,diesel,5,2025,282.93,5.33,0,4.21,435,38.28
345.61,1,1,any,automatic,any,sedan,manual,gasoline,5,2025,432.54,5.6,0,4.45,565,80.68
646.02,2,3,suv,any,gasoline,suv,automatic,diesel,7,2025,516.03,6.39,0,4.34,620,80.53
743.84,24,2,hatchback,automatic,gasoline,van,automatic,gasoline,9,2024,643.15,9.6,0,4.77,113,69.94
317.24,1,2,suv,manual,gasoline,hatchback,manual,gasoline,5,2025,284.28,9.45,0,3.84,326,76.12
619.12,15,1,any,any,hybrid,truck,automatic,diesel,3,2023,452.81,4.44,0,4.11,400,82.05
360.72,16,7,sedan,any,any,suv,manual,diesel,7,2023,344.83,7.06,0,4.28,577,78.72
229.43,3,2,sedan,automatic,gasoline,hatchback,manual,diesel,5,2023,228.55,6.77,0,3.59,276,57.86
260.59,6,3,suv,automatic,hybrid,sedan,automatic,gasoline,5,2021,263.39,8.66,0,4.13,489,60.57
1030.28,28,2,sedan,any,hybrid,coupe,automatic,electric,4,2022,852.92,0,350,4.08,738,70.55
425.8,3,1,sedan,any,hybrid,sedan,manual,gasoline,5,2024,355.83,5.73,0,4.85,865,79.95
876.02,20,1,coupe,manual,any,coupe,manual,gasoline,4,2021,952.7,8.43,0,4.54,471,77.16
1171.12,3,1,suv,automatic,gasoline,coupe,manual,gasoline,4,2023,862.31,9.05,0,4.73,476,65.94
269.02,14,4,any,automatic,gasoline,sedan,automatic,diesel,5,2024,221.33,7.33,0,3.39,660,79.33
481.78,2,4,any,any,electric,truck,manual,diesel,3,2021,510.87,6.56,0,4.06,335,60.36
1084.93,3,2,suv,any,gasoline,coupe,automatic,gasoline,4,2025,1050.2,9.45,0,3.84,1043,70.75
216.28,2,2,sedan,any,any,hatchback,automatic,gasoline,5,2026,277.01,9.67,0,4.32,304,69.91
411.32,2,3,van,automatic,any,suv,automatic,gasoline,7,2022,394.23,6.67,0,5,372,72.81
1123.06,4,4,any,any,any,truck,manual,electric,2,2025,1021.58,0,271,3.6,86,74.31
163.31,1,2,any,manual,diesel,hatchback,manual,gasoline,5,2022,222.53,5.57,0,4.22,208,68.03
344.97,1,2,hatchback,automatic,diesel,hatchback,manual,diesel,5,2026,275.76,6.7,0,4.63,178,81.55
501.72,1,2,any,any,any,coupe,automatic,gasoline,2,2023,406.53,9.77,0,3.88,503,84.37
378.45,21,2,hatchback,automatic,any,hatchback,automatic,hybrid,5,2025,396.25,4.81,0,4.45,737,93.62
234.81,7,1,suv,automatic,any,hatchback,automatic,gasoline,5,2017,224.44,7.73,0,4.25,736,65.76
224.89,10,1,any,automatic,gasoline,sedan,manual,gasoline,5,2024,260.95,8.91,0,4.11,30,71.5
150,24,1,coupe,automatic,any,hatchback,manual,gasoline,5,2015,150,8.63,0,4.38,861,60.31
961.61,6,4,any,any,diesel,coupe,automatic,hybrid,3,2024,919.06,3.86,0,4.87,201,69.16
243.63,1,1,any,automatic,diesel,hatchback,automatic,gasoline,5,2026,215.16,5.96,0,4.49,214,84.69
446.95,7,2,hatchback,automatic,any,sedan,automatic,diesel,5,2020,382.56,4.7,0,4.09,775,71.49
327.37,7,2,sedan,automatic,gasoline,sedan,manual,gasoline,5,2019,385.28,9.16,0,4.41,495,66.89
356.67,1,2,coupe,automatic,diesel,sedan,automatic,gasoline,5,2016,268.01,6.97,0,4.33,554,60.51
564.47,1,4,any,any,any,suv,automatic,diesel,5,2026,590.48,5.29,0,4.18,303,88.26
276.73,1,2,any,manual,diesel,truck,automatic,diesel,2,2015,374.06,6.95,0,4.77,601,64.58
450.17,1,7,any,any,any,hatchback,automatic,gasoline,5,2026,374.61,6.58,0,4.66,583,71.79
508.26,2,1,any,manual,hybrid,sedan,automatic,gasoline,5,2024,449.94,8.39,0,4.38,376,68.4
352.44,6,1,hatchback,any,any,hatchback,automatic,gasoline,5,2016,298.23,6.65,0,4.57,595,77.07
374.15,1,6,any,automatic,gasoline,sedan,manual,gasoline,5,2025,375.45,7.36,0,4.6,341,62.66
429.88,5,4,van,automatic,gasoline,sedan,manual,electric,5,2021,541.92,0,257,4.32,220,51.4
150.5,3,2,suv,automatic,gasoline,hatchback,automatic,gasoline,5,2021,168.5,6.16,0,4.69,888,72.29
683.68,3,1,truck,automatic,hybrid,coupe,automatic,gasoline,2,2019,754.26,8.7,0,4.64,368,54.58
555.83,2,1,sedan,any,diesel,van,manual,diesel,9,2018,514.72,7.22,0,4.58,590,66.32
887.91,21,2,any,manual,hybrid,coupe,automatic,hybrid,3,2024,740.48,6.01,0,3.98,340,77.86
442.98,8,7,hatchback,any,any,hatchback,automatic,hybrid,5,2022,340.16,5.69,0,4.04,154,71.6
401.37,7,7,any,automatic,gasoline,sedan,manual,gasoline,5,2026,502.14,8.09,0,3.5,227,58.25
902.42,24,2,sedan,manual,hybrid,suv,automatic,gasoline,7,2023,655.14,6.68,0,3.24,995,60.93
253.43,1,1,any,any,gasoline,suv,manual,diesel,7,2021,304.41,4.58,0,4.23,718,72.71
277.79,25,1,coupe,automatic,hybrid,sedan,manual,gasoline,5,2023,350.26,9.27,0,4.43,726,49.2
342.93,2,4,sedan,manual,gasoline,sedan,automatic,gasoline,5,2025,306.42,5.89,0,4.15,133,83.39
704.48,3,1,hatchback,automatic,gasoline,coupe,manual,diesel,4,2021,815.14,5.49,0,4.68,176,56.91
781.29,1,4,any,any,hybrid,suv,automatic,diesel,5,2026,708.16,5.49,0,2.77,833,77.36
673.83,2,2,sedan,automatic,any,suv,automatic,hybrid,5,2025,514.51,5.19,0,3.32,291,78.5
274.61,3,3,sedan,automatic,diesel,sedan,automatic,hybrid,5,2018,246.02,5.77,0,4.49,847,74.59
234.75,8,3,sedan,automatic,any,hatchback,manual,gasoline,5,2018,253.46,7.62,0,4.4,432,57.32
641.43,15,2,suv,manual,gasoline,van,automatic,gasoline,9,2024,669.45,5.59,0,4.51,423,71.71
311.36,2,3,sedan,manual,gasoline,hatchback,automatic,diesel,5,2023,283.25,5.25,0,4.41,704,61.92
315.01,6,4,any,automatic,any,sedan,manual,hybrid,5,2023,322.63,5.0,0,3.96,84,83.11
384.2,3,5,any,any,diesel,sedan,automatic,gasoline,5,2023,427.27,7.43,0,4.59,809,75.26
618.95,3,3,suv,automatic,electric,suv,manual,diesel,6,2024,727.49,6.27,0,3.87,306,69.74
611.98,2,4,sedan,automatic,any,suv,automatic,gasoline,6,2021,651.51,9.21,0,3.29,297,64.78
434.95,2,1,sedan,automatic,diesel,hatchback,manual,gasoline,5,2024,347.88,8.04,0,4.27,362,62.21
212.42,3,3,coupe,manual,hybrid,hatchback,automatic,hybrid,5,2025,208.43,4.15,0,3.46,305,76.84
717.67,16,5,sedan,automatic,hybrid,van,automatic,gasoline,9,2019,707.52,9.7,0,4.01,163,57.66
637.59,18,5,hatchback,any,gasoline,suv,manual,gasoline,7,2026,584.12,5.92,0,4.01,1006,79.47
470.09,20,1,coupe,automatic,gasoline,sedan,automatic,gasoline,5,2024,448.81,7.03,0,4.29,235,80.18
325.01,2,3,sedan,automatic,gasoline,suv,automatic,gasoline,6,2019,252.47,9.53,0,3.9,334,61.91
394.26,3,5,suv,any,any,sedan,manual,electric,5,2026,284.11,0,259,4.12,438,80.64
239.15,1,7,hatchback,any,any,hatchback,manual,diesel,5,2024,273.12,4.65,0,3.81,616,71.05
268.37,10,2,sedan,automatic,hybrid,hatchback,automatic,gasoline,5,2022,203.68,6.06,0,4.39,306,65.02
271.76,11,2,sedan,automatic,gasoline,hatchback,automatic,diesel,5,2024,258.81,7.37,0,3.78,225,66.21
910.56,1,2,hatchback,automatic,hybrid,truck,manual,diesel,3,2021,704.25,4.31,0,4.6,502,60.98
302.46,2,2,any,automatic,any,sedan,manual,diesel,5,2022,246.2,5.25,0,4.48,287,81.77
604.81,27,2,truck,any,gasoline,sedan,automatic,electric,5,2023,529.5,0,328,4.21,298,70.72
740.44,28,3,suv,any,hybrid,van,automatic,gasoline,8,2020,540.58,9.7,0,4.76,308,58.3
345.7,1,2,any,any,any,suv,automatic,gasoline,7,2021,388.38,9.29,0,4.04,421,77.69
305.88,5,3,hatchback,manual,hybrid,hatchback,automatic,gasoline,5,2020,325.6,5.94,0,5,158,67.04
309.78,1,1,sedan,automatic,any,hatchback,automatic,gasoline,5,2023,244.17,7.17,0,5,203,74.75
412.18,2,5,sedan,automatic,any,sedan,automatic,gasoline,5,2023,397.47,9.03,0,3.63,232,76.59
359.31,8,4,any,any,electric,sedan,automatic,hybrid,5,2020,376.42,3.8,0,4.33,336,75.26
279.02,3,1,hatchback,any,diesel,sedan,automatic,diesel,5,2022,387.51,4.99,0,4.41,321,65.82
798.26,1,3,sedan,any,gasoline,suv,manual,gasoline,6,2025,710.67,6.32,0,2.78,99,79.6
768.63,1,8,sedan,any,gasoline,coupe,manual,hybrid,4,2018,585.45,4.32,0,4.59,219,51.24
678.3,2,8,any,any,any,coupe,automatic,diesel,2,2022,720.79,6.02,0,4.7,691,73.01
698.51,9,1,sedan,manual,any,van,automatic,electric,9,2019,657.29,0,250,3.82,600,61.98
465.53,4,3,any,manual,gasoline,suv,manual,electric,5,2024,418.52,0,317,4.58,234,81.64
530.16,1,3,truck,any,any,van,manual,gasoline,8,2024,609.42,7.26,0,3.48,792,73.97
193.49,13,3,sedan,automatic,any,hatchback,manual,gasoline,5,2017,168.8,5.88,0,4.37,48,59.85
542.51,1,2,truck,automatic,hybrid,sedan,automatic,diesel,5,2025,501.9,6.62,0,4.02,570,70.39
446.02,10,2,any,automatic,any,sedan,manual,hybrid,5,2024,508.05,6.01,0,4.2,92,79.39
195.07,4,1,sedan,any,gasoline,sedan,automatic,gasoline,5,2024,224.83,6.32,0,5,115,85.06
639.0,7,2,suv,manual,any,van,automatic,diesel,8,2023,514.63,5.36,0,3.5,471,68.21
224.16,6,4,suv,automatic,diesel,hatchback,automatic,gasoline,5,2023,218.15,9.48,0,4.56,508,64.25
224.18,5,4,van,any,any,hatchback,automatic,gasoline,5,2019,273.31,5.54,0,3.78,405,68.17
727.31,1,2,van,any,any,van,manual,gasoline,8,2024,837.11,8.16,0,4.77,428,83.09
633.86,8,5,coupe,automatic,electric,sedan,manual,electric,5,2018,453.96,0,320,3.94,290,61.02
885.9,6,1,sedan,any,any,van,automatic,gasoline,7,2017,711.77,9.29,0,4.85,1127,63.39
228.76,17,2,sedan,automatic,diesel,hatchback,automatic,hybrid,5,2026,204.82,4.61,0,4.45,894,73.75
637.09,17,2,suv,any,electric,suv,automatic,hybrid,6,2025,503.32,5.9,0,4.54,375,81.43
231.83,1,1,sedan,automatic,diesel,hatchback,automatic,gasoline,5,2021,281.62,8.0,0,4.83,387,57.48
356.22,13,4,suv,any,any,hatchback,automatic,diesel,5,2025,260.17,5.21,0,4.07,370,85.0
436.09,1,4,van,manual,diesel,hatchback,manual,hybrid,5,2022,348.35,5.89,0,4.15,445,70.9
309.61,5,2,hatchback,automatic,any,sedan,automatic,gasoline,5,2023,271.71,8.11,0,4.62,245,73.6
227.6,6,2,sedan,automatic,any,sedan,automatic,gasoline,5,2017,293.03,7.26,0,3.92,104,71.76
355.45,7,2,coupe,any,gasoline,sedan,manual,gasoline,5,2019,364.67,6.22,0,4.78,614,69.95
511.2,1,3,hatchback,manual,gasoline,van,automatic,gasoline,8,2024,457.97,7.74,0,3.73,353,65.58
647.68,1,1,any,automatic,electric,coupe,manual,diesel,4,2021,634.75,5.61,0,3.93,499,69.85
299.86,2,1,sedan,automatic,gasoline,hatchback,automatic,hybrid,5,2023,371.06,5.01,0,4.6,239,64.07
730.24,2,1,any,manual,diesel,van,automatic,gasoline,7,2017,707.07,7.33,0,5,624,62.67
227.93,3,3,any,automatic,diesel,hatchback,automatic,diesel,5,2020,270.33,4.75,0,3.78,189,81.34
404.6,1,5,suv,manual,electric,hatchback,automatic,gasoline,5,2024,354.89,5.56,0,4.46,643,63.81
221.84,13,1,any,automatic,gasoline,hatchback,manual,diesel,5,2022,239.02,6.9,0,4.39,361,66.13
501.33,4,4,sedan,manual,gasoline,suv,manual,diesel,5,2025,581.47,5.5,0,3.35,146,66.75
667.3,1,3,truck,automatic,any,suv,automatic,electric,7,2019,797.56,0,328,4.53,712,70.1
543.02,1,2,sedan,automatic,hybrid,sedan,automatic,gasoline,5,2022,437.09,8.95,0,4.33,562,75.03
285.52,1,2,van,manual,hybrid,sedan,automatic,gasoline,5,2020,388.22,8.05,0,4.24,1048,46.72
521.83,6,6,hatchback,manual,diesel,sedan,automatic,hybrid,5,2024,471.6,3.73,0,3.83,344,49.6
341.9,3,3,any,manual,gasoline,hatchback,automatic,diesel,5,2025,313.88,6.15,0,4.12,140,72.18
432.89,2,2,van,any,gasoline,sedan,automatic,hybrid,5,2020,463.5,5.22,0,3.82,1018,64.2
596.71,8,1,hatchback,automatic,any,suv,automatic,gasoline,7,2022,662.46,9.48,0,5,82,67.15
354.92,1,1,any,any,hybrid,hatchback,manual,electric,5,2024,352.42,0,463,4.13,673,82.97
292.29,1,4,any,manual,hybrid,sedan,automatic,diesel,5,2024,330.33,5.75,0,4.69,205,69.11
436.04,5,6,truck,manual,any,hatchback,automatic,hybrid,5,2024,329.31,4.7,0,4.51,865,59.99
220.23,4,2,suv,manual,diesel,hatchback,automatic,gasoline,5,2022,247.88,5.9,0,4.36,656,55.67
511.42,1,2,hatchback,any,any,coupe,automatic,gasoline,3,2025,590.91,5.64,0,4.6,175,79.09
441.16,6,1,suv,any,hybrid,sedan,manual,gasoline,5,2024,440.46,8.67,0,4.61,509,63.66
476.49,2,8,any,any,gasoline,suv,automatic,gasoline,6,2022,329.7,6.25,0,3.66,800,70.51
642.8,1,1,hatchback,any,diesel,sedan,automatic,diesel,5,2023,482.2,4.84,0,4.11,176,78.52
694.96,29,1,any,any,gasoline,suv,automatic,electric,5,2015,667.27,0,456,4.11,839,78.01
298.87,25,3,any,automatic,gasoline,hatchback,automatic,diesel,5,2025,320.1,5.91,0,5,386,84.62
499.74,7,4,hatchback,any,electric,sedan,automatic,electric,5,2023,441.39,0,320,4.41,827,75.3
495.33,4,2,suv,automatic,electric,hatchback,automatic,electric,5,2024,411.88,0,367,3.59,701,80.47
520.0,12,2,suv,any,any,coupe,manual,gasoline,2,2023,571.19,7.55,0,3.93,381,68.92
165.91,3,3,any,manual,any,hatchback,automatic,gasoline,5,2022,157.22,9.1,0,3.96,356,70.17
339.66,6,1,van,any,gasoline,sedan,manual,hybrid,5,2026,442.95,5.8,0,4.46,379,62.8
293.74,25,1,any,automatic,electric,hatchback,manual,diesel,5,2020,280.87,5.08,0,4.81,436,73.82
150,3,1,sedan,any,hybrid,sedan,manual,gasoline,5,2018,217.2,6.16,0,4.18,281,58.46
329.53,1,1,sedan,manual,any,sedan,manual,gasoline,5,2025,298.18,5.92,0,4.2,418,86.58
555.28,9,1,sedan,any,hybrid,sedan,manual,hybrid,5,2026,463.63,3.54,0,4.0,122,94.15
217.16,2,3,hatchback,automatic,gasoline,hatchback,automatic,diesel,5,2026,173.2,5.6,0,3.98,886,86.15
393.4,17,1,suv,automatic,diesel,suv,automatic,gasoline,5,2024,384.07,7.78,0,3.95,597,76.49
568.03,3,3,suv,manual,gasoline,coupe,automatic,hybrid,3,2025,664.66,4.83,0,4.14,356,61.97
449.83,1,4,any,automatic,any,sedan,manual,gasoline,5,2026,340.39,7.17,0,4.14,88,79.98
330.54,5,3,any,automatic,gasoline,hatchback,manual,hybrid,5,2024,435.85,4.97,0,4.57,277,68.29
518.97,2,4,coupe,any,diesel,sedan,automatic,hybrid,5,2026,428.97,4.4,0,4.05,905,72.34
309.23,2,2,truck,any,gasoline,sedan,automatic,electric,5,2019,260.44,0,431,3.75,403,66.47
589.72,3,1,any,automatic,any,suv,manual,hybrid,6,2023,575.58,5.68,0,4.83,462,79.5
500.78,1,2,any,any,any,sedan,automatic,gasoline,5,2026,455.48,7.24,0,4.5,772,83.86
372.76,4,3,hatchback,any,hybrid,hatchback,automatic,hybrid,5,2022,279.46,5.55,0,4.68,979,90.38
297.11,5,7,hatchback,automatic,electric,sedan,automatic,diesel,5,2026,386.03,4.75,0,3.27,803,50.97
343.92,3,8,van,any,any,hatchback,automatic,diesel,5,2024,336.36,4.75,0,4.71,1000,68.17
365.84,1,8,suv,automatic,diesel,hatchback,manual,diesel,5,2026,306.35,6.29,0,3.99,150,59.23
544.84,3,2,truck,manual,gasoline,coupe,manual,electric,4,2020,651.29,0,357,4.28,373,63.05
665.17,1,5,any,automatic,any,van,automatic,hybrid,9,2021,746.88,6.02,0,4.19,272,77.25
188.44,1,3,truck,any,electric,hatchback,automatic,gasoline,5,2023,270.78,9.05,0,3.15,306,52.9
289.31,19,3,suv,automatic,any,hatchback,manual,hybrid,5,2025,226.71,5.6,0,4.22,557,77.36
150,3,2,hatchback,automatic,gasoline,hatchback,manual,gasoline,5,2022,186.24,8.23,0,4.58,704,70.5
412.48,1,3,any,automatic,hybrid,sedan,manual,diesel,5,2020,407.8,6.56,0,3.72,270,65.67
282.95,1,3,any,automatic,gasoline,hatchback,automatic,gasoline,5,2018,229.3,9.42,0,4.79,179,77.97
398.86,1,2,hatchback,manual,any,sedan,automatic,diesel,5,2017,282.47,4.68,0,4.56,106,65.71
611.36,1,1,sedan,automatic,diesel,suv,manual,gasoline,7,2021,620.18,6.22,0,3.36,276,56.06
577.94,1,2,suv,automatic,any,suv,manual,gasoline,7,2016,492.4,6.11,0,5,590,76.5
266.37,20,1,coupe,any,electric,hatchback,automatic,gasoline,5,2020,214.5,5.68,0,5,413,69.61
495.63,1,3,suv,manual,gasoline,hatchback,automatic,electric,5,2023,418.39,0,332,3.92,467,63.09
644.2,5,3,hatchback,automatic,gasoline,suv,manual,electric,5,2026,806.35,0,370,4.67,127,60.61
344.85,7,2,suv,manual,any,suv,manual,diesel,6,2015,286.44,6.18,0,4.1,250,81.38
313.04,1,3,suv,automatic,gasoline,sedan,automatic,diesel,5,2021,292.18,4.77,0,3.14,897,64.57
904.27,1,2,coupe,automatic,any,suv,manual,diesel,7,2024,721.81,4.4,0,3.92,758,73.3
386.46,4,2,sedan,manual,hybrid,sedan,automatic,hybrid,5,2025,250.31,6.05,0,4.42,247,79.19
304.97,1,3,suv,automatic,gasoline,sedan,automatic,diesel,5,2025,408.68,6.41,0,3.99,843,62.73
736.62,3,3,suv,automatic,hybrid,suv,automatic,hybrid,7,2024,660.06,5.02,0,4.79,527,95.57
670.44,1,2,suv,any,gasoline,sedan,automatic,gasoline,5,2025,521.71,7.86,0,4.02,167,78.16
552.5,3,1,suv,any,gasoline,van,manual,gasoline,7,2019,760.86,7.71,0,4.35,167,55.97
182.38,3,4,hatchback,manual,electric,hatchback,manual,gasoline,5,2016,201.19,6.72,0,4.21,388,68.11
233.69,1,2,any,manual,any,hatchback,manual,gasoline,5,2026,197.09,8.88,0,4.81,871,86.42
185.23,3,5,hatchback,manual,gasoline,hatchback,manual,gasoline,5,2025,230.49,6.17,0,3.81,134,83.91
393.52,1,3,coupe,any,any,suv,manual,diesel,7,2021,439.67,5.47,0,3.57,138,70.37
412.58,2,2,suv,any,any,hatchback,manual,gasoline,5,2023,342.11,8.99,0,4.01,646,71.28
326.78,4,3,any,automatic,hybrid,hatchback,automatic,gasoline,5,2018,301.08,7.84,0,4.74,839,67.44
479.87,3,2,van,manual,gasoline,suv,automatic,gasoline,7,2022,368.75,9.41,0,3.64,552,61.77
285.09,7,3,van,automatic,gasoline,hatchback,automatic,electric,5,2021,348.83,0,347,3.86,316,63.45
179.86,2,3,hatchback,automatic,hybrid,suv,automatic,gasoline,7,2019,294.45,8.5,0,4.44,234,42.18
710.14,1,4,any,automatic,gasoline,van,automatic,gasoline,8,2023,720.36,8.3,0,3.34,381,83.22
543.94,8,1,hatchback,any,gasoline,van,automatic,gasoline,7,2024,499.28,8.93,0,4.52,159,72.47
738.06,4,6,any,manual,gasoline,coupe,manual,gasoline,2,2026,856.06,8.2,0,4.17,388,66.17
407.4,1,1,hatchback,any,gasoline,van,manual,gasoline,7,2024,476.57,6.68,0,4.71,35,75.68
251.02,2,1,suv,manual,any,sedan,automatic,gasoline,5,2020,253.8,7.49,0,3.25,175,63.79
1393.01,3,3,any,automatic,diesel,coupe,automatic,electric,3,2024,1034.2,0,394,4.94,332,86.36
343.86,6,1,any,any,any,hatchback,automatic,gasoline,5,2018,241.62,8.68,0,4.33,297,71.54
497.69,6,1,any,automatic,gasoline,suv,manual,diesel,7,2021,539.18,4.91,0,4.57,173,69.95
376.48,2,5,any,automatic,gasoline,hatchback,manual,gasoline,5,2025,316.35,5.57,0,4.32,456,84.1
1160.59,12,3,sedan,manual,diesel,van,automatic,diesel,7,2026,874.06,6.6,0,4.85,125,72.79
430.97,16,1,sedan,any,any,suv,manual,diesel,5,2016,327.4,4.64,0,4.01,417,73.2
257.64,2,8,sedan,automatic,any,hatchback,automatic,gasoline,5,2024,288.7,9.13,0,3.93,184,52.73
586.31,3,3,hatchback,any,any,suv,automatic,diesel,5,2025,557.33,6.52,0,3.97,699,75.92
462.4,5,1,any,automatic,any,sedan,automatic,diesel,5,2025,497.61,5.24,0,4.33,197,93.04
590.37,2,1,coupe,automatic,any,suv,automatic,diesel,7,2023,476.33,4.51,0,4.28,542,83.22
1190.52,1,4,suv,any,electric,coupe,automatic,gasoline,4,2023,925.74,9.36,0,3.09,586,61.12
228.45,3,1,any,any,gasoline,hatchback,manual,gasoline,5,2024,228.99,6.24,0,4.04,629,89.95
253.76,11,3,hatchback,any,gasoline,hatchback,automatic,hybrid,5,2015,267.84,4.86,0,4.76,646,70.85
784.72,3,1,any,automatic,electric,van,automatic,gasoline,7,2020,749.12,6.2,0,4.23,328,76.97
465.94,3,5,any,manual,gasoline,sedan,automatic,hybrid,5,2020,401.12,3.74,0,4.24,215,68.86
283.4,1,1,van,manual,hybrid,hatchback,automatic,gasoline,5,2019,300.55,5.69,0,4.0,837,55.63
273.84,22,4,sedan,automatic,diesel,sedan,automatic,diesel,5,2026,359.94,7.13,0,4.69,402,76.76
652.47,7,3,any,automatic,any,van,manual,gasoline,9,2025,796.84,8.25,0,4.47,602,76.16
811.54,29,2,van,manual,gasoline,suv,automatic,gasoline,6,2023,698.77,6.23,0,5,558,73.56
621.31,9,4,sedan,automatic,diesel,suv,manual,gasoline,6,2024,597.86,7.69,0,4.38,184,58.0
554.4,8,8,any,any,hybrid,coupe,automatic,gasoline,2,2018,521.91,8.56,0,4.73,171,52.82
625.81,4,1,hatchback,manual,gasoline,truck,automatic,hybrid,2,2020,712.84,4.04,0,4.59,508,58.32
370.48,6,1,any,manual,gasoline,suv,automatic,gasoline,6,2021,456.58,5.99,0,4.34,51,72.14
353.81,1,4,suv,any,any,hatchback,manual,gasoline,5,2022,304.63,6.27,0,3.44,979,73.9
329.8,1,1,any,manual,hybrid,sedan,automatic,diesel,5,2015,353.7,5.47,0,3.7,778,61.56
694.95,1,2,any,manual,any,van,automatic,gasoline,8,2020,612.96,7.79,0,4.15,539,74.47
807.81,29,3,any,automatic,hybrid,van,manual,electric,9,2025,782.88,0,340,4.66,822,78.64
220.25,2,1,suv,any,any,hatchback,manual,hybrid,5,2024,266.52,5.72,0,3.2,74,74.46
596.96,3,2,suv,automatic,gasoline,suv,manual,gasoline,5,2019,573.79,8.1,0,3.62,339,68.74
443.55,24,1,hatchback,manual,diesel,hatchback,manual,diesel,5,2026,362.1,4.58,0,4.65,494,90.55
540.84,9,2,any,any,any,suv,manual,diesel,5,2021,683.51,4.96,0,3.99,199,82.19
1093.5,11,4,hatchback,automatic,hybrid,coupe,manual,gasoline,2,2016,812.63,7.89,0,3.92,776,34.27
590.47,26,1,hatchback,automatic,gasoline,suv,manual,hybrid,5,2022,652.59,4.62,0,4.67,152,62.17
775.16,4,5,suv,automatic,gasoline,suv,automatic,gasoline,6,2025,683.17,7.29,0,4.28,331,85.15
569.22,11,2,any,automatic,any,coupe,automatic,diesel,4,2018,509.5,5.54,0,4.54,266,81.15
150,24,1,any,automatic,any,hatchback,manual,diesel,5,2015,150,6.88,0,3.88,652,69.78
643.68,21,2,any,automatic,hybrid,suv,automatic,hybrid,7,2023,725.83,4.99,0,3.15,191,84.43
327.45,1,3,sedan,automatic,any,sedan,manual,diesel,5,2024,347.12,7.36,0,4.54,941,78.03
374.48,18,1,suv,any,gasoline,hatchback,manual,diesel,5,2022,337.37,4.4,0,3.63,571,70.97
268.83,22,5,sedan,automatic,gasoline,sedan,automatic,gasoline,5,2019,323.95,8.49,0,3.57,682,72.59
465.29,2,2,any,any,any,coupe,automatic,gasoline,3,2023,614.99,6.97,0,3.29,969,72.54
356.21,3,1,truck,automatic,gasoline,hatchback,automatic,gasoline,5,2018,322.54,7.14,0,4.61,1057,66.97
401.35,26,4,sedan,automatic,any,hatchback,automatic,hybrid,5,2020,312.89,5.29,0,5,810,77.01
195.07,2,1,van,automatic,diesel,hatchback,manual,electric,5,2021,288.88,0,212,3.92,150,44.16
542.25,1,5,any,automatic,electric,van,automatic,electric,9,2017,545.42,0,391,3.33,142,77.87
555.29,9,2,hatchback,automatic,diesel,van,manual,electric,7,2021,651.71,0,364,2.97,775,52.87
349.69,6,3,hatchback,automatic,diesel,sedan,manual,gasoline,5,2026,302.79,6.05,0,4.29,542,67.23
522.73,4,4,suv,automatic,electric,van,manual,diesel,9,2021,518.74,5.14,0,4.59,227,61.67
394.79,2,1,van,any,gasoline,sedan,automatic,electric,5,2024,487.48,0,318,5,474,69.19
566.84,3,1,van,any,gasoline,van,automatic,gasoline,9,2025,505.39,7.01,0,3.81,510,87.56
215.6,2,4,hatchback,any,diesel,sedan,manual,gasoline,5,2021,310.08,8.26,0,4.19,322,51.34
282.24,3,6,sedan,manual,diesel,sedan,automatic,gasoline,5,2022,417.69,9.13,0,3.91,16,35.62
258.11,25,2,suv,any,diesel,sedan,automatic,gasoline,5,2021,225.77,9.02,0,3.61,212,62.25
280.33,2,3,suv,any,hybrid,sedan,manual,gasoline,5,2025,299.13,8.57,0,5,346,63.64
1173.27,2,3,sedan,automatic,electric,coupe,automatic,electric,3,2015,882.25,0,399,4.64,420,73.31
449.8,4,3,hatchback,automatic,gasoline,sedan,manual,gasoline,5,2022,340.17,6.19,0,3.86,216,70.8
411.91,2,3,coupe,automatic,any,suv,manual,diesel,7,2019,436.07,4.72,0,4.75,170,65.25
216.3,11,1,van,any,any,hatchback,automatic,diesel,5,2026,221.4,5.44,0,4.38,453,79.64
241.28,28,5,suv,any,gasoline,sedan,automatic,gasoline,5,2023,285.78,8.25,0,4.06,424,67.16
575.55,4,1,hatchback,manual,any,sedan,automatic,hybrid,5,2021,498.33,4.69,0,4.28,327,68.72
449.97,1,2,hatchback,automatic,gasoline,suv,automatic,diesel,6,2025,502.15,5.94,0,4.35,142,70.65
429.62,2,2,any,any,gasoline,suv,manual,gasoline,6,2021,519.4,7.13,0,4.46,299,74.15
990.7,3,2,suv,automatic,hybrid,van,manual,gasoline,7,2024,846.42,7.23,0,3.62,109,62.83
150,1,1,any,automatic,gasoline,hatchback,manual,gasoline,5,2024,209.02,8.51,0,4.52,445,68.16
396.63,7,6,sedan,any,any,hatchback,automatic,hybrid,5,2026,389.5,3.72,0,4.33,332,67.82
506.81,27,7,hatchback,manual,hybrid,coupe,automatic,gasoline,4,2021,504.32,9.34,0,3.61,127,38.56
520.68,30,7,coupe,automatic,gasoline,truck,manual,diesel,3,2026,668.33,7.06,0,4.19,671,40.0
330.84,5,3,any,automatic,any,hatchback,manual,gasoline,5,2022,308.08,5.91,0,3.46,360,74.78
464.06,3,2,suv,any,gasoline,sedan,manual,gasoline,5,2026,418.05,8.24,0,3.53,158,76.48
646.97,14,1,sedan,any,gasoline,coupe,automatic,gasoline,4,2018,544.44,8.03,0,4.85,1024,64.39
574.23,4,1,sedan,any,gasoline,coupe,automatic,electric,2,2020,771.23,0,262,4.53,468,57.61
321.75,3,1,hatchback,any,gasoline,sedan,automatic,diesel,5,2024,364.01,5.84,0,3.89,362,66.34
306.92,1,2,hatchback,any,any,suv,manual,diesel,6,2021,338.71,6.42,0,4.65,242,69.17
463.6,24,2,suv,manual,gasoline,coupe,automatic,gasoline,2,2024,591.37,7.79,0,4.43,231,63.58
507.41,6,1,suv,manual,gasoline,coupe,automatic,gasoline,3,2017,412.96,9.78,0,4.69,752,58.05
353.25,2,4,any,automatic,any,sedan,manual,electric,5,2023,260.84,0,444,4.07,218,80.05
589.28,4,7,any,any,hybrid,suv,manual,gasoline,5,2021,525.27,6.81,0,4.26,644,61.87
406.28,4,1,hatchback,automatic,gasoline,sedan,automatic,diesel,5,2022,433.58,5.0,0,4.76,803,66.36
863.84,4,2,suv,any,any,coupe,automatic,gasoline,4,2025,765.32,8.14,0,4.66,739,74.2
150,22,2,suv,automatic,gasoline,hatchback,automatic,diesel,5,2022,192.9,7.2,0,3.9,459,60.26
428.75,1,3,truck,automatic,diesel,sedan,automatic,gasoline,5,2023,292.99,9.45,0,4.63,707,65.06
484.17,4,4,sedan,automatic,gasoline,sedan,automatic,gasoline,5,2019,416.94,5.88,0,4.03,656,81.88
359.11,29,6,any,any,gasoline,sedan,automatic,diesel,5,2023,345.25,6.21,0,4.39,138,62.89
443.41,5,2,sedan,any,diesel,hatchback,manual,hybrid,5,2025,382.23,3.65,0,4.36,461,77.82
964.15,2,1,any,any,hybrid,truck,manual,electric,5,2021,725.09,0,436,4.43,683,80.1
212.51,1,3,sedan,automatic,any,hatchback,manual,gasoline,5,2018,207.35,9.28,0,4.93,731,56.65
659.69,1,1,van,automatic,gasoline,suv,automatic,electric,6,2023,509.63,0,386,4.41,144,69.3
150,1,1,van,manual,any,hatchback,automatic,diesel,5,2022,165.39,4.96,0,4.29,481,69.45
1421.7,11,2,hatchback,manual,any,van,manual,electric,7,2023,1067.66,0,385,4.32,309,75.37
453.14,21,3,any,any,gasoline,van,manual,gasoline,7,2022,449.09,8.15,0,4.34,566,78.01
294.31,3,4,any,automatic,diesel,hatchback,manual,gasoline,5,2023,258.65,8.96,0,4.2,173,65.22
151.03,1,2,any,automatic,diesel,hatchback,manual,gasoline,5,2016,160.09,9.41,0,3.54,478,54.47
379.61,1,3,any,automatic,electric,hatchback,automatic,gasoline,5,2022,315.2,7.33,0,3.59,164,76.26
410.65,1,3,van,manual,gasoline,sedan,automatic,hybrid,5,2024,413.86,3.48,0,3.86,224,68.99
391.89,6,1,any,any,hybrid,sedan,automatic,diesel,5,2022,371.87,6.0,0,4.1,212,75.75
162.64,1,4,any,automatic,hybrid,hatchback,automatic,gasoline,5,2018,177.02,6.01,0,4.82,207,70.83
641.88,3,2,hatchback,any,any,truck,automatic,gasoline,3,2022,581.36,6.1,0,4.64,490,79.51
318.19,2,6,sedan,automatic,gasoline,hatchback,automatic,diesel,5,2026,289.75,4.49,0,4.58,353,62.08
345.33,3,1,hatchback,automatic,any,suv,automatic,gasoline,6,2019,408.51,6.22,0,4.32,609,63.52
531.14,1,3,any,manual,diesel,sedan,manual,hybrid,5,2024,482.53,4.49,0,4.1,221,81.29
255.47,2,3,sedan,automatic,gasoline,sedan,manual,diesel,5,2023,278.41,6.91,0,4.0,345,65.6
282.84,4,1,hatchback,any,gasoline,hatchback,automatic,gasoline,5,2023,244.39,8.03,0,4.23,274,82.41
406.87,3,3,any,automatic,any,hatchback,manual,diesel,5,2025,285.91,6.33,0,3.91,401,85.18
170.73,1,1,hatchback,any,any,hatchback,automatic,gasoline,5,2026,179.31,9.4,0,4.67,252,84.19
733.22,16,1,hatchback,automatic,hybrid,suv,automatic,hybrid,6,2025,575.07,4.79,0,3.53,257,79.42
788.55,3,2,suv,any,gasoline,truck,automatic,diesel,2,2024,607.2,6.49,0,4.1,264,67.55
258.66,2,2,any,any,any,hatchback,manual,gasoline,5,2026,241.78,8.62,0,3.54,261,86.97
604.62,12,3,any,automatic,gasoline,suv,automatic,diesel,6,2016,480.7,6.08,0,4.49,506,73.36
184.43,2,2,any,any,electric,hatchback,automatic,gasoline,5,2026,270.0,7.47,0,4.03,319,64.19
150,3,1,van,any,gasoline,hatchback,automatic,gasoline,5,2024,171.8,8.1,0,4.7,504,71.72
398.11,8,6,sedan,automatic,gasoline,suv,manual,gasoline,5,2016,298.35,6.1,0,4.02,452,46.28
257.01,2,5,suv,any,gasoline,sedan,automatic,gasoline,5,2022,210.57,7.31,0,3.94,750,70.5
272.48,4,2,hatchback,automatic,diesel,suv,automatic,gasoline,6,2020,319.95,7.72,0,3.87,648,58.59
551.73,3,3,van,automatic,any,sedan,automatic,electric,5,2021,433.36,0,297,4.3,120,76.03
272.14,2,2,hatchback,any,gasoline,hatchback,automatic,gasoline,5,2024,366.45,8.67,0,4.71,398,77.64
385.24,9,1,sedan,manual,any,sedan,automatic,gasoline,5,2019,366.09,8.58,0,4.05,867,66.59
300.51,4,1,van,automatic,diesel,suv,automatic,gasoline,5,2021,280.41,6.92,0,4.02,657,65.02
504.86,16,3,truck,manual,any,sedan,automatic,gasoline,5,2024,437.83,9.31,0,4.74,359,64.11
302.41,2,3,suv,any,diesel,hatchback,automatic,gasoline,5,2018,218.31,5.7,0,5,303,63.61
594.47,7,1,van,automatic,gasoline,sedan,automatic,electric,5,2020,479.49,0,285,4.58,871,66.86
396.36,3,2,any,automatic,any,sedan,automatic,gasoline,5,2022,358.2,8.73,0,3.58,177,75.94
391.38,24,1,any,manual,diesel,suv,automatic,diesel,7,2018,553.85,5.46,0,4.53,320,61.78
368.04,1,9,van,manual,any,hatchback,automatic,hybrid,5,2021,358.54,5.16,0,4.54,334,54.0
773.11,8,6,suv,manual,gasoline,van,automatic,electric,8,2019,849.62,0,248,4.82,369,53.7
150,4,1,sedan,manual,any,sedan,automatic,gasoline,5,2024,194.98,5.64,0,4.42,199,74.56
390.35,23,3,hatchback,automatic,electric,hatchback,manual,gasoline,5,2024,378.22,8.82,0,3.83,214,64.17
1026.78,7,2,van,manual,electric,coupe,automatic,hybrid,2,2025,751.17,3.41,0,3.7,266,67.72
485.8,3,1,hatchback,manual,gasoline,suv,automatic,gasoline,7,2021,524.92,6.28,0,4.11,290,64.67
544.24,1,3,any,automatic,gasoline,suv,automatic,electric,6,2021,739.83,0,382,4.5,767,68.62
597.63,5,2,suv,automatic,gasoline,suv,manual,diesel,6,2025,504.87,6.41,0,4.07,275,72.48
457.59,9,2,hatchback,manual,gasoline,van,automatic,gasoline,8,2019,483.59,9.12,0,4.03,580,55.39
561.88,2,3,hatchback,automatic,gasoline,van,automatic,electric,8,2019,628.12,0,310,4.3,124,63.61
808.3,1,1,hatchback,automatic,any,suv,automatic,hybrid,6,2020,679.91,4.29,0,4.22,242,77.05
427.78,4,1,hatchback,automatic,any,sedan,automatic,gasoline,5,2022,288.7,6.74,0,3.72,750,75.97
524.1,23,1,any,any,gasoline,hatchback,automatic,hybrid,5,2024,396.04,4.25,0,4.4,40,80.37
224.04,4,2,suv,any,any,sedan,automatic,gasoline,5,2017,192.54,7.69,0,4.58,237,68.11
801.64,1,3,sedan,any,diesel,coupe,automatic,gasoline,3,2022,782.88,7.58,0,4.2,180,63.36
480.89,10,5,suv,automatic,any,sedan,automatic,gasoline,5,2021,432.27,7.17,0,5,431,76.28
720.58,3,2,sedan,automatic,diesel,coupe,automatic,diesel,3,2021,737.86,7.38,0,4.29,351,68.45
789.69,1,6,hatchback,automatic,any,coupe,automatic,gasoline,2,2025,638.97,9.42,0,3.77,256,57.22
209.71,12,4,suv,manual,gasoline,hatchback,manual,gasoline,5,2022,202.1,6.94,0,4.28,370,71.22
282.49,1,6,any,any,diesel,hatchback,manual,gasoline,5,2025,190.27,7.95,0,3.99,540,59.7
497.9,1,7,any,manual,electric,suv,automatic,diesel,6,2020,540.92,5.24,0,3.97,97,51.5
319.81,3,1,coupe,any,gasoline,hatchback,manual,diesel,5,2019,267.07,4.99,0,3.56,322,63.93
627.2,3,1,suv,any,electric,suv,automatic,gasoline,5,2025,759.67,7.12,0,3.87,511,75.29
441.6,1,2,hatchback,any,any,hatchback,manual,electric,5,2025,345.57,0,313,4.3,462,90.19
427.43,5,2,sedan,automatic,diesel,sedan,automatic,hybrid,5,2023,458.17,3.65,0,3.96,589,82.11
398.34,23,1,any,any,gasoline,hatchback,manual,hybrid,5,2024,330.8,5.18,0,3.5,320,84.3
294.52,1,3,suv,any,electric,hatchback,manual,gasoline,5,2025,254.65,5.64,0,4.34,508,70.95
328.66,18,9,sedan,automatic,electric,sedan,manual,gasoline,5,2024,257.8,9.54,0,4.32,209,53.85
278.94,5,3,any,automatic,any,hatchback,automatic,gasoline,5,2023,347.26,8.41,0,4.75,883,75.56
311.91,29,5,suv,automatic,any,sedan,automatic,gasoline,5,2024,364.05,9.56,0,3.66,974,70.8
241.02,1,3,any,automatic,any,sedan,manual,gasoline,5,2022,219.56,8.55,0,5,223,76.95
327.15,2,2,sedan,any,electric,suv,automatic,electric,5,2020,438.99,0,272,4.23,277,65.37
200.37,1,2,any,automatic,gasoline,hatchback,manual,gasoline,5,2015,235.5,7.39,0,4.27,370,67.22
326.9,1,3,hatchback,manual,any,hatchback,automatic,diesel,5,2022,275.58,5.44,0,4.54,367,81.6
219.74,3,2,suv,any,gasoline,hatchback,automatic,gasoline,5,2021,262.29,6.03,0,3.87,253,71.88
592.35,1,2,sedan,automatic,gasoline,suv,automatic,gasoline,6,2020,647.1,8.56,0,3.55,198,62.04
378.35,3,1,van,any,hybrid,sedan,manual,hybrid,5,2022,336.82,4.41,0,4.68,342,77.0
655.85,2,5,suv,automatic,any,sedan,automatic,electric,5,2023,476.35,0,363,4.46,1161,79.69
1031.82,2,2,coupe,automatic,any,coupe,manual,electric,3,2017,817.56,0,264,4.04,598,71.77
416.2,6,2,hatchback,any,gasoline,suv,manual,gasoline,5,2021,391.91,7.29,0,4.49,152,75.22
570.82,13,2,suv,automatic,diesel,coupe,automatic,gasoline,3,2018,678.05,9.42,0,5,180,49.75
653.97,2,1,van,automatic,gasoline,suv,automatic,gasoline,5,2023,456.54,6.84,0,3.94,308,75.6
438.5,2,1,van,manual,any,truck,manual,hybrid,5,2026,449.84,4.62,0,4.27,171,83.83
245.43,5,4,suv,manual,any,sedan,automatic,diesel,5,2020,285.38,6.08,0,4.57,630,62.07
569.14,7,1,any,manual,any,sedan,automatic,diesel,5,2024,462.96,6.01,0,3.76,72,77.66
263.96,11,1,sedan,automatic,hybrid,sedan,automatic,diesel,5,2026,310.58,4.66,0,4.89,684,83.36
503.77,3,2,any,any,hybrid,sedan,automatic,electric,5,2020,390.11,0,384,5,63,76.68
303.48,2,1,any,automatic,any,sedan,automatic,diesel,5,2018,323.92,5.86,0,4.71,462,79.34
288.27,5,3,sedan,automatic,any,hatchback,manual,hybrid,5,2025,324.53,4.07,0,4.32,167,72.06
1038.36,8,4,sedan,any,hybrid,van,automatic,electric,9,2020,942.12,0,424,4.1,869,65.27
355.37,5,2,any,manual,any,sedan,automatic,diesel,5,2021,393.91,4.93,0,4.43,130,78.49
342.52,3,1,sedan,automatic,gasoline,sedan,automatic,diesel,5,2020,297.06,5.53,0,4.42,331,79.38
630.56,4,1,coupe,automatic,any,van,automatic,gasoline,8,2025,792.76,5.82,0,3.61,535,71.67
262.42,23,7,truck,automatic,diesel,sedan,manual,diesel,5,2026,281.35,7.27,0,5,287,56.16
624.76,5,1,suv,any,diesel,suv,manual,gasoline,5,2023,621.82,8.7,0,4.57,365,76.92
310.33,5,3,any,manual,gasoline,sedan,automatic,gasoline,5,2022,368.25,7.59,0,3.84,406,69.09
469.4,1,5,hatchback,automatic,any,sedan,automatic,diesel,5,2022,459.01,6.44,0,4.38,420,75.78
1026.28,1,2,suv,any,gasoline,coupe,automatic,hybrid,4,2018,757.02,3.69,0,4.21,423,64.71
185.86,3,1,any,any,diesel,hatchback,automatic,diesel,5,2020,211.12,6.79,0,4.72,324,75.56
212.76,1,2,sedan,manual,electric,hatchback,manual,gasoline,5,2020,293.53,7.76,0,3.93,658,50.07
710.45,3,3,sedan,manual,any,sedan,manual,gasoline,5,2025,500.99,9.59,0,3.82,98,87.32
510.75,2,2,any,automatic,gasoline,sedan,automatic,diesel,5,2026,425.49,4.96,0,3.92,831,85.4
435.38,5,2,suv,automatic,diesel,sedan,manual,diesel,5,2020,438.77,5.83,0,4.31,435,66.03
883.73,6,1,hatchback,automatic,electric,van,manual,diesel,7,2021,875.84,5.14,0,4.71,769,63.6
648.63,3,1,hatchback,manual,any,van,automatic,gasoline,7,2026,635.59,8.75,0,4.3,253,65.5
192.91,1,1,van,any,any,hatchback,automatic,gasoline,5,2022,203.04,8.83,0,3.31,658,66.36
634.56,1,3,coupe,any,electric,suv,automatic,electric,5,2023,637.25,0,314,4.16,597,78.36
342.54,11,1,any,any,any,sedan,manual,gasoline,5,2020,318.81,8.79,0,3.33,410,77.04
402.67,4,6,any,any,any,sedan,manual,gasoline,5,2026,335.47,7.95,0,4.48,617,68.01
559.92,1,2,any,automatic,gasoline,sedan,automatic,electric,5,2022,508.56,0,442,4.17,295,81.24
346.05,1,1,any,automatic,gasoline,hatchback,automatic,gasoline,5,2023,299.32,8.68,0,4.16,143,82.28
225.43,21,5,sedan,manual,electric,sedan,manual,diesel,5,2024,297.19,5.39,0,4.2,408,70.14
150,6,1,suv,automatic,any,hatchback,automatic,gasoline,5,2020,155.19,9.65,0,5,170,65.37
450.7,8,3,any,any,hybrid,sedan,automatic,hybrid,5,2022,370.31,4.51,0,4.84,100,87.76
786.23,28,5,any,automatic,hybrid,suv,manual,diesel,7,2023,672.22,5.13,0,3.87,724,73.09
364.9,3,2,sedan,automatic,diesel,sedan,automatic,diesel,5,2021,389.06,6.78,0,4.91,185,81.99
686.69,24,2,sedan,automatic,any,truck,automatic,electric,4,2022,519.14,0,486,4.09,524,82.06
446.88,6,2,sedan,manual,gasoline,sedan,manual,gasoline,5,2024,446.23,8.0,0,3.68,280,79.93
475.95,3,1,any,automatic,electric,coupe,manual,diesel,2,2021,428.46,4.97,0,4.07,331,70.27
805.09,18,2,coupe,automatic,any,van,manual,hybrid,7,2024,769.38,4.29,0,3.78,368,71.93
451.18,6,4,suv,any,any,suv,automatic,diesel,6,2026,521.19,7.16,0,4.52,413,82.41
377.95,5,3,hatchback,automatic,diesel,suv,automatic,gasoline,5,2024,399.31,5.98,0,4.04,547,72.22
915.58,10,5,sedan,any,diesel,coupe,automatic,hybrid,4,2025,795.66,6.04,0,4.84,347,59.87
364.63,2,4,any,automatic,any,suv,automatic,electric,5,2022,388.03,0,334,4.28,390,84.85
330.65,29,3,any,any,any,sedan,automatic,gasoline,5,2021,231.61,5.52,0,4.12,910,87.27
386.1,1,4,suv,manual,diesel,hatchback,automatic,hybrid,5,2023,329.25,3.52,0,3.94,176,68.21
426.08,1,1,van,any,diesel,suv,automatic,hybrid,7,2024,451.32,5.65,0,3.95,96,68.72
552.82,9,1,hatchback,manual,gasoline,suv,manual,gasoline,6,2016,473.64,8.74,0,4.06,1003,63.58
308.59,18,1,any,manual,electric,hatchback,manual,gasoline,5,2015,245.19,8.1,0,3.89,50,70.02
240.57,2,3,any,automatic,electric,hatchback,automatic,gasoline,5,2026,225.43,7.02,0,3.72,223,77.24
906.71,3,3,any,manual,any,van,automatic,hybrid,8,2024,770.53,6.07,0,4.12,905,80.92
385.34,3,3,sedan,automatic,electric,hatchback,manual,gasoline,5,2022,293.15,9.16,0,3.74,416,53.99
376.12,6,4,suv,automatic,electric,sedan,manual,gasoline,5,2017,310.24,6.42,0,2.91,700,52.63
365.42,1,1,van,any,gasoline,sedan,manual,electric,5,2024,338.95,0,377,4.02,834,75.27
334.41,3,1,van,any,any,hatchback,automatic,gasoline,5,2023,358.49,9.11,0,4.59,98,68.09
359.37,6,2,hatchback,any,diesel,sedan,manual,gasoline,5,2025,290.44,6.95,0,4.11,210,72.53
430.93,3,1,coupe,manual,gasoline,coupe,manual,gasoline,3,2020,500.12,5.95,0,3.75,650,80.85
150,1,1,coupe,any,gasoline,hatchback,automatic,gasoline,5,2026,239.43,8.15,0,4.62,556,60.99
835.52,2,3,suv,manual,gasoline,coupe,automatic,diesel,2,2020,944.1,6.29,0,3.97,1159,38.07
420.25,1,1,any,any,any,sedan,manual,electric,5,2021,330.0,0,227,3.7,219,82.41
392.09,1,3,van,automatic,any,sedan,automatic,diesel,5,2022,374.47,6.9,0,5,611,71.71
926.44,5,4,van,manual,any,suv,automatic,hybrid,7,2026,810.08,4.14,0,3.8,622,72.61
426.27,3,4,coupe,any,any,suv,manual,hybrid,6,2025,473.98,5.08,0,4.07,748,74.94
268.59,15,2,hatchback,automatic,gasoline,hatchback,manual,diesel,5,2025,349.9,7.31,0,4.1,1048,64.56
787.06,4,2,any,manual,gasoline,suv,manual,gasoline,6,2025,649.78,6.84,0,4.71,240,86.51
323.44,6,1,sedan,automatic,diesel,hatchback,manual,electric,5,2024,331.0,0,412,3.74,285,64.96
865.29,2,1,van,automatic,gasoline,suv,automatic,hybrid,7,2023,756.46,4.33,0,4.37,813,72.33
150,1,1,any,any,hybrid,hatchback,manual,diesel,5,2017,150,5.84,0,4.71,129,71.1
278.21,1,1,hatchback,automatic,gasoline,hatchback,automatic,gasoline,5,2025,289.03,8.03,0,4.55,804,82.85
409.37,3,3,sedan,automatic,any,suv,automatic,gasoline,7,2021,418.11,9.0,0,3.77,313,65.45
656.46,6,5,sedan,any,hybrid,sedan,manual,electric,5,2024,545.69,0,489,5,159,85.45
891.97,2,1,coupe,any,hybrid,coupe,manual,gasoline,2,2023,949.91,9.15,0,4.33,93,73.15
557.7,22,4,any,manual,gasoline,suv,manual,gasoline,5,2023,638.35,8.36,0,4.38,921,80.72
330.35,12,1,any,any,gasoline,hatchback,automatic,gasoline,5,2018,263.49,5.78,0,3.79,534,80.89
273.13,1,3,hatchback,any,any,hatchback,automatic,gasoline,5,2023,271.41,5.77,0,3.67,359,88.06
465.96,4,1,any,automatic,gasoline,sedan,automatic,diesel,5,2023,329.82,6.25,0,4.37,171,80.32
483.86,1,2,sedan,any,gasoline,van,automatic,gasoline,7,2017,388.75,9.15,0,3.95,124,63.18
695.04,1,2,hatchback,manual,any,suv,manual,diesel,5,2026,501.52,5.99,0,4.76,949,80.47
515.21,4,1,coupe,automatic,any,suv,automatic,diesel,5,2022,572.71,6.9,0,4.76,515,73.98
758.66,3,1,coupe,any,diesel,suv,automatic,electric,6,2025,912.94,0,409,4.49,449,72.71
418.32,1,2,hatchback,automatic,electric,sedan,manual,diesel,5,2023,371.14,5.13,0,4.55,396,65.42
549.43,3,4,any,automatic,gasoline,suv,automatic,electric,7,2015,481.97,0,268,3.64,59,71.13
366.8,3,1,any,any,diesel,sedan,automatic,hybrid,5,2023,319.31,4.23,0,3.92,239,81.16
479.87,8,4,suv,any,gasoline,van,automatic,gasoline,8,2019,432.22,7.07,0,4.09,102,65.93
562.66,1,2,sedan,manual,gasoline,van,automatic,gasoline,8,2026,596.36,8.06,0,4.16,456,69.28
456.44,12,4,van,manual,hybrid,hatchback,automatic,gasoline,5,2026,361.69,7.41,0,4.93,170,63.09
403.51,1,2,hatchback,any,gasoline,suv,automatic,diesel,7,2018,389.05,5.92,0,3.62,806,62.28
281.53,1,2,van,any,any,hatchback,automatic,diesel,5,2020,207.3,6.74,0,4.78,989,69.43
574.52,7,5,van,any,gasoline,suv,manual,gasoline,5,2023,418.9,8.41,0,3.72,49,70.49
414.54,13,5,hatchback,any,any,suv,manual,gasoline,5,2020,483.25,9.06,0,4.21,229,65.55
213.52,1,1,coupe,automatic,any,sedan,manual,gasoline,5,2022,226.5,6.63,0,4.22,411,66.31
471.31,4,3,truck,manual,diesel,hatchback,automatic,electric,5,2022,362.09,0,403,3.62,560,63.56
310.39,10,3,any,automatic,hybrid,hatchback,automatic,gasoline,5,2025,262.06,6.92,0,4.54,131,80.72
177.1,4,3,any,any,any,hatchback,automatic,gasoline,5,2022,245.34,8.64,0,3.61,701,67.3
536.48,2,1,suv,any,any,hatchback,automatic,electric,5,2021,422.85,0,305,4.74,801,72.1
642.44,3,2,sedan,automatic,any,suv,automatic,gasoline,6,2022,487.3,7.17,0,4.55,569,71.66
237.96,3,2,any,automatic,any,hatchback,automatic,gasoline,5,2023,261.26,6.64,0,4.56,615,82.46
532.12,3,1,any,any,any,sedan,automatic,diesel,5,2020,458.95,6.02,0,3.91,439,81.71
331.26,5,2,any,automatic,gasoline,sedan,manual,gasoline,5,2023,400.94,6.43,0,4.61,298,77.6
186.55,16,2,sedan,automatic,any,sedan,automatic,gasoline,5,2021,246.52,7.99,0,4.67,219,75.01
600.6,5,1,any,automatic,diesel,van,automatic,electric,7,2020,502.16,0,334,4.07,394,77.75
432.58,3,4,van,manual,electric,sedan,automatic,gasoline,5,2023,447.96,6.63,0,4.43,547,58.01
662.76,4,1,any,any,hybrid,suv,automatic,gasoline,6,2019,520.02,5.65,0,4.29,422,70.58
313.62,4,3,sedan,any,electric,hatchback,automatic,electric,5,2023,279.23,0,343,4.97,179,82.89
397.66,3,2,sedan,manual,diesel,hatchback,automatic,gasoline,5,2021,328.7,5.68,0,5,1032,58.09
472.52,7,3,hatchback,automatic,any,coupe,automatic,gasoline,2,2024,481.34,6.88,0,4.31,152,63.13
298.7,25,1,coupe,automatic,diesel,hatchback,automatic,hybrid,5,2022,307.13,4.59,0,4.72,352,71.58
526.47,7,2,hatchback,automatic,any,suv,manual,hybrid,5,2021,384.02,6.2,0,5,180,66.31
568.37,1,4,suv,any,any,sedan,automatic,gasoline,5,2025,481.11,7.36,0,4.6,229,76.25
277.46,26,1,sedan,any,gasoline,suv,automatic,gasoline,6,2026,379.27,8.84,0,4.55,434,63.63
398.54,23,1,hatchback,automatic,any,suv,automatic,gasoline,5,2020,354.35,7.06,0,4.23,198,73.58
181.9,2,1,any,any,hybrid,sedan,automatic,gasoline,5,2020,285.98,8.26,0,4.32,542,57.28
361.71,6,3,sedan,any,any,suv,manual,gasoline,6,2020,494.6,7.33,0,4.5,458,58.6
263.01,7,2,coupe,automatic,any,hatchback,manual,gasoline,5,2021,221.42,7.6,0,3.48,184,61.19
346.77,26,7,sedan,automatic,diesel,hatchback,automatic,gasoline,5,2025,287.65,8.91,0,3.75,148,50.49
162.47,11,2,any,automatic,gasoline,hatchback,automatic,diesel,5,2026,210.2,5.45,0,3.57,130,76.59
647.39,1,6,truck,manual,any,coupe,automatic,gasoline,3,2018,730.27,7.08,0,4.0,585,41.25
184.11,5,2,hatchback,automatic,diesel,sedan,automatic,gasoline,5,2024,242.56,8.32,0,4.67,349,60.92
669.45,1,2,sedan,any,hybrid,coupe,automatic,gasoline,2,2023,768.41,9.3,0,4.16,161,61.69
176.17,7,2,truck,manual,diesel,hatchback,automatic,gasoline,5,2022,191.69,7.19,0,3.42,377,53.44
400.24,4,1,suv,automatic,any,hatchback,manual,gasoline,5,2017,355.04,6.92,0,4.04,306,61.83
223.75,7,5,hatchback,any,any,sedan,manual,diesel,5,2026,268.29,5.01,0,4.62,375,78.14
395.72,4,2,van,any,diesel,coupe,automatic,gasoline,3,2025,480.01,9.65,0,3.66,643,61.28
391.43,5,1,van,manual,hybrid,sedan,manual,diesel,5,2021,412.56,6.31,0,4.27,714,67.08
718.79,1,4,sedan,automatic,any,suv,automatic,gasoline,6,2023,597.31,6.44,0,5,172,75.38
348.64,1,2,suv,automatic,any,sedan,automatic,gasoline,5,2024,271.27,6.3,0,5,436,77.42
331.69,2,2,any,automatic,diesel,hatchback,manual,diesel,5,2020,354.75,4.39,0,4.43,476,79.98
296.45,7,1,van,manual,hybrid,hatchback,manual,gasoline,5,2021,259.07,7.2,0,3.88,249,62.73
570.22,8,1,suv,any,gasoline,suv,manual,diesel,6,2022,512.5,5.87,0,5,846,82.05
388.15,14,2,sedan,automatic,hybrid,hatchback,automatic,hybrid,5,2019,346.58,5.94,0,5,256,72.9
559.2,1,1,hatchback,automatic,gasoline,sedan,manual,gasoline,5,2024,448.4,6.75,0,4.15,559,72.11
518.92,18,4,suv,any,gasoline,suv,automatic,gasoline,6,2021,534.56,7.43,0,4.05,684,78.22
371.2,3,3,hatchback,any,electric,hatchback,automatic,gasoline,5,2022,343.16,8.27,0,4.67,556,72.73
762.91,2,1,any,automatic,electric,van,automatic,gasoline,9,2018,676.3,8.78,0,4.15,178,65.12
222.02,3,1,suv,manual,electric,suv,manual,gasoline,5,2017,276.46,6.02,0,4.23,714,63.64
455.52,1,8,any,automatic,any,hatchback,manual,hybrid,5,2023,393.13,3.62,0,4.05,178,68.74
511.38,1,7,van,manual,gasoline,sedan,automatic,gasoline,5,2018,416.89,9.4,0,4.42,311,41.66
150,20,1,sedan,automatic,gasoline,hatchback,automatic,gasoline,5,2020,160.96,8.44,0,3.87,344,67.34
292.85,20,1,any,manual,gasoline,hatchback,automatic,diesel,5,2025,212.21,5.53,0,4.4,379,77.7
659.04,1,1,any,any,any,sedan,automatic,hybrid,5,2022,525.28,3.92,0,4.94,246,86.65
374.65,6,1,suv,any,diesel,hatchback,automatic,gasoline,5,2026,349.27,7.47,0,4.52,584,70.54
345.49,6,5,hatchback,manual,diesel,hatchback,manual,hybrid,5,2019,295.97,5.57,0,4.87,479,72.87
289.96,1,4,coupe,any,gasoline,sedan,automatic,gasoline,5,2025,312.37,5.83,0,4.08,1140,81.77
464.88,8,4,sedan,automatic,hybrid,sedan,automatic,gasoline,5,2019,388.95,6.56,0,4.42,62,74.23
729.06,17,1,suv,any,diesel,van,automatic,diesel,7,2020,739.21,6.67,0,5,459,72.55
185.19,19,1,any,automatic,gasoline,sedan,automatic,hybrid,5,2017,229.07,5.36,0,4.15,63,64.17
174.4,3,1,coupe,manual,gasoline,hatchback,automatic,diesel,5,2021,179.14,6.62,0,4.22,571,55.65
463.41,1,2,sedan,automatic,any,sedan,manual,electric,5,2026,600.92,0,285,4.5,39,74.55
354.48,1,1,any,manual,any,sedan,manual,diesel,5,2020,349.46,4.57,0,3.92,959,82.61
236.07,5,3,sedan,any,gasoline,hatchback,automatic,hybrid,5,2020,178.08,4.93,0,4.83,264,69.12
373.81,1,3,van,automatic,any,sedan,automatic,gasoline,5,2024,463.62,6.25,0,4.4,704,69.33
606.39,2,6,sedan,automatic,electric,suv,manual,gasoline,6,2023,509.78,9.26,0,4.89,493,58.06
297.49,23,1,van,manual,gasoline,suv,automatic,diesel,6,2020,285.48,6.9,0,4.01,278,56.92
745.29,1,1,suv,automatic,diesel,suv,automatic,gasoline,5,2022,623.87,8.89,0,4.27,933,75.24
185.8,4,1,sedan,manual,gasoline,sedan,automatic,gasoline,5,2018,265.02,7.09,0,4.87,279,59.87
887.0,3,6,any,any,any,van,manual,electric,9,2022,891.94,0,312,4.15,466,86.81
377.77,1,1,hatchback,any,any,sedan,automatic,gasoline,5,2018,292.3,9.01,0,4.56,571,61.97
324.34,8,1,hatchback,automatic,gasoline,sedan,manual,diesel,5,2021,294.36,4.46,0,4.23,472,59.99
382.32,1,2,hatchback,any,gasoline,hatchback,manual,diesel,5,2026,284.15,5.21,0,3.83,666,81.95
210.84,1,1,any,automatic,any,sedan,automatic,gasoline,5,2022,304.6,6.43,0,4.87,743,77.78
451.66,6,4,any,any,any,suv,manual,gasoline,6,2021,520.83,8.53,0,4.6,733,76.08
354.63,2,6,suv,automatic,diesel,hatchback,manual,gasoline,5,2021,287.04,9.49,0,4.37,459,37.1
245.7,23,4,sedan,automatic,any,hatchback,manual,gasoline,5,2021,206.86,9.62,0,4.33,151,62.21
427.16,30,2,van,automatic,diesel,truck,manual,hybrid,5,2023,395.66,5.52,0,4.47,656,65.44
242.44,23,1,suv,automatic,diesel,suv,manual,gasoline,5,2024,364.68,9.55,0,4.02,650,52.39
150,30,2,hatchback,manual,any,hatchback,automatic,gasoline,5,2024,170.45,7.82,0,4.23,672,75.36
630.42,3,8,any,automatic,electric,sedan,automatic,gasoline,5,2020,453.47,9.76,0,4.53,867,56.73
354.32,3,1,coupe,automatic,any,hatchback,automatic,diesel,5,2024,317.3,6.27,0,3.62,280,79.88
290.77,15,3,sedan,automatic,hybrid,sedan,automatic,hybrid,5,2019,403.05,3.48,0,4.32,745,75.29
341.21,25,5,any,any,any,sedan,automatic,gasoline,5,2018,326.48,7.72,0,3.54,309,73.4
792.8,1,2,any,automatic,diesel,truck,manual,hybrid,5,2024,737.27,3.95,0,3.5,140,79.6
883.14,3,1,any,automatic,gasoline,coupe,automatic,gasoline,4,2017,748.19,8.25,0,3.99,301,73.09
560.17,6,5,any,manual,gasoline,coupe,automatic,hybrid,4,2019,561.29,4.54,0,5,160,55.65
285.03,7,3,any,automatic,diesel,suv,automatic,electric,5,2022,394.1,0,295,4.26,912,67.4
202.47,2,4,any,manual,diesel,hatchback,automatic,gasoline,5,2021,273.01,8.54,0,3.8,100,53.38
353.12,1,2,sedan,any,electric,sedan,automatic,gasoline,5,2022,443.29,5.73,0,3.76,300,73.75
354.65,3,4,any,any,electric,hatchback,automatic,gasoline,5,2022,309.89,7.49,0,4.52,250,72.08
479.86,4,3,sedan,automatic,any,hatchback,automatic,hybrid,5,2024,384.46,4.81,0,5,303,85.88
316.29,1,3,hatchback,any,gasoline,suv,automatic,gasoline,7,2020,321.6,8.7,0,4.69,315,70.87
660.49,23,3,hatchback,any,electric,suv,automatic,diesel,7,2016,590.61,4.71,0,4.36,531,65.57
150,2,4,any,automatic,gasoline,hatchback,automatic,diesel,5,2025,181.06,6.4,0,3.71,1160,78.53
1072.25,1,2,any,manual,any,van,automatic,gasoline,9,2024,876.56,6.87,0,4.47,284,77.47
293.45,2,1,suv,manual,hybrid,hatchback,manual,diesel,5,2024,238.0,6.63,0,4.63,147,69.92
193.24,3,3,sedan,automatic,gasoline,sedan,manual,diesel,5,2026,249.73,4.89,0,4.05,884,70.48
556.95,5,1,sedan,any,diesel,van,automatic,gasoline,9,2022,640.13,6.11,0,4.88,491,63.74
325.88,7,1,sedan,any,any,hatchback,manual,diesel,5,2025,392.0,5.96,0,3.53,1162,71.64
318.06,4,4,any,any,any,sedan,automatic,hybrid,5,2025,251.21,4.6,0,3.79,361,91.5
270.49,1,8,any,automatic,any,sedan,automatic,diesel,5,2022,312.76,7.05,0,4.25,479,64.57
364.76,20,3,suv,any,any,sedan,automatic,diesel,5,2024,335.37,4.95,0,4.04,221,79.39
286.17,1,2,hatchback,manual,diesel,sedan,manual,gasoline,5,2019,204.18,5.62,0,4.83,346,67.29
279.52,1,5,any,automatic,gasoline,hatchback,automatic,electric,5,2019,333.5,0,486,4.43,478,70.69
385.54,3,1,hatchback,any,gasoline,hatchback,automatic,hybrid,5,2023,340.62,4.6,0,4.02,603,82.3
596.38,5,2,van,any,any,suv,manual,diesel,5,2020,620.79,6.78,0,3.97,810,69.25
856.36,6,2,sedan,any,gasoline,van,automatic,electric,9,2021,734.21,0,425,3.9,561,69.47
204.48,9,2,any,manual,any,sedan,manual,gasoline,5,2017,217.12,7.87,0,3.41,240,72.43
913.14,4,3,suv,automatic,diesel,coupe,manual,hybrid,3,2020,987.16,4.75,0,4.57,709,61.65
456.56,3,3,coupe,any,gasoline,sedan,automatic,diesel,5,2023,426.61,6.14,0,4.07,392,70.48
593.84,7,2,suv,automatic,diesel,coupe,manual,hybrid,3,2022,838.53,5.19,0,4.34,746,51.61
349.16,3,4,any,manual,any,sedan,manual,electric,5,2017,336.23,0,341,4.73,114,85.3
562.35,2,2,sedan,automatic,electric,suv,automatic,diesel,7,2015,546.79,6.47,0,4.51,595,64.18
426.09,1,2,sedan,any,electric,suv,automatic,diesel,5,2024,364.18,5.43,0,4.05,663,71.63
370.46,1,3,any,manual,hybrid,hatchback,automatic,gasoline,5,2024,309.37,7.03,0,3.62,517,73.68
417.18,2,2,sedan,any,any,suv,manual,gasoline,6,2025,530.01,9.43,0,4.15,252,64.1
183.26,1,1,any,automatic,electric,hatchback,manual,gasoline,5,2020,249.47,8.2,0,4.41,772,55.66
361.78,1,1,sedan,automatic,any,sedan,automatic,gasoline,5,2022,262.96,6.84,0,4.04,928,81.62
489.36,4,3,suv,automatic,any,suv,manual,gasoline,7,2017,376.34,9.32,0,4.67,498,69.64
832.07,3,2,van,automatic,gasoline,van,automatic,gasoline,9,2025,922.18,9.2,0,4.4,731,80.69
334.21,25,2,sedan,manual,any,sedan,manual,electric,5,2020,314.99,0,213,3.76,815,84.1
612.64,21,1,any,any,gasoline,van,manual,diesel,8,2022,646.32,4.47,0,5,84,79.8
500.73,1,2,any,any,gasoline,sedan,automatic,electric,5,2025,404.06,0,280,3.99,406,78.62
1007.4,1,2,suv,any,any,suv,automatic,hybrid,6,2025,764.21,3.96,0,3.91,468,93.91
821.85,21,3,any,manual,any,suv,automatic,gasoline,7,2021,616.78,6.74,0,4.15,487,76.45
190.54,2,2,sedan,automatic,any,hatchback,automatic,hybrid,5,2021,241.78,4.28,0,4.29,198,69.72
420.64,1,2,suv,any,gasoline,suv,automatic,gasoline,5,2025,416.36,6.86,0,4.6,230,92.78
865.53,1,2,coupe,manual,gasoline,coupe,automatic,diesel,3,2022,765.25,4.51,0,4.15,32,69.43
211.79,18,4,sedan,manual,any,sedan,automatic,electric,5,2017,254.21,0,305,4.48,218,70.46
452.07,3,3,any,any,diesel,sedan,automatic,diesel,5,2025,372.79,4.59,0,4.33,555,92.13
302.5,1,1,sedan,automatic,gasoline,sedan,manual,gasoline,5,2020,230.07,9.09,0,3.58,258,65.85
229.94,3,8,hatchback,any,gasoline,sedan,manual,diesel,5,2016,220.48,4.49,0,4.38,552,47.87
686.82,24,1,truck,any,gasoline,sedan,automatic,diesel,5,2026,549.33,5.57,0,4.25,355,75.99
632.57,3,8,any,any,any,sedan,manual,gasoline,5,2022,497.77,7.51,0,4.12,598,67.36
274.39,9,3,truck,any,any,hatchback,automatic,diesel,5,2026,332.36,6.93,0,4.28,209,73.07
234.8,1,1,hatchback,automatic,diesel,sedan,automatic,gasoline,5,2018,239.78,8.86,0,3.96,319,55.15
354.97,7,7,any,any,hybrid,hatchback,manual,hybrid,5,2020,361.8,4.67,0,3.86,550,70.56
417.76,1,6,sedan,automatic,gasoline,sedan,manual,diesel,5,2022,392.45,5.6,0,4.1,139,58.36
540.75,1,4,any,automatic,hybrid,coupe,automatic,electric,2,2024,641.8,0,360,4.25,109,64.76
781.99,4,2,van,any,any,suv,automatic,electric,5,2026,861.32,0,266,4.33,321,73.57
189.37,1,4,truck,any,hybrid,hatchback,manual,gasoline,5,2021,171.51,7.66,0,3.5,117,60.26
360.59,4,2,any,any,any,sedan,automatic,diesel,5,2024,359.83,5.92,0,3.99,1000,91.63
293.73,2,1,hatchback,manual,any,sedan,automatic,gasoline,5,2022,300.99,5.63,0,3.25,1078,68.25
276.7,2,2,coupe,automatic,any,hatchback,automatic,diesel,5,2024,210.6,4.85,0,4.55,142,77.27
710.31,2,2,van,automatic,diesel,sedan,automatic,hybrid,5,2022,521.51,6.12,0,3.99,258,64.87
607.21,1,2,sedan,automatic,diesel,suv,automatic,hybrid,7,2020,522.46,5.91,0,3.77,841,62.29
471.72,4,2,hatchback,automatic,diesel,sedan,automatic,gasoline,5,2023,421.09,7.91,0,3.7,427,66.6
362.99,16,3,sedan,manual,gasoline,hatchback,automatic,diesel,5,2021,342.27,6.45,0,4.05,110,57.92
392.59,5,2,suv,automatic,gasoline,sedan,manual,gasoline,5,2024,294.82,9.34,0,3.65,505,62.08
644.39,15,2,any,automatic,gasoline,coupe,automatic,gasoline,4,2022,707.51,8.36,0,3.89,268,76.38
806.92,5,3,any,automatic,gasoline,suv,manual,diesel,7,2017,603.99,5.51,0,4.09,787,66.67
730.84,3,3,hatchback,manual,electric,sedan,automatic,electric,5,2023,594.79,0,355,4.71,209,68.41
544.45,3,4,hatchback,automatic,any,sedan,automatic,gasoline,5,2019,430.71,7.3,0,3.34,148,64.53
624.01,5,2,hatchback,manual,hybrid,coupe,manual,diesel,4,2021,627.18,6.02,0,3.87,606,64.51
434.08,6,3,suv,manual,gasoline,coupe,automatic,diesel,4,2015,440.29,4.67,0,4.42,569,56.19
581.1,27,2,suv,manual,hybrid,coupe,automatic,hybrid,3,2024,466.68,5.55,0,4.99,622,74.69
214.34,8,1,hatchback,automatic,electric,hatchback,automatic,hybrid,5,2020,220.9,6.11,0,4.07,647,71.44
427.46,5,3,hatchback,any,diesel,van,manual,diesel,9,2023,485.29,6.59,0,4.25,248,73.43
593.25,2,3,any,automatic,any,truck,manual,diesel,5,2024,488.23,6.73,0,3.61,995,82.14
150,3,4,hatchback,automatic,hybrid,hatchback,automatic,diesel,5,2023,167.89,5.3,0,3.95,809,78.03
245.22,5,2,sedan,manual,diesel,hatchback,manual,gasoline,5,2020,179.18,6.9,0,4.98,218,63.98
678.5,3,2,any,any,any,coupe,automatic,gasoline,2,2023,762.28,9.39,0,4.21,567,80.75
551.19,4,2,hatchback,any,any,sedan,automatic,hybrid,5,2025,440.95,4.38,0,4.69,39,84.83
741.52,2,3,van,any,any,coupe,manual,electric,2,2020,821.88,0,205,4.35,317,52.78
317.32,30,1,van,automatic,any,hatchback,automatic,diesel,5,2025,349.05,5.97,0,3.99,691,73.77
228.82,3,2,suv,any,diesel,hatchback,automatic,gasoline,5,2026,308.92,7.62,0,4.46,1097,57.61
731.95,4,4,any,manual,diesel,van,automatic,gasoline,8,2018,745.13,7.33,0,4.96,382,65.01
842.7,4,3,suv,automatic,any,van,manual,hybrid,9,2020,744.83,4.33,0,3.58,1017,67.55
472.91,1,4,coupe,automatic,any,sedan,automatic,electric,5,2024,359.23,0,394,5,288,80.76
729.53,1,1,any,any,gasoline,truck,manual,diesel,4,2019,563.54,4.82,0,5,443,73.49
180.44,4,2,any,any,any,hatchback,manual,gasoline,5,2024,182.83,8.59,0,3.99,201,85.74
469.9,3,3,suv,manual,electric,truck,automatic,gasoline,3,2022,419.23,8.21,0,4.15,198,53.4
436.39,30,3,truck,any,any,suv,manual,diesel,7,2023,572.32,6.56,0,5,369,71.02
537.67,12,1,hatchback,automatic,diesel,suv,automatic,gasoline,5,2017,462.6,9.23,0,4.4,628,55.18
165.52,3,4,sedan,any,gasoline,hatchback,automatic,gasoline,5,2021,203.58,8.04,0,4.63,146,64.21
514.01,6,2,suv,automatic,gasoline,suv,manual,gasoline,7,2025,408.56,8.44,0,3.86,526,80.97
208.33,4,1,sedan,automatic,hybrid,hatchback,automatic,gasoline,5,2019,202.56,7.97,0,3.72,1131,58.51
685.4,22,5,sedan,any,any,van,manual,hybrid,7,2020,646.9,3.94,0,4.96,142,75.42
783.14,2,3,any,manual,gasoline,truck,automatic,gasoline,2,2026,574.93,7.03,0,4.37,742,67.64
337.1,2,3,suv,manual,hybrid,suv,manual,electric,7,2022,387.94,0,316,4.75,482,73.59
241.15,1,2,suv,automatic,any,hatchback,automatic,gasoline,5,2021,301.64,7.05,0,3.73,258,64.43
398.87,28,2,sedan,any,any,suv,automatic,diesel,6,2024,554.05,6.47,0,4.45,681,66.81
537.43,4,6,suv,automatic,diesel,van,automatic,gasoline,9,2017,459.37,5.58,0,4.87,126,64.83
179.7,8,4,suv,automatic,diesel,hatchback,automatic,gasoline,5,2023,186.75,9.51,0,4.6,473,60.43
489.16,4,1,any,automatic,any,suv,manual,diesel,6,2025,552.46,4.74,0,4.21,223,78.68
238.1,5,4,suv,automatic,any,sedan,manual,hybrid,5,2023,277.55,4.86,0,4.01,758,66.35
574.13,1,4,suv,automatic,diesel,suv,manual,gasoline,6,2025,728.71,7.4,0,4.48,146,66.25
790.72,2,1,van,any,any,suv,manual,gasoline,5,2026,754.67,5.6,0,3.91,399,77.91
461.64,5,1,hatchback,automatic,gasoline,hatchback,automatic,electric,5,2025,381.53,0,281,3.49,297,83.36
373.46,3,2,suv,automatic,gasoline,suv,manual,gasoline,7,2022,493.69,5.52,0,4.66,338,69.38
493.93,2,5,van,manual,gasoline,sedan,automatic,hybrid,5,2019,409.62,6.04,0,3.93,213,54.14
428.27,2,3,any,manual,gasoline,hatchback,manual,hybrid,5,2022,410.17,3.92,0,3.44,774,80.01
1345.09,2,2,suv,automatic,any,coupe,automatic,gasoline,3,2022,988.14,8.96,0,3.31,392,66.24
982.14,2,3,any,manual,hybrid,suv,automatic,diesel,5,2025,802.81,5.72,0,4.05,262,74.54
186.36,2,1,van,any,any,hatchback,automatic,gasoline,5,2024,237.49,8.55,0,4.26,150,68.81
225.85,2,2,hatchback,automatic,electric,hatchback,automatic,gasoline,5,2023,223.41,8.45,0,4.79,19,76.08
309.69,20,1,sedan,automatic,any,hatchback,manual,gasoline,5,2021,324.26,7.24,0,4.41,166,64.62
377.09,4,3,sedan,automatic,diesel,sedan,manual,gasoline,5,2022,298.63,8.66,0,4.24,611,63.61
405.81,1,2,any,any,any,hatchback,automatic,diesel,5,2022,274.06,4.89,0,3.94,320,88.87
448.04,18,1,van,automatic,gasoline,truck,automatic,gasoline,4,2024,379.24,7.46,0,4.26,322,74.37
290.12,5,1,sedan,manual,gasoline,hatchback,manual,hybrid,5,2020,176.24,5.74,0,4.61,209,68.77
425.81,6,2,van,any,gasoline,sedan,manual,gasoline,5,2021,360.86,6.39,0,3.67,216,69.76
357.58,6,2,truck,any,gasoline,sedan,manual,hybrid,5,2019,310.03,4.32,0,4.17,402,68.07
282.91,3,1,hatchback,automatic,hybrid,hatchback,automatic,diesel,5,2019,325.03,6.69,0,3.23,815,69.42
508.71,4,1,any,automatic,diesel,suv,manual,hybrid,6,2020,449.59,4.53,0,3.85,421,72.21
649.92,14,2,suv,automatic,any,coupe,automatic,diesel,2,2021,550.85,6.64,0,3.92,697,74.67
675.83,5,1,coupe,automatic,any,coupe,automatic,diesel,2,2024,708.89,4.57,0,4.59,844,92.41
329.25,1,1,any,any,diesel,sedan,automatic,gasoline,5,2015,282.92,6.88,0,4.44,250,72.86
757.37,10,1,suv,manual,diesel,suv,manual,hybrid,7,2025,769.25,4.8,0,4.84,293,88.65
211.99,29,2,sedan,any,gasoline,hatchback,manual,gasoline,5,2022,246.07,7.08,0,3.76,840,71.78
397.6,1,5,suv,automatic,any,suv,manual,diesel,6,2023,481.5,4.52,0,3.83,774,78.93
436.11,3,3,hatchback,any,gasoline,suv,automatic,electric,6,2022,529.52,0,269,4.39,105,59.69
584.16,3,4,truck,automatic,gasoline,coupe,automatic,diesel,3,2024,590.87,4.76,0,3.28,207,54.57
907.02,1,3,sedan,manual,gasoline,van,automatic,gasoline,8,2019,757.73,8.72,0,3.74,533,56.63
641.25,28,1,any,automatic,any,van,manual,gasoline,9,2025,677.94,6.43,0,4.57,854,80.12
271.51,6,4,any,any,diesel,hatchback,automatic,electric,5,2022,256.1,0,399,4.15,282,83.05
725.17,1,1,sedan,manual,any,coupe,automatic,diesel,2,2020,558.96,7.19,0,4.66,145,61.33
572.15,3,1,sedan,any,any,van,automatic,hybrid,9,2024,482.4,5.58,0,4.26,153,79.47
506.38,8,2,truck,any,any,suv,manual,diesel,6,2018,383.35,5.03,0,3.52,560,71.4
512.55,2,5,hatchback,any,hybrid,sedan,manual,electric,5,2021,400.65,0,330,4.31,357,63.85
461.88,5,2,any,any,hybrid,van,manual,gasoline,7,2017,414.37,9.22,0,5,1010,65.54
338.01,12,1,sedan,manual,any,sedan,manual,gasoline,5,2024,289.73,8.77,0,3.64,423,80.75
442.22,5,1,sedan,manual,any,sedan,automatic,diesel,5,2025,353.21,5.42,0,3.7,135,82.9
677.06,28,2,suv,automatic,any,van,manual,diesel,8,2024,667.25,6.84,0,3.96,414,67.18
414.71,3,3,any,automatic,electric,coupe,manual,gasoline,2,2024,498.27,8.03,0,4.53,571,47.48
165.17,7,4,suv,automatic,gasoline,hatchback,automatic,diesel,5,2022,172.55,6.16,0,5,504,70.35
298.78,8,2,any,automatic,gasoline,hatchback,automatic,gasoline,5,2024,296.4,6.89,0,4.12,83,86.93
779.31,5,3,van,any,diesel,coupe,manual,gasoline,2,2024,631.8,6.23,0,4.54,1011,55.2
371.24,22,2,any,automatic,hybrid,sedan,manual,gasoline,5,2022,244.78,7.24,0,4.3,383,70.57
211.27,25,4,sedan,automatic,diesel,hatchback,automatic,gasoline,5,2024,189.31,7.0,0,3.67,337,67.2
348.63,3,1,van,automatic,gasoline,suv,manual,gasoline,6,2015,409.44,8.51,0,3.77,468,52.33
830.91,4,5,hatchback,manual,gasoline,van,automatic,diesel,8,2024,712.43,5.39,0,3.83,287,64.42
369.97,7,2,any,automatic,gasoline,hatchback,automatic,diesel,5,2026,349.22,5.63,0,3.76,476,85.94
733.01,2,8,coupe,automatic,diesel,suv,automatic,gasoline,6,2025,616.56,6.27,0,4.65,677,56.03
296.12,3,9,any,automatic,gasoline,sedan,automatic,gasoline,5,2025,244.74,6.27,0,3.06,681,75.13
804.62,2,1,suv,manual,hybrid,suv,manual,gasoline,5,2026,672.51,8.47,0,3.3,302,75.69
278.26,1,1,sedan,manual,hybrid,sedan,automatic,gasoline,5,2026,408.61,7.01,0,4.6,427,62.75
241.02,2,1,any,manual,hybrid,hatchback,manual,hybrid,5,2023,258.64,4.85,0,4.44,314,88.52
630.34,2,2,van,any,any,truck,automatic,gasoline,3,2025,562.84,8.31,0,4.55,440,75.02
323.81,9,3,sedan,manual,hybrid,sedan,automatic,gasoline,5,2019,353.3,6.91,0,5,114,62.84
238.98,3,2,sedan,automatic,any,suv,manual,gasoline,7,2024,308.44,5.86,0,3.73,200,65.45
223.95,28,1,hatchback,manual,any,hatchback,manual,hybrid,5,2018,171.3,3.63,0,4.1,199,86.65
437.58,23,2,hatchback,automatic,any,van,automatic,hybrid,8,2023,555.37,5.65,0,4.4,480,72.74
579.42,24,2,suv,manual,any,sedan,automatic,gasoline,5,2026,453.4,6.32,0,4.34,294,75.54
289.3,6,3,sedan,any,gasoline,hatchback,manual,hybrid,5,2017,246.47,3.99,0,3.89,375,64.69
514.68,2,4,sedan,automatic,hybrid,suv,automatic,gasoline,6,2016,466.71,7.89,0,5,235,57.79
286.55,7,4,sedan,automatic,any,sedan,manual,gasoline,5,2026,267.33,6.02,0,3.83,117,84.74
756.3,2,1,any,any,gasoline,van,manual,gasoline,7,2024,620.29,8.25,0,3.96,179,83.59
150,1,4,suv,automatic,diesel,hatchback,manual,gasoline,5,2026,170.17,6.38,0,4.06,467,60.37
567.82,5,3,suv,automatic,electric,van,manual,diesel,7,2022,694.7,7.37,0,4.06,569,50.14
383.71,3,1,sedan,any,any,sedan,automatic,gasoline,5,2020,307.48,6.02,0,3.82,792,84.1
255.52,3,1,van,manual,gasoline,hatchback,automatic,gasoline,5,2019,283.7,7.33,0,4.01,785,60.78
286.5,2,4,hatchback,any,hybrid,hatchback,automatic,hybrid,5,2023,250.44,5.37,0,5,332,88.96
506.58,3,2,van,manual,any,coupe,automatic,gasoline,4,2023,426.79,7.73,0,4.35,617,66.86
720.74,8,2,suv,manual,any,coupe,manual,electric,4,2023,747.0,0,472,4.42,306,81.28
560.96,1,1,suv,automatic,electric,truck,automatic,gasoline,3,2025,494.84,6.57,0,4.54,73,73.53
206.6,2,5,van,any,diesel,hatchback,manual,hybrid,5,2019,223.26,4.53,0,4.86,542,65.38
272.62,1,1,any,automatic,any,sedan,automatic,gasoline,5,2021,394.75,6.52,0,5,229,70.98
720.34,1,1,any,automatic,any,van,automatic,gasoline,7,2021,703.16,9.78,0,4.04,509,79.97
677.52,3,7,sedan,any,any,suv,manual,gasoline,7,2021,628.95,5.8,0,4.32,257,75.1
315.86,2,3,suv,any,diesel,sedan,automatic,hybrid,5,2026,279.41,6.17,0,4.37,246,69.33
1078.51,4,3,any,any,any,van,manual,gasoline,8,2026,922.04,6.28,0,4.35,923,92.43
450.8,20,3,hatchback,automatic,gasoline,suv,manual,diesel,5,2021,413.68,5.76,0,3.86,290,57.53
661.45,8,4,suv,manual,gasoline,suv,automatic,electric,7,2021,642.65,0,397,4.3,961,67.95
226.22,18,1,any,automatic,any,hatchback,automatic,gasoline,5,2025,254.51,6.27,0,4.62,634,85.92
1047.89,13,4,suv,automatic,any,suv,automatic,diesel,7,2024,737.23,7.36,0,4.23,420,83.35
300.24,2,4,suv,manual,any,hatchback,manual,diesel,5,2024,306.0,6.56,0,4.87,840,79.95
263.41,6,3,any,automatic,diesel,hatchback,automatic,diesel,5,2026,295.53,6.89,0,4.45,756,88.94
852.3,5,1,coupe,manual,diesel,van,automatic,gasoline,7,2026,714.4,7.48,0,3.85,151,58.74
569.09,3,3,suv,automatic,gasoline,van,automatic,electric,7,2019,666.86,0,269,3.96,456,57.29
304.11,4,3,sedan,any,any,sedan,automatic,hybrid,5,2020,286.66,4.57,0,4.57,506,84.34
491.6,5,1,suv,any,electric,sedan,automatic,gasoline,5,2022,433.36,8.51,0,3.74,597,61.29
312.6,5,3,hatchback,automatic,gasoline,sedan,automatic,gasoline,5,2024,344.81,7.36,0,4.47,186,75.34
301.7,1,2,any,manual,hybrid,sedan,manual,gasoline,5,2024,276.24,6.92,0,4.78,205,77.78
350.39,7,2,hatchback,any,hybrid,hatchback,automatic,diesel,5,2025,368.86,6.9,0,4.07,937,78.25
312.26,1,1,sedan,any,diesel,hatchback,automatic,diesel,5,2016,179.36,6.28,0,4.72,356,73.39
267.78,9,1,any,manual,diesel,sedan,automatic,gasoline,5,2025,362.37,5.67,0,4.27,372,68.97
935.77,1,1,coupe,any,any,coupe,automatic,hybrid,3,2026,736.01,3.83,0,4.32,378,90.76
253.47,3,2,sedan,any,gasoline,hatchback,manual,hybrid,5,2023,278.4,5.3,0,4.66,491,68.95
575.0,3,4,hatchback,manual,diesel,coupe,automatic,diesel,4,2023,583.0,4.5,0,4.38,262,75.62
665.82,1,4,suv,automatic,gasoline,van,automatic,hybrid,8,2021,726.99,3.92,0,4.13,534,66.71
318.27,3,2,hatchback,automatic,any,sedan,automatic,gasoline,5,2021,384.55,8.5,0,4.25,130,61.24
692.87,10,1,van,automatic,any,suv,automatic,diesel,7,2026,716.81,4.39,0,4.74,858,82.22
416.99,7,2,sedan,any,any,sedan,automatic,electric,5,2026,529.07,0,294,3.78,62,85.4
384.74,5,4,suv,automatic,any,hatchback,automatic,hybrid,5,2021,335.18,5.76,0,4.69,469,73.08
622.37,17,3,van,manual,any,suv,automatic,hybrid,5,2024,769.05,5.11,0,4.01,370,67.14
380.35,3,2,hatchback,any,any,hatchback,manual,hybrid,5,2024,378.75,5.2,0,4.38,726,87.4
803.35,4,1,hatchback,any,any,truck,automatic,gasoline,5,2022,709.94,7.87,0,3.45,118,73.38
446.07,1,1,sedan,automatic,any,hatchback,manual,hybrid,5,2022,342.42,6.17,0,4.09,697,69.24
612.31,6,3,any,automatic,any,sedan,automatic,hybrid,5,2020,511.5,3.46,0,4.67,449,89.9
1061.29,8,2,coupe,any,hybrid,van,manual,gasoline,7,2025,926.01,8.13,0,4.43,927,65.38
575.17,4,7,any,automatic,gasoline,sedan,manual,diesel,5,2022,434.04,5.61,0,4.88,620,56.62
165.85,1,5,sedan,manual,any,hatchback,automatic,hybrid,5,2021,200.25,5.17,0,4.38,526,63.76
188.99,25,3,coupe,automatic,electric,hatchback,automatic,hybrid,5,2023,207.59,4.22,0,4.62,510,69.31
499.52,1,3,suv,any,any,sedan,automatic,electric,5,2025,448.09,0,323,3.59,416,82.84
366.39,25,5,truck,manual,any,sedan,manual,hybrid,5,2023,450.25,3.7,0,4.38,73,74.27
275.05,3,3,truck,automatic,electric,hatchback,automatic,gasoline,5,2020,245.88,9.2,0,4.98,752,57.01
568.11,5,3,suv,automatic,gasoline,van,automatic,gasoline,9,2023,435.35,9.8,0,4.74,363,70.87
509.38,5,5,hatchback,any,electric,suv,manual,diesel,5,2024,571.94,5.19,0,4.22,943,67.33
1009.36,1,2,suv,automatic,hybrid,suv,automatic,hybrid,6,2020,724.09,5.25,0,4.28,795,82.47
380.42,2,4,hatchback,manual,any,suv,automatic,gasoline,6,2023,370.12,6.21,0,4.12,442,68.56
741.91,23,4,any,manual,hybrid,suv,automatic,gasoline,6,2022,623.27,6.64,0,3.84,288,67.28
304.49,2,3,hatchback,manual,gasoline,hatchback,manual,gasoline,5,2022,260.08,6.41,0,4.53,382,86.56
351.59,1,3,sedan,any,gasoline,hatchback,automatic,electric,5,2025,326.04,0,340,4.6,695,70.69
333.61,5,3,coupe,any,gasoline,hatchback,automatic,gasoline,5,2024,357.84,6.62,0,4.06,368,73.23
396.19,4,4,any,any,any,suv,automatic,gasoline,7,2019,288.14,8.54,0,4.64,774,80.17
1113.68,2,1,hatchback,automatic,diesel,van,manual,hybrid,8,2025,1054.01,5.44,0,4.39,826,67.42
500.02,4,5,suv,any,electric,hatchback,manual,hybrid,5,2026,397.06,6.16,0,3.59,431,72.71
789.78,8,6,any,any,gasoline,suv,automatic,hybrid,6,2025,616.27,5.3,0,4.39,346,87.28
409.7,9,5,suv,any,diesel,hatchback,manual,gasoline,5,2023,342.32,5.53,0,3.9,544,66.44
560.63,2,4,hatchback,any,gasoline,sedan,automatic,gasoline,5,2026,531.24,7.43,0,4.54,593,80.19
511.98,3,2,any,automatic,any,suv,automatic,hybrid,6,2025,576.49,5.82,0,4.5,454,85.79
339.46,2,4,any,any,diesel,hatchback,automatic,hybrid,5,2025,372.55,5.5,0,3.84,675,82.41
288.46,1,4,coupe,manual,electric,van,manual,gasoline,9,2024,446.28,8.34,0,4.41,600,50.34
457.48,3,1,sedan,automatic,diesel,suv,manual,gasoline,7,2021,588.82,6.52,0,4.8,138,50.69
758.74,3,2,hatchback,any,gasoline,suv,manual,hybrid,6,2019,678.22,3.61,0,4.55,816,70.89
603.67,10,3,hatchback,any,hybrid,suv,manual,diesel,7,2023,530.44,6.29,0,3.5,254,65.94
485.31,5,2,suv,any,gasoline,coupe,automatic,hybrid,3,2025,468.41,4.93,0,4.39,1125,73.35
476.55,1,2,suv,any,any,sedan,manual,diesel,5,2019,368.14,7.17,0,3.61,698,67.56
807.48,1,4,any,any,hybrid,suv,manual,diesel,5,2021,680.28,7.22,0,3.83,372,72.65
574.85,1,2,sedan,manual,gasoline,suv,automatic,gasoline,7,2020,570.73,6.76,0,4.17,606,62.5
497.57,5,1,suv,any,any,van,manual,gasoline,9,2018,522.05,7.66,0,4.1,1088,67.19
413.57,2,2,van,manual,electric,suv,automatic,gasoline,6,2022,359.22,7.75,0,4.59,580,56.12
624.65,16,2,suv,automatic,hybrid,suv,automatic,diesel,6,2026,727.17,4.65,0,4.44,751,77.28
266.77,12,2,coupe,automatic,diesel,sedan,manual,electric,5,2020,263.71,0,400,5,602,63.28
542.3,5,1,sedan,any,diesel,sedan,automatic,diesel,5,2025,476.02,4.49,0,4.03,289,89.35
381.77,1,2,any,any,gasoline,suv,manual,gasoline,6,2022,337.69,7.39,0,5,79,86.28
207.7,29,5,van,automatic,diesel,hatchback,automatic,gasoline,5,2021,288.62,9.42,0,4.34,946,51.39
506.81,1,5,van,manual,gasoline,van,manual,gasoline,7,2017,497.49,5.54,0,3.9,501,79.75
358.57,2,1,any,manual,any,suv,automatic,diesel,7,2023,526.31,6.47,0,4.08,102,66.63
284.71,13,2,any,automatic,any,hatchback,manual,diesel,5,2019,224.06,6.48,0,4.45,1098,70.55
338.53,1,1,suv,automatic,hybrid,sedan,manual,gasoline,5,2021,276.21,6.83,0,4.12,94,58.89
1151.09,24,2,hatchback,automatic,electric,coupe,manual,electric,2,2026,1173.41,0,434,3.86,171,75.7
670.33,9,3,suv,automatic,electric,suv,manual,electric,5,2020,602.96,0,404,4.31,669,76.39
366.65,1,3,any,automatic,any,hatchback,manual,gasoline,5,2024,351.24,9.59,0,4.02,188,76.99
515.64,25,3,sedan,automatic,any,suv,automatic,diesel,7,2020,425.75,6.18,0,4.1,66,72.47
464.48,1,4,suv,any,hybrid,suv,manual,diesel,7,2018,460.26,4.46,0,3.99,313,75.72
150,28,1,sedan,automatic,any,hatchback,automatic,diesel,5,2020,175.32,5.16,0,5,346,74.09
347.93,9,3,hatchback,automatic,gasoline,hatchback,automatic,diesel,5,2024,347.97,6.41,0,4.32,1065,82.31
150,4,3,sedan,any,gasoline,hatchback,automatic,gasoline,5,2020,174.29,7.91,0,3.95,692,63.91
748.95,1,3,any,automatic,gasoline,coupe,automatic,gasoline,3,2021,629.9,8.01,0,4.85,676,83.49
360.26,1,5,sedan,automatic,gasoline,suv,manual,gasoline,7,2022,378.43,7.3,0,4.46,193,65.75
315.22,8,3,suv,automatic,any,sedan,manual,gasoline,5,2019,402.82,7.24,0,3.94,956,56.15
575.08,4,2,any,any,diesel,van,automatic,diesel,7,2017,680.94,7.28,0,4.27,620,75.02
769.65,8,2,sedan,automatic,diesel,van,manual,gasoline,9,2020,596.57,7.2,0,4.03,117,55.47
316.67,14,1,hatchback,automatic,any,suv,automatic,hybrid,6,2024,476.57,4.01,0,4.83,174,70.16
328.66,28,2,hatchback,any,gasoline,hatchback,automatic,hybrid,5,2015,249.71,4.25,0,4.25,869,73.01
315.38,19,1,suv,automatic,any,sedan,manual,hybrid,5,2022,309.89,4.04,0,3.3,310,70.12
344.35,1,3,any,any,gasoline,suv,automatic,diesel,7,2023,383.06,5.58,0,4.24,148,80.86
524.03,12,2,any,automatic,hybrid,sedan,automatic,electric,5,2025,418.34,0,447,4.44,389,83.01
1123.35,3,6,suv,automatic,gasoline,van,manual,diesel,7,2023,914.07,5.12,0,4.01,444,61.44
330.25,2,1,any,any,any,sedan,manual,gasoline,5,2023,280.54,8.28,0,5,430,81.96
342.56,7,1,hatchback,any,any,sedan,automatic,gasoline,5,2026,381.24,6.48,0,3.4,562,73.07
645.98,3,1,sedan,manual,gasoline,suv,automatic,gasoline,5,2020,610.22,6.74,0,4.35,456,67.16
179.19,5,5,truck,automatic,hybrid,hatchback,manual,electric,5,2019,162.83,0,377,4.13,294,59.16
736.35,3,6,van,automatic,any,coupe,automatic,gasoline,2,2024,820.29,9.55,0,4.77,501,56.66
219.29,1,2,any,manual,any,hatchback,manual,gasoline,5,2021,271.97,7.01,0,4.03,926,77.19
403.93,4,5,sedan,any,diesel,sedan,manual,gasoline,5,2020,325.33,6.38,0,4.12,324,71.36
685.56,4,4,any,automatic,electric,sedan,automatic,electric,5,2023,557.6,0,357,4.67,307,91.85
742.86,5,1,any,automatic,gasoline,suv,automatic,hybrid,7,2021,686.46,4.93,0,3.68,34,79.84
396.83,1,2,hatchback,automatic,diesel,sedan,manual,diesel,5,2025,293.13,4.56,0,4.08,361,73.28
424.67,10,4,any,automatic,gasoline,suv,automatic,diesel,7,2024,337.15,5.85,0,4.46,371,81.41
652.28,2,1,any,automatic,gasoline,sedan,automatic,electric,5,2024,517.08,0,444,3.52,676,78.39
1362.84,1,1,any,any,hybrid,coupe,automatic,diesel,3,2026,1091.66,4.97,0,3.97,894,85.43
294.85,4,2,suv,any,any,hatchback,automatic,gasoline,5,2019,262.63,7.64,0,4.5,740,65.7
296.25,21,1,truck,manual,gasoline,sedan,automatic,diesel,5,2023,251.34,5.67,0,4.76,198,63.84
264.16,6,1,suv,any,hybrid,sedan,manual,gasoline,5,2023,304.23,8.38,0,3.82,188,57.5
279.66,1,5,van,any,diesel,hatchback,manual,gasoline,5,2022,278.15,5.63,0,4.48,186,69.95
431.6,4,1,suv,manual,any,suv,manual,diesel,7,2020,461.54,6.02,0,4.48,893,83.67
348.16,3,5,suv,automatic,gasoline,hatchback,automatic,diesel,5,2022,358.09,5.67,0,3.87,337,64.45
579.94,3,6,hatchback,automatic,any,sedan,manual,hybrid,5,2021,467.7,5.03,0,4.94,488,55.09
955.2,2,5,hatchback,manual,gasoline,suv,automatic,gasoline,5,2023,726.17,7.2,0,4.23,133,69.13
150,9,1,van,any,hybrid,hatchback,manual,diesel,5,2020,173.88,5.78,0,4.05,147,59.19
227.88,5,2,any,any,electric,hatchback,manual,gasoline,5,2023,234.58,8.01,0,3.84,124,73.94
303.31,5,4,hatchback,any,any,hatchback,automatic,gasoline,5,2024,234.09,8.06,0,3.95,343,83.14
830.18,1,1,hatchback,any,gasoline,truck,automatic,diesel,3,2024,758.08,4.5,0,4.51,784,75.35
211.43,2,5,suv,any,gasoline,hatchback,automatic,electric,5,2024,243.8,0,350,4.17,427,66.6
426.4,2,1,sedan,automatic,any,hatchback,automatic,hybrid,5,2025,411.39,5.2,0,3.77,512,84.69
899.37,2,3,sedan,manual,gasoline,van,automatic,gasoline,9,2018,699.02,6.18,0,3.21,776,59.1
803.17,29,5,any,manual,electric,van,automatic,gasoline,7,2022,812.42,7.64,0,4.57,656,64.62
375.32,1,1,hatchback,automatic,any,sedan,automatic,diesel,5,2015,362.62,4.48,0,4.24,252,72.14
322.36,9,3,hatchback,automatic,any,suv,manual,gasoline,5,2023,318.26,7.59,0,4.32,354,65.48
272.1,27,1,suv,automatic,any,hatchback,manual,gasoline,5,2021,232.8,6.83,0,4.29,615,63.39
476.83,5,1,any,manual,hybrid,hatchback,manual,gasoline,5,2026,385.04,8.86,0,4.27,237,75.13
578.96,1,2,sedan,any,diesel,sedan,automatic,diesel,5,2021,458.18,5.25,0,4.68,942,84.69
696.71,1,2,sedan,any,any,coupe,manual,gasoline,3,2017,811.58,8.54,0,4.92,348,64.61
454.6,1,2,truck,any,diesel,hatchback,manual,gasoline,5,2024,372.44,8.54,0,4.58,374,64.15
185.89,1,3,truck,automatic,hybrid,hatchback,automatic,hybrid,5,2025,202.3,5.88,0,4.66,287,79.82
274.8,1,1,coupe,automatic,gasoline,hatchback,manual,gasoline,5,2026,203.9,7.81,0,4.08,552,70.05
366.72,3,5,hatchback,any,diesel,sedan,automatic,diesel,5,2022,358.34,5.57,0,4.27,266,74.82
338.0,1,5,truck,any,hybrid,sedan,automatic,diesel,5,2022,477.87,7.35,0,3.95,194,54.08
648.02,1,3,suv,any,any,suv,manual,gasoline,5,2020,588.38,8.37,0,4.39,500,76.53
427.96,16,2,hatchback,manual,hybrid,suv,automatic,gasoline,6,2021,499.41,9.29,0,5,1045,49.61
357.52,1,5,any,any,gasoline,suv,automatic,gasoline,5,2015,404.4,8.58,0,5,160,69.68
632.18,1,1,any,automatic,any,suv,automatic,gasoline,7,2023,702.08,6.99,0,4.17,428,79.93
303.12,4,6,hatchback,any,electric,sedan,automatic,gasoline,5,2024,438.13,8.08,0,3.93,644,39.75
281.84,5,4,any,automatic,gasoline,hatchback,automatic,diesel,5,2020,244.12,7.39,0,3.88,726,70.67
279.77,2,3,any,automatic,any,sedan,automatic,gasoline,5,2019,256.74,5.91,0,4.46,1026,83.98
502.95,2,1,sedan,manual,any,coupe,manual,gasoline,2,2019,347.41,7.59,0,3.7,253,66.16
565.05,9,1,any,manual,gasoline,van,automatic,gasoline,9,2022,560.43,6.86,0,4.15,345,76.99
150,6,4,suv,automatic,hybrid,hatchback,automatic,gasoline,5,2023,170.1,6.85,0,3.93,602,63.67
862.92,3,3,coupe,automatic,any,truck,automatic,diesel,5,2024,711.29,4.48,0,4.06,521,78.49
794.99,1,3,any,manual,gasoline,coupe,manual,diesel,4,2018,785.63,4.35,0,4.22,196,75.59
647.51,7,3,sedan,automatic,electric,suv,manual,gasoline,5,2023,614.78,9.21,0,4.59,337,54.32
254.78,2,1,any,automatic,gasoline,hatchback,automatic,gasoline,5,2021,199.42,7.69,0,3.68,794,80.14
575.25,6,1,suv,automatic,diesel,suv,automatic,electric,6,2023,484.1,0,394,4.67,355,85.37
836.9,14,3,sedan,automatic,any,van,automatic,diesel,9,2026,756.9,5.17,0,4.04,792,83.03
227.95,1,4,sedan,manual,gasoline,hatchback,manual,gasoline,5,2020,221.25,7.55,0,4.06,799,68.75
355.97,25,2,coupe,manual,any,suv,manual,gasoline,6,2021,376.18,9.1,0,4.31,458,65.42
241.42,1,2,hatchback,automatic,gasoline,hatchback,automatic,electric,5,2023,277.42,0,478,4.03,279,82.5
557.94,4,3,suv,any,any,sedan,automatic,gasoline,5,2025,402.78,7.1,0,4.93,550,79.46
422.99,22,1,suv,manual,any,hatchback,automatic,gasoline,5,2024,319.56,7.21,0,4.48,644,69.6
593.58,1,2,van,automatic,any,suv,manual,hybrid,5,2022,545.87,6.05,0,4.13,253,68.67
607.8,5,1,truck,automatic,any,van,automatic,gasoline,9,2020,497.52,8.38,0,4.99,401,65.97
237.94,14,1,van,automatic,any,sedan,manual,gasoline,5,2020,266.53,7.96,0,4.43,328,58.29
791.37,3,2,any,automatic,electric,coupe,automatic,gasoline,2,2026,677.54,9.47,0,4.75,288,77.16
506.88,7,2,hatchback,any,gasoline,suv,automatic,electric,5,2021,421.63,0,380,4.8,752,69.19
637.05,5,1,any,automatic,gasoline,suv,automatic,gasoline,7,2022,499.01,9.24,0,4.18,617,76.76
379.19,2,3,any,any,any,sedan,automatic,diesel,5,2021,395.8,6.48,0,4.19,598,85.38
288.11,3,1,any,manual,any,hatchback,automatic,hybrid,5,2025,274.68,3.81,0,3.63,445,88.07
462.11,1,2,suv,any,any,hatchback,automatic,diesel,5,2025,380.03,5.04,0,4.58,597,80.65
418.34,1,2,any,automatic,diesel,hatchback,automatic,hybrid,5,2025,291.47,3.7,0,4.82,128,87.28
366.12,6,3,sedan,automatic,any,suv,automatic,gasoline,7,2024,423.63,7.75,0,4.44,564,72.46
517.93,1,2,hatchback,any,gasoline,van,automatic,gasoline,8,2015,413.35,6.4,0,4.35,286,69.2
199.0,3,2,suv,any,gasoline,sedan,automatic,hybrid,5,2017,193.73,3.91,0,3.28,74,65.72
225.94,18,5,suv,any,any,hatchback,automatic,diesel,5,2020,250.45,6.91,0,4.99,341,69.65
577.71,3,1,any,any,hybrid,coupe,automatic,gasoline,4,2024,627.53,6.62,0,3.87,176,74.95
877.09,6,2,sedan,any,diesel,van,automatic,hybrid,9,2022,918.1,3.76,0,4.18,204,71.3
721.34,5,1,hatchback,any,hybrid,van,automatic,gasoline,9,2022,811.18,8.62,0,4.62,219,62.52
757.13,2,2,suv,automatic,electric,coupe,automatic,hybrid,4,2019,730.14,4.79,0,4.04,314,64.35
450.29,5,2,hatchback,automatic,any,hatchback,automatic,diesel,5,2026,379.14,5.45,0,4.25,198,92.7
1078.37,3,6,sedan,manual,gasoline,suv,manual,electric,5,2025,796.76,0,446,4.38,301,60.44
1181.77,9,2,suv,manual,any,coupe,manual,electric,3,2021,979.19,0,334,4.67,198,72.46
549.57,3,1,any,automatic,any,sedan,automatic,gasoline,5,2026,502.23,7.91,0,3.96,525,82.12
237.11,2,2,sedan,any,gasoline,hatchback,automatic,hybrid,5,2021,255.15,4.07,0,4.32,160,68.33
745.33,17,6,any,manual,any,suv,manual,electric,7,2023,727.34,0,399,4.16,404,86.75
960.49,2,2,any,manual,gasoline,truck,manual,gasoline,2,2022,781.99,9.3,0,4.36,369,77.04
150,1,2,hatchback,any,any,hatchback,automatic,diesel,5,2018,170.64,6.84,0,3.68,383,75.44
356.75,3,6,suv,automatic,gasoline,sedan,manual,electric,5,2025,400.82,0,315,4.36,408,49.2
267.82,1,3,any,automatic,gasoline,hatchback,automatic,gasoline,5,2023,195.67,6.16,0,3.5,651,86.88
533.25,1,6,sedan,any,gasoline,van,automatic,gasoline,9,2023,630.87,8.85,0,4.05,502,67.51
623.57,2,2,any,manual,any,sedan,automatic,gasoline,5,2024,479.37,6.81,0,3.54,225,80.06
393.27,2,1,suv,any,hybrid,suv,manual,gasoline,6,2019,348.61,9.5,0,4.73,660,65.95
347.31,3,2,any,manual,any,sedan,automatic,diesel,5,2024,340.57,5.02,0,3.72,286,82.7
520.44,2,4,van,automatic,hybrid,suv,automatic,diesel,6,2026,514.39,5.45,0,3.88,765,75.35
388.25,5,1,van,automatic,any,suv,automatic,gasoline,7,2025,515.06,8.16,0,4.73,824,66.97
573.97,2,6,suv,any,any,sedan,manual,hybrid,5,2026,450.02,5.25,0,4.21,453,66.4
466.04,20,4,sedan,any,any,van,automatic,gasoline,9,2023,551.89,7.5,0,3.72,524,67.31
786.51,6,3,any,any,gasoline,truck,automatic,gasoline,5,2023,650.36,6.52,0,5,446,90.97
294.09,3,5,sedan,automatic,any,suv,automatic,gasoline,5,2019,367.82,9.61,0,3.94,555,55.79
496.43,3,1,suv,manual,any,suv,automatic,gasoline,7,2026,497.55,6.44,0,3.89,422,83.08
341.13,1,2,sedan,any,diesel,sedan,automatic,gasoline,5,2022,403.24,7.62,0,3.61,782,71.16
320.24,7,5,any,any,gasoline,sedan,manual,gasoline,5,2019,362.34,5.79,0,4.06,304,81.59
473.51,4,3,any,any,gasoline,sedan,manual,gasoline,5,2025,361.09,6.51,0,3.62,354,84.31
818.13,2,2,suv,any,gasoline,van,automatic,hybrid,7,2023,802.68,6.15,0,3.81,158,67.45
441.68,2,2,sedan,automatic,gasoline,sedan,automatic,diesel,5,2024,345.19,4.37,0,3.65,884,81.11
497.5,28,2,sedan,any,any,suv,automatic,gasoline,5,2020,386.42,7.35,0,5,183,70.36
275.41,12,3,sedan,automatic,gasoline,sedan,manual,gasoline,5,2015,230.06,7.31,0,3.5,685,67.88
615.88,27,2,coupe,manual,any,van,automatic,hybrid,8,2024,675.04,5.3,0,4.78,105,71.49
395.37,24,7,sedan,any,any,sedan,automatic,gasoline,5,2020,398.15,7.38,0,4.37,157,64.3
274.28,2,2,sedan,any,diesel,hatchback,manual,gasoline,5,2024,226.22,7.32,0,4.86,688,67.53
400.95,4,2,any,automatic,any,sedan,automatic,electric,5,2018,459.93,0,426,3.89,234,75.35
543.68,1,1,any,automatic,diesel,sedan,automatic,gasoline,5,2019,358.28,7.92,0,3.13,275,67.23
386.35,4,3,any,any,any,hatchback,automatic,electric,5,2025,315.53,0,339,4.75,172,95.89
579.55,2,2,any,any,any,sedan,automatic,gasoline,5,2025,472.32,6.21,0,4.23,534,91.28
1022.31,10,2,hatchback,any,any,van,manual,electric,9,2026,782.86,0,316,3.92,419,82.82
907.32,8,5,coupe,manual,any,coupe,automatic,gasoline,2,2026,912.26,5.65,0,3.85,542,70.21
701.06,26,3,suv,automatic,gasoline,suv,automatic,gasoline,5,2025,547.99,8.04,0,3.75,201,85.79
450.03,5,2,sedan,manual,any,suv,manual,gasoline,5,2022,406.03,8.04,0,3.41,186,70.71
530.4,4,2,sedan,manual,any,suv,automatic,electric,5,2023,597.67,0,262,4.49,188,67.92
783.68,1,1,suv,automatic,diesel,van,manual,gasoline,9,2020,779.37,7.69,0,4.59,689,57.28
884.15,5,1,sedan,automatic,gasoline,suv,automatic,electric,5,2020,687.07,0,349,4.27,632,67.43
213.79,4,9,any,any,any,hatchback,automatic,diesel,5,2020,299.8,5.81,0,4.09,845,55.68
375.22,1,2,any,any,any,hatchback,manual,gasoline,5,2024,325.07,5.74,0,3.71,1010,86.01
261.18,1,5,suv,manual,diesel,hatchback,manual,electric,5,2025,234.34,0,229,4.7,501,70.48
671.09,11,1,suv,any,any,coupe,manual,gasoline,4,2023,701.46,7.88,0,4.77,176,73.98
218.58,2,4,any,manual,any,suv,manual,gasoline,6,2015,246.35,5.51,0,3.52,935,80.15
536.3,6,2,suv,automatic,gasoline,suv,manual,gasoline,7,2024,634.1,9.52,0,4.99,1020,69.45
374.61,23,2,hatchback,manual,diesel,sedan,automatic,diesel,5,2017,296.92,5.26,0,4.62,354,66.38
164.76,5,2,hatchback,manual,gasoline,hatchback,automatic,diesel,5,2022,216.7,7.12,0,3.78,316,62.13
338.05,8,1,any,automatic,diesel,hatchback,automatic,gasoline,5,2023,205.54,7.99,0,4.29,396,76.37
726.83,1,2,truck,automatic,diesel,coupe,manual,gasoline,2,2018,571.56,7.73,0,4.14,297,49.69
1189.65,2,1,hatchback,any,any,truck,automatic,electric,4,2018,876.88,0,335,4.27,583,68.15
396.92,1,4,suv,automatic,gasoline,sedan,automatic,diesel,5,2017,415.84,6.44,0,4.52,619,57.47
695.84,2,2,hatchback,automatic,any,truck,automatic,electric,2,2025,631.99,0,346,3.62,792,83.14
1126.33,16,3,any,any,electric,van,automatic,electric,9,2024,1029.28,0,307,5,390,91.29
504.39,3,8,sedan,any,diesel,suv,automatic,electric,5,2020,402.73,0,361,3.79,694,50.42
386.88,4,3,sedan,manual,any,hatchback,manual,diesel,5,2026,339.89,5.27,0,4.23,91,78.74
360.31,1,4,sedan,automatic,any,suv,manual,hybrid,5,2021,422.56,5.31,0,3.65,399,65.77
741.16,2,2,truck,automatic,any,van,manual,gasoline,9,2015,577.12,9.61,0,4.06,284,59.0
773.49,11,3,hatchback,automatic,any,suv,automatic,electric,6,2020,594.72,0,216,4.44,224,74.04
838.88,1,1,hatchback,manual,gasoline,coupe,manual,gasoline,2,2026,1008.78,6.73,0,4.02,505,76.15
297.46,1,4,any,manual,hybrid,hatchback,manual,gasoline,5,2022,337.86,8.62,0,3.88,730,69.55
795.24,15,1,any,automatic,diesel,coupe,automatic,gasoline,2,2023,718.01,6.66,0,3.92,492,80.61
341.19,6,3,coupe,any,any,hatchback,manual,gasoline,5,2022,321.15,9.11,0,4.77,461,73.36
228.19,2,1,suv,any,gasoline,sedan,automatic,gasoline,5,2024,255.91,8.17,0,3.57,793,70.04
763.78,2,2,sedan,any,diesel,coupe,manual,gasoline,3,2020,629.9,5.93,0,4.93,182,62.92
336.73,1,3,sedan,automatic,gasoline,hatchback,manual,gasoline,5,2021,275.62,8.55,0,4.03,195,64.37
240.64,1,1,hatchback,manual,gasoline,hatchback,automatic,diesel,5,2021,162.81,6.63,0,5,448,68.37
291.63,2,1,suv,manual,any,hatchback,automatic,gasoline,5,2023,348.74,9.71,0,4.94,385,58.54
788.68,5,1,suv,automatic,gasoline,suv,automatic,hybrid,6,2026,594.8,5.79,0,4.68,348,79.61
542.79,1,2,suv,any,gasoline,sedan,manual,electric,5,2017,442.59,0,326,4.14,629,64.67
444.9,1,1,any,any,any,sedan,automatic,gasoline,5,2020,420.11,7.67,0,5,955,80.54
438.97,1,5,truck,manual,any,van,automatic,gasoline,7,2022,516.37,7.76,0,4.92,718,62.38
819.69,1,1,van,any,any,suv,automatic,electric,5,2025,673.32,0,300,3.88,757,77.52
626.95,1,1,suv,any,gasoline,van,automatic,gasoline,8,2020,734.28,6.02,0,4.13,279,70.86
522.46,14,1,hatchback,any,diesel,sedan,automatic,electric,5,2023,539.78,0,327,4.62,174,65.93
507.92,2,2,any,any,gasoline,sedan,automatic,diesel,5,2025,446.76,5.13,0,4.02,577,86.12
480.64,3,3,suv,any,any,suv,automatic,gasoline,7,2024,335.65,6.12,0,3.75,738,84.97
586.28,19,1,truck,any,diesel,truck,manual,gasoline,5,2020,712.67,9.3,0,3.74,708,62.67
388.72,5,5,any,automatic,gasoline,suv,manual,diesel,5,2023,342.72,4.35,0,3.94,362,72.44
302.01,3,1,suv,manual,hybrid,hatchback,manual,electric,5,2019,319.32,0,367,4.37,1022,60.9
381.09,7,1,sedan,any,gasoline,coupe,automatic,gasoline,3,2017,397.34,5.84,0,3.94,556,66.48
703.71,3,4,suv,automatic,gasoline,coupe,manual,hybrid,3,2022,635.53,3.53,0,3.53,182,47.67
159.28,1,5,any,automatic,any,hatchback,manual,gasoline,5,2019,205.01,7.72,0,4.49,706,63.97
704.86,1,2,truck,manual,diesel,van,manual,gasoline,9,2022,593.19,6.12,0,4.45,461,65.96
788.38,6,3,suv,automatic,any,van,automatic,gasoline,9,2020,755.9,6.25,0,3.59,411,71.86
627.32,1,2,any,manual,any,sedan,automatic,electric,5,2026,485.62,0,325,5,476,87.66
227.95,5,9,van,any,electric,hatchback,manual,gasoline,5,2019,204.88,7.6,0,3.98,517,45.57
274.83,5,2,suv,any,any,hatchback,manual,electric,5,2021,207.51,0,285,4.14,827,73.55
335.41,1,1,hatchback,any,diesel,hatchback,automatic,hybrid,5,2022,242.94,5.36,0,4.72,578,78.23
553.88,2,3,hatchback,manual,diesel,suv,automatic,diesel,6,2024,703.49,6.96,0,3.84,857,62.68
880.75,7,7,any,automatic,diesel,van,automatic,electric,7,2019,763.02,0,268,4.08,1094,76.08
411.4,20,3,hatchback,manual,diesel,sedan,automatic,gasoline,5,2025,374.2,9.2,0,4.09,650,59.55
218.56,2,3,hatchback,manual,electric,hatchback,automatic,gasoline,5,2026,197.56,8.98,0,3.66,869,71.28
459.97,1,1,sedan,any,any,suv,automatic,gasoline,6,2020,501.7,5.87,0,4.11,181,73.87
201.66,14,3,sedan,any,gasoline,hatchback,automatic,gasoline,5,2019,238.42,6.41,0,4.44,376,68.92
202.55,14,6,any,automatic,gasoline,sedan,automatic,gasoline,5,2019,261.72,8.68,0,4.88,424,55.82
649.03,2,3,any,automatic,any,suv,automatic,electric,7,2025,547.73,0,255,3.87,55,92.05
396.09,2,4,coupe,manual,any,van,automatic,hybrid,8,2017,505.02,5.16,0,4.26,789,58.51
313.21,1,4,hatchback,manual,gasoline,sedan,automatic,gasoline,5,2025,288.91,6.92,0,4.88,990,74.78
531.52,5,1,hatchback,automatic,any,sedan,manual,gasoline,5,2021,434.53,7.21,0,3.85,585,61.84
165.19,19,2,any,any,electric,hatchback,manual,diesel,5,2023,199.09,4.92,0,3.96,541,73.07
685.11,10,4,hatchback,manual,hybrid,sedan,automatic,electric,5,2024,573.53,0,430,5,536,64.45
1261.54,1,1,coupe,any,electric,coupe,manual,diesel,3,2025,914.95,7.04,0,4.45,660,82.01
365.32,1,5,van,manual,any,hatchback,manual,gasoline,5,2020,345.12,5.81,0,4.42,222,69.81
561.5,7,3,sedan,automatic,hybrid,suv,manual,electric,6,2024,697.01,0,293,4.38,76,59.16
298.58,2,5,suv,automatic,electric,suv,manual,hybrid,5,2020,304.94,4.25,0,4.34,465,70.33
440.14,2,2,truck,automatic,gasoline,sedan,manual,hybrid,5,2021,333.83,3.67,0,4.1,383,64.86
325.61,2,1,suv,any,any,sedan,automatic,gasoline,5,2024,250.69,9.64,0,4.41,207,74.28
558.01,7,5,sedan,manual,electric,coupe,automatic,gasoline,2,2026,569.39,6.13,0,4.28,1117,51.21
671.01,4,3,suv,automatic,gasoline,suv,manual,diesel,5,2023,711.91,7.34,0,4.68,276,71.67
535.04,29,1,any,manual,gasoline,sedan,automatic,hybrid,5,2021,480.78,5.43,0,4.02,426,68.76
569.75,7,5,any,automatic,diesel,suv,automatic,gasoline,6,2026,559.65,8.92,0,3.77,450,71.78
566.12,3,1,hatchback,any,gasoline,sedan,automatic,gasoline,5,2021,390.4,9.56,0,3.9,668,65.91
701.39,23,4,suv,automatic,electric,van,manual,hybrid,8,2026,852.86,3.82,0,5,807,67.79
360.75,13,2,any,manual,electric,sedan,manual,electric,5,2024,315.15,0,191,4.4,302,82.5
603.91,6,2,coupe,manual,hybrid,sedan,manual,diesel,5,2023,438.45,5.91,0,3.94,153,70.95
407.55,3,3,suv,any,gasoline,suv,manual,gasoline,7,2023,329.8,6.43,0,3.48,717,82.65
912.34,2,3,any,automatic,electric,coupe,manual,gasoline,3,2019,840.63,6.24,0,4.34,59,63.89
306.6,14,2,suv,automatic,gasoline,suv,automatic,gasoline,7,2024,311.49,6.27,0,4.49,169,89.33
840.69,24,9,sedan,manual,hybrid,suv,automatic,hybrid,6,2020,694.61,4.5,0,3.73,612,55.44
372.42,1,3,sedan,any,gasoline,suv,automatic,electric,7,2022,421.64,0,214,4.23,110,63.7
653.96,1,2,any,any,diesel,van,automatic,gasoline,7,2021,775.42,5.56,0,4.06,152,75.59
543.3,4,4,sedan,automatic,any,suv,manual,gasoline,6,2024,483.2,9.79,0,4.04,271,65.55
668.41,1,4,hatchback,any,any,suv,automatic,diesel,7,2021,591.03,6.03,0,3.47,245,75.28
226.77,1,3,suv,automatic,gasoline,sedan,manual,hybrid,5,2021,249.35,5.07,0,3.64,383,55.64
275.53,1,1,coupe,automatic,gasoline,hatchback,manual,diesel,5,2024,278.84,5.15,0,4.73,417,62.72
355.2,1,1,sedan,automatic,any,sedan,automatic,gasoline,5,2023,466.77,9.47,0,4.42,210,71.86
383.47,1,4,coupe,any,diesel,sedan,manual,diesel,5,2023,312.84,5.2,0,4.73,429,82.66
778.29,6,1,any,manual,any,truck,automatic,hybrid,5,2020,763.47,5.25,0,3.71,73,72.9
426.31,10,3,hatchback,manual,diesel,suv,manual,diesel,7,2020,476.17,6.56,0,4.08,229,66.08
203.42,4,1,sedan,automatic,hybrid,sedan,manual,diesel,5,2020,215.09,5.74,0,3.65,746,64.63
977.03,2,3,hatchback,any,any,van,manual,hybrid,8,2019,795.79,5.66,0,5,254,74.67
687.0,14,1,hatchback,any,any,van,automatic,gasoline,7,2018,750.23,8.74,0,4.35,208,62.5
390.3,1,2,suv,automatic,gasoline,hatchback,automatic,gasoline,5,2019,312.79,6.8,0,5,172,73.79
747.84,1,5,van,automatic,any,coupe,automatic,gasoline,4,2023,853.82,8.33,0,4.08,877,54.11
192.11,2,2,truck,manual,any,hatchback,automatic,gasoline,5,2026,190.34,8.53,0,4.38,815,65.08
550.11,3,1,any,automatic,electric,suv,automatic,diesel,6,2023,586.52,4.38,0,4.24,607,80.82
427.52,1,1,any,any,any,sedan,automatic,gasoline,5,2022,334.27,8.42,0,4.46,694,79.39
328.2,8,5,any,manual,any,hatchback,automatic,hybrid,5,2024,254.82,5.55,0,4.11,934,82.38
673.77,1,3,hatchback,automatic,gasoline,suv,automatic,diesel,5,2024,675.75,6.43,0,3.39,672,66.99
303.51,1,1,suv,manual,any,sedan,automatic,gasoline,5,2024,241.4,5.72,0,4.67,375,70.66
601.77,3,4,any,automatic,hybrid,suv,manual,diesel,7,2021,452.79,5.97,0,3.69,83,69.43
280.57,11,6,van,automatic,gasoline,hatchback,automatic,diesel,5,2022,332.3,5.18,0,4.78,195,51.04
977.59,24,2,hatchback,automatic,gasoline,coupe,manual,electric,3,2018,790.68,0,357,4.23,183,54.84
358.28,5,1,sedan,manual,gasoline,suv,automatic,diesel,7,2019,417.21,5.06,0,4.88,767,56.28
625.42,1,1,any,automatic,gasoline,van,automatic,hybrid,7,2019,737.72,4.78,0,4.08,956,68.57
357.2,1,2,coupe,any,electric,suv,automatic,gasoline,6,2021,315.08,7.24,0,3.89,331,64.08
401.31,13,4,sedan,any,gasoline,sedan,automatic,gasoline,5,2017,405.04,8.53,0,4.57,130,78.35
711.16,1,1,hatchback,automatic,any,suv,automatic,hybrid,7,2019,659.46,4.37,0,4.71,441,76.06
678.24,5,5,hatchback,manual,diesel,coupe,manual,diesel,3,2020,733.67,6.84,0,5,947,55.99
698.67,4,1,hatchback,automatic,gasoline,coupe,automatic,electric,4,2023,671.33,0,278,3.81,626,67.0
440.99,1,4,hatchback,automatic,gasoline,hatchback,automatic,gasoline,5,2025,352.17,9.07,0,4.24,426,85.86
319.49,3,5,any,manual,hybrid,hatchback,manual,gasoline,5,2023,275.99,8.55,0,4.92,432,72.1
322.56,1,2,sedan,automatic,diesel,sedan,automatic,gasoline,5,2026,245.84,8.49,0,4.23,182,73.77
291.22,2,1,any,automatic,gasoline,hatchback,automatic,gasoline,5,2022,207.09,9.35,0,3.61,662,78.49
531.8,1,4,sedan,manual,any,sedan,automatic,gasoline,5,2022,464.59,6.45,0,4.16,577,79.14
749.46,13,2,sedan,manual,any,van,automatic,gasoline,7,2025,685.76,7.4,0,4.16,203,67.28
580.53,3,1,sedan,any,any,suv,manual,diesel,6,2022,705.65,5.94,0,4.03,140,68.81
259.49,13,7,suv,automatic,gasoline,hatchback,manual,gasoline,5,2022,211.11,9.38,0,4.82,525,50.64
352.09,5,2,hatchback,manual,hybrid,hatchback,automatic,hybrid,5,2017,338.35,4.94,0,3.45,967,76.98
185.44,20,3,any,any,electric,hatchback,automatic,electric,5,2022,204.93,0,315,4.74,88,80.53
456.15,3,3,suv,manual,diesel,suv,manual,electric,6,2024,442.56,0,360,4.56,145,82.82
446.46,8,4,any,automatic,gasoline,sedan,automatic,gasoline,5,2020,395.36,9.33,0,4.51,782,76.01
226.66,5,1,sedan,automatic,any,hatchback,automatic,hybrid,5,2019,281.21,5.73,0,4.2,214,64.02
250.83,5,3,suv,any,any,hatchback,automatic,gasoline,5,2022,198.42,5.72,0,4.04,153,77.33
655.26,4,3,suv,automatic,diesel,sedan,automatic,electric,5,2025,547.8,0,346,3.78,270,75.75
249.8,1,4,any,automatic,hybrid,sedan,automatic,diesel,5,2022,345.95,7.17,0,3.96,699,66.34
211.71,5,3,any,automatic,gasoline,hatchback,automatic,hybrid,5,2022,233.63,6.09,0,5,403,76.74
724.39,1,4,suv,any,electric,coupe,automatic,gasoline,2,2025,705.72,8.81,0,3.44,199,50.74
1061.1,2,3,van,automatic,gasoline,van,automatic,electric,7,2024,1038.07,0,331,4.8,165,83.88
359.92,3,2,hatchback,any,any,hatchback,manual,electric,5,2016,341.92,0,325,4.73,232,83.3
366.83,6,2,sedan,any,gasoline,sedan,manual,hybrid,5,2020,385.31,4.61,0,4.75,235,75.38
488.85,4,7,suv,any,gasoline,van,automatic,gasoline,8,2023,546.64,6.18,0,3.75,1100,74.05
398.29,3,1,sedan,manual,any,sedan,manual,diesel,5,2021,352.41,5.22,0,4.33,95,86.84
435.58,5,2,truck,manual,gasoline,suv,automatic,gasoline,6,2019,333.24,6.97,0,4.15,677,59.21
392.89,28,4,any,automatic,gasoline,sedan,automatic,hybrid,5,2026,407.56,6.13,0,3.85,141,79.78
258.79,6,2,sedan,manual,gasoline,hatchback,manual,gasoline,5,2025,266.15,8.65,0,4.67,286,73.52
541.62,2,5,hatchback,automatic,gasoline,suv,manual,gasoline,5,2020,426.79,9.12,0,5,783,59.72
232.69,6,1,sedan,automatic,gasoline,hatchback,automatic,diesel,5,2024,238.55,5.7,0,4.25,518,67.66
437.75,1,1,any,automatic,gasoline,suv,automatic,electric,7,2025,464.89,0,449,4.41,952,87.33
1021.86,1,2,sedan,manual,diesel,coupe,manual,gasoline,4,2024,1035.06,7.21,0,4.34,541,70.98
591.65,28,4,any,automatic,gasoline,van,automatic,gasoline,9,2023,604.2,9.3,0,3.74,561,82.23
429.94,1,1,van,any,any,hatchback,automatic,diesel,5,2023,372.09,6.29,0,4.72,936,74.69
744.96,3,3,suv,manual,any,van,manual,hybrid,8,2025,826.08,4.49,0,4.5,448,76.75
396.69,22,2,suv,automatic,gasoline,sedan,manual,diesel,5,2020,412.99,6.02,0,4.06,1123,54.34
601.79,1,5,suv,any,any,suv,manual,gasoline,6,2019,649.8,7.8,0,4.3,355,78.11
412.48,18,3,coupe,any,gasoline,sedan,automatic,electric,5,2026,331.82,0,460,3.65,261,77.6
629.11,12,1,hatchback,any,diesel,truck,automatic,gasoline,5,2022,781.32,8.58,0,4.15,122,54.66
671.68,6,5,any,automatic,any,sedan,automatic,electric,5,2023,503.95,0,262,4.0,248,84.46
707.77,1,2,sedan,automatic,electric,coupe,automatic,diesel,3,2025,628.66,4.91,0,5,243,73.78
208.39,28,5,any,automatic,any,hatchback,automatic,hybrid,5,2016,263.31,4.04,0,4.24,166,79.41
226.43,2,1,sedan,manual,gasoline,sedan,automatic,gasoline,5,2026,236.2,6.24,0,4.32,1074,78.65
213.51,1,3,any,any,any,hatchback,automatic,diesel,5,2020,192.94,6.59,0,4.32,502,82.63
264.24,3,3,truck,any,any,sedan,automatic,gasoline,5,2018,311.67,6.55,0,4.3,140,63.22
573.75,8,3,hatchback,automatic,gasoline,coupe,automatic,gasoline,2,2024,595.41,8.16,0,3.9,134,56.03
322.69,28,3,hatchback,automatic,any,hatchback,automatic,gasoline,5,2018,300.34,8.36,0,4.38,760,73.69
641.8,2,2,sedan,manual,any,sedan,manual,diesel,5,2025,479.25,4.44,0,3.78,88,93.1
476.77,3,1,suv,manual,electric,suv,automatic,gasoline,7,2024,403.43,6.1,0,4.36,298,70.85
696.92,3,3,any,manual,any,coupe,automatic,gasoline,4,2025,495.35,7.34,0,4.36,759,84.22
418.14,3,2,hatchback,automatic,gasoline,suv,automatic,diesel,6,2023,442.75,5.33,0,4.83,246,72.27
557.17,21,3,any,automatic,any,suv,automatic,electric,5,2020,393.95,0,293,4.29,328,84.09
422.89,1,3,suv,manual,any,hatchback,automatic,gasoline,5,2024,335.41,8.82,0,4.74,439,67.75
366.22,8,5,sedan,any,any,sedan,automatic,diesel,5,2021,367.98,4.58,0,4.97,474,84.55
232.54,1,5,suv,automatic,gasoline,hatchback,automatic,diesel,5,2022,184.63,6.53,0,3.83,407,65.89
488.78,5,5,van,any,gasoline,sedan,manual,hybrid,5,2024,372.22,6.14,0,4.82,465,73.02
622.45,2,5,any,automatic,any,coupe,automatic,gasoline,4,2022,649.88,6.19,0,3.56,159,67.92
519.45,5,2,suv,any,diesel,hatchback,automatic,hybrid,5,2024,428.43,5.52,0,5,1086,71.94
1109.57,3,3,hatchback,automatic,any,coupe,automatic,hybrid,2,2020,963.94,3.55,0,3.25,918,60.53
630.66,2,6,hatchback,automatic,any,suv,manual,gasoline,5,2017,565.25,9.06,0,4.51,371,44.01
312.14,4,4,van,any,gasoline,hatchback,manual,diesel,5,2023,335.14,5.24,0,4.33,285,70.64
856.58,1,1,any,automatic,electric,van,automatic,diesel,8,2025,678.31,4.68,0,4.84,260,82.45
193.32,6,2,sedan,manual,any,hatchback,manual,gasoline,5,2019,188.6,8.18,0,3.5,714,66.56
297.03,1,1,any,any,gasoline,hatchback,automatic,hybrid,5,2023,319.01,4.8,0,4.14,385,77.51
499.12,7,4,suv,manual,diesel,suv,manual,hybrid,6,2019,639.71,4.75,0,4.34,725,67.8
840.65,2,2,hatchback,automatic,diesel,van,automatic,gasoline,9,2021,682.32,6.03,0,4.86,969,68.23
348.28,3,4,suv,automatic,gasoline,hatchback,manual,electric,5,2019,308.85,0,324,3.59,179,55.28
198.01,3,1,hatchback,any,gasoline,sedan,automatic,gasoline,5,2021,232.77,9.33,0,3.99,245,65.69
214.88,2,1,sedan,automatic,electric,sedan,automatic,gasoline,5,2026,273.07,6.31,0,4.74,620,78.82
579.14,1,3,sedan,automatic,gasoline,van,manual,diesel,8,2019,581.07,7.11,0,4.18,172,56.4
384.17,1,3,truck,automatic,any,suv,manual,diesel,6,2023,354.2,5.97,0,4.72,167,73.52
851.55,16,2,any,any,any,truck,automatic,gasoline,2,2023,740.92,6.9,0,4.23,343,81.33
912.41,2,1,van,automatic,gasoline,coupe,automatic,gasoline,4,2023,678.89,7.59,0,3.66,911,76.34
214.67,6,4,any,manual,electric,hatchback,automatic,gasoline,5,2022,210.63,8.41,0,4.86,345,66.48
540.91,27,4,suv,any,gasoline,coupe,manual,gasoline,4,2026,517.9,5.98,0,3.62,200,80.26
445.84,8,4,sedan,automatic,any,sedan,manual,gasoline,5,2019,389.54,6.37,0,4.48,428,71.05
217.91,2,2,any,automatic,electric,sedan,automatic,gasoline,5,2021,192.55,8.02,0,5,140,75.6
1026.97,11,4,suv,automatic,diesel,truck,automatic,gasoline,5,2022,744.16,6.08,0,5,301,67.34
256.39,1,3,sedan,manual,diesel,sedan,automatic,diesel,5,2020,292.17,6.21,0,4.1,604,69.75
834.71,24,2,sedan,any,diesel,van,automatic,electric,9,2019,923.22,0,365,4.84,640,64.83
327.86,23,2,hatchback,manual,hybrid,hatchback,automatic,gasoline,5,2025,299.8,7.29,0,4.22,554,74.01
150,3,2,sedan,any,gasoline,hatchback,automatic,gasoline,5,2021,153.79,9.11,0,4.79,268,69.44
1015.21,27,2,suv,automatic,hybrid,van,automatic,hybrid,9,2026,956.82,4.88,0,3.81,583,85.5
162.93,2,2,van,manual,hybrid,hatchback,automatic,gasoline,5,2024,220.09,6.3,0,4.35,534,54.48
388.9,1,2,hatchback,any,electric,suv,manual,gasoline,6,2022,416.59,9.5,0,3.8,176,58.87
294.75,25,3,any,any,hybrid,sedan,manual,gasoline,5,2024,252.21,8.06,0,3.29,434,76.35
546.71,7,3,sedan,automatic,gasoline,van,automatic,diesel,7,2026,686.05,6.2,0,3.77,542,64.09
319.64,3,1,suv,manual,electric,suv,automatic,gasoline,7,2023,396.78,8.56,0,4.69,852,61.2
334.06,8,4,suv,automatic,diesel,truck,automatic,diesel,2,2023,373.37,4.32,0,5,922,62.43
457.42,3,4,any,automatic,gasoline,suv,automatic,hybrid,6,2023,426.58,3.88,0,3.92,445,81.37
277.55,3,2,any,manual,diesel,sedan,manual,diesel,5,2024,248.75,6.74,0,4.89,325,90.63
877.41,1,6,suv,manual,any,suv,automatic,diesel,5,2025,781.72,4.76,0,4.22,526,70.84
223.83,1,3,any,any,gasoline,hatchback,automatic,gasoline,5,2023,284.54,7.67,0,3.74,454,79.77
214.13,6,2,sedan,automatic,any,hatchback,manual,gasoline,5,2022,207.62,6.33,0,4.7,1097,70.15
392.2,2,2,hatchback,automatic,any,sedan,manual,diesel,5,2025,426.05,5.82,0,4.52,814,68.26
234.5,2,2,any,automatic,gasoline,hatchback,automatic,diesel,5,2018,317.95,6.76,0,4.48,293,60.55
572.56,5,1,hatchback,any,hybrid,suv,automatic,gasoline,7,2024,652.8,6.04,0,4.65,892,65.68
293.04,1,6,suv,automatic,electric,coupe,automatic,gasoline,4,2021,357.1,5.73,0,3.37,258,46.86
225.38,21,6,suv,automatic,diesel,hatchback,automatic,diesel,5,2020,205.26,5.49,0,4.42,153,56.91
533.92,21,2,hatchback,any,diesel,van,automatic,electric,9,2021,488.47,0,358,4.18,274,67.77
708.49,8,6,truck,automatic,gasoline,van,manual,hybrid,8,2019,703.49,6.09,0,4.65,190,55.54
515.2,14,2,hatchback,manual,gasoline,truck,manual,gasoline,5,2026,414.29,6.32,0,4.47,427,79.08
256.03,7,1,any,manual,any,hatchback,manual,diesel,5,2016,197.65,4.41,0,3.88,472,81.32
421.32,9,1,any,any,diesel,hatchback,automatic,diesel,5,2023,302.2,5.23,0,4.24,538,84.32
528.49,2,1,hatchback,any,diesel,sedan,automatic,diesel,5,2021,435.68,5.0,0,4.44,900,78.62
1042.67,17,3,hatchback,automatic,any,van,manual,electric,9,2024,865.91,0,302,5,288,70.83
674.74,5,8,any,any,diesel,suv,automatic,gasoline,5,2019,520.65,8.59,0,4.88,239,55.08
251.91,2,3,any,any,gasoline,hatchback,automatic,hybrid,5,2025,295.03,4.76,0,3.57,554,80.05
695.97,1,4,suv,automatic,hybrid,truck,automatic,diesel,3,2023,593.5,5.61,0,3.93,226,52.36
280.35,2,1,any,any,hybrid,truck,manual,hybrid,4,2019,412.94,4.17,0,4.81,1168,75.21
1062.95,1,2,sedan,any,gasoline,van,automatic,electric,7,2023,974.98,0,484,4.58,141,74.89
611.25,25,1,hatchback,automatic,gasoline,truck,automatic,hybrid,4,2021,643.42,4.69,0,3.96,582,67.12
393.72,9,7,hatchback,any,any,van,manual,diesel,7,2018,480.46,4.86,0,3.84,459,63.2
354.65,2,5,sedan,any,hybrid,suv,manual,gasoline,5,2023,313.98,8.43,0,4.97,650,64.44
263.56,25,2,any,any,any,suv,automatic,gasoline,5,2019,295.49,7.39,0,3.93,239,72.01
454.7,7,5,van,any,any,suv,automatic,electric,6,2019,473.75,0,327,3.68,411,68.62
482.07,3,7,sedan,manual,any,suv,automatic,hybrid,6,2022,400.38,3.5,0,4.73,344,57.78
498.43,30,1,hatchback,manual,any,truck,automatic,gasoline,3,2022,491.94,6.0,0,4.2,205,70.17
347.17,5,2,any,any,gasoline,suv,automatic,hybrid,6,2022,384.22,5.06,0,4.99,819,75.94
693.45,8,1,any,automatic,gasoline,suv,automatic,electric,6,2026,813.68,0,373,4.64,85,77.15
194.46,1,3,sedan,automatic,any,hatchback,manual,gasoline,5,2023,156.99,8.49,0,4.74,1010,65.21
332.59,2,2,van,any,gasoline,hatchback,automatic,gasoline,5,2022,291.78,7.81,0,3.83,186,68.19
250.62,1,2,van,automatic,hybrid,hatchback,automatic,gasoline,5,2023,182.33,7.19,0,4.38,664,69.38
850.49,1,2,van,manual,any,suv,automatic,gasoline,5,2024,633.93,5.78,0,3.84,310,74.75
378.72,4,3,van,any,diesel,hatchback,manual,gasoline,5,2025,257.1,9.16,0,4.42,168,67.58
404.25,2,2,hatchback,any,any,sedan,manual,electric,5,2020,364.69,0,350,4.32,177,70.22
984.29,5,2,suv,automatic,gasoline,coupe,automatic,diesel,3,2019,886.63,5.1,0,4.52,833,63.21
553.92,3,4,suv,manual,electric,coupe,automatic,hybrid,2,2024,595.81,4.23,0,4.97,805,52.99
209.86,4,1,hatchback,any,any,sedan,automatic,gasoline,5,2018,197.0,6.04,0,4.3,431,72.21
237.5,1,3,van,any,gasoline,sedan,automatic,diesel,5,2020,309.86,4.67,0,4.3,70,61.02
252.04,2,1,any,automatic,diesel,hatchback,automatic,hybrid,5,2020,355.25,5.04,0,4.52,464,65.92
557.52,4,4,any,any,gasoline,sedan,automatic,electric,5,2025,510.28,0,317,4.66,116,81.71
418.55,5,2,sedan,any,diesel,suv,manual,diesel,7,2023,411.75,4.49,0,3.72,509,82.16
548.6,7,2,van,any,gasoline,sedan,automatic,diesel,5,2024,413.11,7.3,0,4.14,653,67.61
456.16,28,1,van,automatic,gasoline,sedan,automatic,gasoline,5,2020,341.35,7.83,0,3.62,694,70.9
273.36,5,1,sedan,automatic,electric,sedan,automatic,gasoline,5,2026,257.02,7.31,0,4.9,867,77.24
745.74,1,3,sedan,automatic,any,van,automatic,electric,8,2017,791.66,0,319,4.51,333,67.62
1006.8,29,1,any,manual,gasoline,van,automatic,gasoline,7,2024,844.67,6.56,0,3.5,244,81.07
326.33,6,2,van,manual,diesel,sedan,manual,diesel,5,2018,273.35,5.66,0,4.97,616,73.51
453.82,3,2,suv,automatic,diesel,suv,automatic,diesel,7,2022,439.61,4.53,0,4.99,287,93.87
212.3,4,2,any,any,electric,sedan,automatic,diesel,5,2022,309.35,5.99,0,3.89,901,65.77
296.49,5,1,sedan,any,electric,sedan,automatic,diesel,5,2026,276.26,6.72,0,4.81,844,79.46
446.44,9,3,any,automatic,gasoline,sedan,automatic,gasoline,5,2017,326.93,9.48,0,4.15,437,76.42
258.27,1,4,coupe,manual,diesel,hatchback,automatic,gasoline,5,2024,299.33,8.27,0,3.92,599,54.91
966.58,19,5,suv,any,diesel,suv,automatic,gasoline,6,2025,740.11,8.72,0,4.31,517,77.68
426.63,1,2,any,automatic,diesel,sedan,automatic,electric,5,2024,446.61,0,312,3.94,491,82.79
334.06,21,1,any,any,electric,hatchback,automatic,diesel,5,2021,373.05,5.47,0,4.92,213,71.6
414.4,1,6,van,automatic,gasoline,hatchback,automatic,electric,5,2025,374.52,0,265,3.84,664,57.26
229.08,2,5,sedan,any,any,sedan,automatic,gasoline,5,2020,297.27,9.21,0,3.58,262,69.94
416.93,26,1,van,automatic,any,sedan,automatic,gasoline,5,2025,338.01,7.06,0,3.64,700,75.49
567.39,1,4,suv,any,any,sedan,automatic,diesel,5,2024,469.62,6.76,0,4.92,277,74.61
316.2,1,4,sedan,any,electric,hatchback,automatic,electric,5,2024,256.53,0,385,4.78,89,79.13
499.46,1,3,hatchback,manual,gasoline,truck,automatic,gasoline,4,2018,432.92,6.59,0,3.85,466,61.99
414.79,2,6,any,automatic,diesel,hatchback,automatic,gasoline,5,2021,326.29,7.36,0,4.08,176,58.36
484.4,6,7,sedan,any,gasoline,coupe,automatic,gasoline,2,2019,658.88,5.64,0,4.47,303,46.81
187.0,26,4,any,any,gasoline,hatchback,automatic,diesel,5,2017,194.86,4.55,0,4.46,646,74.49
455.6,4,1,hatchback,automatic,gasoline,suv,automatic,gasoline,5,2023,429.62,9.38,0,3.39,700,72.63
524.41,2,2,sedan,any,any,suv,automatic,electric,5,2020,548.66,0,326,4.15,728,69.59
194.59,2,4,suv,any,any,hatchback,manual,hybrid,5,2020,240.18,4.44,0,4.34,245,72.42
320.34,8,1,any,automatic,electric,hatchback,manual,electric,5,2022,287.59,0,457,4.4,846,84.54
445.56,2,4,sedan,automatic,any,sedan,automatic,hybrid,5,2023,350.5,6.11,0,4.98,670,83.57
284.84,12,1,truck,any,hybrid,hatchback,manual,electric,5,2023,241.6,0,410,3.71,419,73.16
150,2,4,sedan,manual,diesel,hatchback,automatic,gasoline,5,2021,157.57,7.31,0,3.31,292,54.84
343.95,1,1,any,manual,any,sedan,manual,gasoline,5,2019,263.83,8.48,0,3.72,924,74.79
338.8,19,2,suv,automatic,electric,hatchback,automatic,electric,5,2020,338.68,0,267,4.06,889,69.14
410.83,1,1,sedan,automatic,electric,suv,automatic,gasoline,5,2024,429.17,5.75,0,3.59,171,66.41
328.15,3,3,any,automatic,gasoline,hatchback,automatic,diesel,5,2024,241.5,4.6,0,4.03,1062,81.19
438.37,1,4,suv,any,hybrid,suv,automatic,diesel,5,2022,339.5,4.31,0,4.07,643,81.86
404.41,1,4,coupe,automatic,any,sedan,manual,diesel,5,2018,358.78,5.84,0,3.62,822,59.7
404.39,2,6,hatchback,manual,diesel,sedan,automatic,diesel,5,2023,318.26,4.67,0,5,321,57.77
539.49,1,3,coupe,any,any,sedan,automatic,electric,5,2021,410.12,0,291,4.34,752,71.02
360.76,6,6,sedan,automatic,any,sedan,automatic,gasoline,5,2025,424.94,6.66,0,3.34,751,66.77
964.74,5,5,van,manual,any,coupe,manual,diesel,4,2018,900.24,7.28,0,3.43,298,50.73
333.9,5,3,truck,any,diesel,suv,automatic,gasoline,5,2021,394.36,5.73,0,3.91,536,62.85
249.45,4,5,suv,any,any,hatchback,manual,gasoline,5,2021,306.51,8.36,0,4.64,262,65.06
226.94,8,4,suv,automatic,any,sedan,automatic,gasoline,5,2019,227.63,6.94,0,4.44,632,70.63
401.9,3,2,sedan,automatic,any,van,automatic,diesel,7,2021,419.82,6.66,0,4.93,701,69.23
303.5,4,1,hatchback,automatic,any,hatchback,manual,diesel,5,2023,261.45,5.83,0,4.53,597,78.02
267.56,2,2,any,manual,gasoline,suv,manual,gasoline,7,2026,351.31,7.48,0,4.14,495,75.98
318.78,4,3,any,any,gasoline,hatchback,automatic,hybrid,5,2026,371.27,5.33,0,4.13,559,79.13
371.65,1,3,any,automatic,electric,sedan,automatic,gasoline,5,2023,336.26,6.48,0,4.33,642,79.89
213.43,2,2,van,automatic,any,sedan,automatic,gasoline,5,2020,221.28,8.36,0,3.68,715,67.0
392.95,1,3,suv,any,any,sedan,manual,gasoline,5,2021,342.95,5.59,0,4.2,1093,71.5
362.75,2,7,hatchback,automatic,gasoline,hatchback,manual,gasoline,5,2026,287.53,7.28,0,4.11,154,62.66
261.71,5,1,hatchback,automatic,gasoline,hatchback,automatic,gasoline,5,2026,343.4,6.31,0,3.23,491,80.31
269.9,5,1,any,automatic,hybrid,suv,manual,electric,7,2024,395.63,0,464,4.35,80,67.94
378.63,3,6,any,automatic,any,hatchback,manual,gasoline,5,2023,301.99,9.42,0,3.68,174,61.09
284.59,1,3,hatchback,any,gasoline,hatchback,manual,diesel,5,2024,239.5,6.88,0,4.78,297,79.74
408.15,4,3,sedan,automatic,diesel,hatchback,automatic,hybrid,5,2025,313.78,5.03,0,3.19,720,75.13
359.76,7,2,suv,any,diesel,hatchback,automatic,hybrid,5,2022,314.25,5.17,0,4.22,307,67.19
415.56,7,3,hatchback,any,gasoline,suv,automatic,hybrid,5,2022,469.02,4.8,0,3.83,1148,65.29
227.31,8,4,any,automatic,electric,hatchback,automatic,gasoline,5,2026,291.77,6.22,0,3.9,244,73.65
583.42,1,1,suv,automatic,gasoline,coupe,automatic,gasoline,4,2019,477.91,5.56,0,4.8,122,74.62
400.46,6,1,hatchback,automatic,gasoline,hatchback,automatic,diesel,5,2022,313.18,6.49,0,4.25,508,74.3
244.83,5,1,any,automatic,hybrid,sedan,automatic,gasoline,5,2015,248.78,9.6,0,3.78,206,67.32
812.58,3,2,suv,automatic,any,suv,automatic,diesel,5,2026,593.83,6.22,0,4.1,641,93.41
745.64,4,3,sedan,automatic,gasoline,coupe,manual,diesel,2,2022,753.29,4.63,0,4.24,371,48.91
389.94,10,4,suv,automatic,gasoline,hatchback,automatic,hybrid,5,2024,387.09,4.93,0,4.78,672,72.24
243.26,9,4,van,any,any,hatchback,manual,gasoline,5,2025,240.27,5.93,0,3.92,634,75.83
635.51,6,3,hatchback,any,diesel,sedan,automatic,gasoline,5,2025,471.51,6.1,0,3.67,655,73.98
258.6,23,2,hatchback,automatic,gasoline,hatchback,manual,gasoline,5,2026,227.09,5.71,0,3.94,403,87.14
556.22,6,1,sedan,any,any,suv,automatic,gasoline,5,2023,689.32,6.02,0,3.98,532,71.15
198.03,3,4,any,automatic,gasoline,hatchback,manual,electric,5,2023,245.32,0,382,4.88,443,69.73
315.59,30,5,hatchback,any,hybrid,sedan,automatic,gasoline,5,2018,263.22,8.79,0,4.73,500,59.73
285.31,2,1,sedan,automatic,gasoline,hatchback,automatic,gasoline,5,2024,274.55,9.0,0,3.47,307,74.21
737.17,3,2,any,any,any,suv,automatic,hybrid,6,2026,703.94,3.69,0,4.24,781,96.85
430.21,12,5,any,any,diesel,sedan,automatic,hybrid,5,2023,356.26,5.32,0,3.92,917,77.35
150.63,7,2,sedan,manual,diesel,hatchback,automatic,gasoline,5,2024,196.32,5.6,0,5,321,58.63
496.03,6,2,truck,any,any,sedan,automatic,gasoline,5,2024,462.08,6.44,0,4.09,686,76.38
515.06,22,5,sedan,any,electric,suv,manual,gasoline,6,2023,388.7,6.35,0,4.64,617,69.9
481.55,3,1,hatchback,automatic,gasoline,coupe,automatic,gasoline,2,2024,404.86,6.08,0,4.68,635,79.13
812.95,2,1,hatchback,any,any,coupe,automatic,electric,4,2022,698.03,0,413,4.28,737,76.83
247.76,3,2,van,any,hybrid,sedan,manual,gasoline,5,2024,363.83,9.43,0,3.04,509,49.82
919.61,24,1,any,manual,diesel,coupe,manual,gasoline,4,2023,771.09,5.94,0,3.82,390,80.7
383.89,10,3,sedan,any,gasoline,sedan,automatic,electric,5,2019,309.03,0,228,3.98,608,69.72
233.33,1,3,van,automatic,gasoline,sedan,automatic,gasoline,5,2026,260.01,8.49,0,4.07,694,72.91
251.48,3,1,any,any,any,sedan,automatic,gasoline,5,2024,266.57,9.43,0,4.29,331,81.46
434.02,21,1,any,automatic,any,hatchback,automatic,electric,5,2025,355.86,0,344,4.48,1081,91.81
454.19,1,5,any,automatic,gasoline,coupe,manual,diesel,3,2024,541.77,4.91,0,4.72,260,57.5
295.38,2,1,van,any,gasoline,hatchback,automatic,diesel,5,2020,269.62,6.53,0,4.44,234,62.11
371.41,22,1,van,manual,electric,van,automatic,gasoline,7,2019,447.88,8.71,0,5,464,55.29
374.2,1,2,hatchback,automatic,any,coupe,automatic,gasoline,2,2023,401.52,7.62,0,3.51,87,67.88
310.74,2,3,any,automatic,diesel,sedan,manual,gasoline,5,2022,374.71,8.33,0,4.13,719,60.95
317.15,8,3,sedan,automatic,any,hatchback,automatic,diesel,5,2024,328.55,5.73,0,4.37,530,77.5
706.34,1,4,any,automatic,hybrid,suv,automatic,hybrid,7,2022,536.38,4.89,0,4.62,752,91.51
157.6,4,4,sedan,automatic,diesel,sedan,automatic,gasoline,5,2020,196.03,8.16,0,4.25,159,62.2
163.23,15,1,hatchback,automatic,any,sedan,automatic,gasoline,5,2023,215.41,6.26,0,4.15,475,65.6
302.68,1,2,hatchback,automatic,electric,hatchback,manual,gasoline,5,2022,274.82,5.62,0,4.57,565,70.04
669.55,2,2,any,automatic,electric,suv,automatic,diesel,6,2023,754.34,4.93,0,4.79,844,77.72
591.73,3,2,suv,automatic,diesel,suv,manual,electric,5,2021,451.5,0,250,3.13,509,69.31
972.18,2,1,coupe,automatic,diesel,suv,automatic,diesel,7,2023,685.6,5.87,0,4.86,96,76.67
162.99,8,1,any,automatic,gasoline,sedan,manual,gasoline,5,2022,209.83,9.45,0,4.56,628,62.7
751.61,7,4,van,automatic,gasoline,suv,manual,diesel,6,2024,620.89,6.9,0,4.59,476,63.74
533.42,1,2,sedan,manual,gasoline,truck,automatic,gasoline,3,2021,617.18,6.67,0,4.8,157,65.86
262.47,27,7,hatchback,automatic,gasoline,hatchback,manual,gasoline,5,2024,195.63,8.54,0,4.21,503,63.3
233.9,1,4,hatchback,automatic,gasoline,sedan,manual,gasoline,5,2023,251.07,5.57,0,4.6,868,69.41
938.13,3,5,any,automatic,hybrid,coupe,manual,hybrid,4,2026,1185.69,5.38,0,4.11,532,63.27
438.75,1,2,any,any,diesel,sedan,manual,gasoline,5,2024,380.89,9.43,0,3.74,476,75.98
294.27,24,6,any,automatic,hybrid,suv,manual,gasoline,7,2022,321.79,7.9,0,4.23,237,63.1
413.33,3,2,truck,automatic,any,sedan,automatic,electric,5,2026,422.29,0,414,3.98,173,79.96
682.75,8,1,any,automatic,hybrid,suv,manual,diesel,5,2020,584.41,4.31,0,3.78,404,71.03
633.59,22,1,any,automatic,gasoline,truck,automatic,gasoline,3,2025,727.82,8.2,0,4.95,366,79.22
284.07,5,2,suv,automatic,gasoline,sedan,manual,diesel,5,2022,238.33,7.15,0,4.73,421,59.92
199.45,12,1,truck,any,diesel,hatchback,automatic,hybrid,5,2020,200.64,4.91,0,4.63,494,70.58
513.58,26,5,any,any,hybrid,sedan,automatic,gasoline,5,2024,478.71,7.01,0,4.87,275,81.63
356.67,25,2,any,automatic,diesel,suv,manual,gasoline,7,2019,427.15,8.74,0,4.24,403,55.78
201.27,6,4,any,automatic,gasoline,hatchback,automatic,diesel,5,2018,209.8,7.35,0,4.96,1095,70.92
393.82,8,1,van,manual,any,sedan,automatic,gasoline,5,2022,365.71,7.23,0,5,899,65.39
873.59,1,2,suv,automatic,gasoline,van,automatic,hybrid,7,2023,706.22,4.24,0,3.92,303,71.46
265.08,2,3,sedan,manual,any,sedan,automatic,hybrid,5,2024,309.41,5.06,0,4.42,835,77.73
800.55,5,2,hatchback,automatic,any,truck,manual,diesel,5,2022,791.17,7.18,0,4.08,198,65.13
329.42,1,2,any,automatic,gasoline,hatchback,automatic,electric,5,2023,248.45,0,257,4.35,606,78.61
150,1,7,coupe,automatic,any,hatchback,automatic,gasoline,5,2018,216.99,8.26,0,4.59,328,38.12
150,2,1,any,manual,hybrid,sedan,automatic,diesel,5,2020,205.22,4.77,0,4.9,957,60.6
204.13,3,4,any,manual,gasoline,hatchback,automatic,hybrid,5,2022,156.43,4.97,0,4.33,237,75.82
382.19,1,1,sedan,manual,gasoline,suv,automatic,gasoline,7,2021,354.23,5.78,0,4.28,301,67.17
422.1,5,3,any,automatic,gasoline,sedan,automatic,diesel,5,2023,471.44,4.84,0,4.36,222,80.77
462.06,1,1,any,automatic,any,sedan,manual,gasoline,5,2026,363.7,6.66,0,4.7,760,80.14
411.41,4,2,suv,manual,diesel,suv,automatic,diesel,6,2024,371.78,5.48,0,4.5,505,80.95
305.23,1,3,any,automatic,any,hatchback,automatic,gasoline,5,2026,185.34,9.47,0,3.52,962,86.13
731.59,8,6,any,manual,gasoline,suv,automatic,gasoline,7,2019,614.46,7.84,0,4.57,547,71.47
425.55,13,2,hatchback,any,any,suv,automatic,gasoline,7,2019,346.9,7.9,0,4.13,163,67.01
516.12,1,2,coupe,automatic,gasoline,van,automatic,gasoline,7,2020,494.57,8.83,0,4.19,140,69.25
314.11,2,9,suv,automatic,diesel,hatchback,automatic,hybrid,5,2017,337.15,5.43,0,4.56,102,47.34
176.62,26,3,any,automatic,electric,hatchback,automatic,gasoline,5,2019,246.89,5.88,0,3.63,366,59.77
303.29,3,4,hatchback,automatic,any,hatchback,automatic,gasoline,5,2023,309.72,5.53,0,3.58,509,86.07
304.95,26,2,any,automatic,hybrid,hatchback,manual,diesel,5,2018,246.88,4.74,0,4.58,54,69.73
226.15,1,1,sedan,automatic,gasoline,hatchback,manual,gasoline,5,2023,218.25,9.34,0,3.97,540,60.74
622.28,2,2,suv,any,gasoline,suv,automatic,gasoline,5,2015,473.17,6.52,0,5,250,77.78
276.97,4,2,hatchback,any,hybrid,hatchback,manual,diesel,5,2020,270.99,4.91,0,4.6,283,74.5
534.81,5,1,sedan,manual,any,suv,manual,gasoline,6,2020,541.8,6.57,0,3.9,618,71.94
364.64,7,6,sedan,manual,gasoline,sedan,manual,hybrid,5,2024,301.09,4.31,0,4.06,110,70.34
299.02,11,5,any,any,any,sedan,automatic,gasoline,5,2023,302.2,5.9,0,4.99,606,86.06
150,3,3,sedan,any,diesel,hatchback,manual,gasoline,5,2024,244.45,6.02,0,3.43,556,51.57
294.25,3,2,sedan,automatic,gasoline,hatchback,automatic,diesel,5,2023,250.99,6.48,0,4.86,159,69.28
483.97,6,4,hatchback,manual,gasoline,sedan,automatic,gasoline,5,2021,408.24,7.99,0,4.13,912,64.18
483.81,14,5,any,automatic,any,suv,automatic,gasoline,6,2026,515.24,9.11,0,4.41,206,83.56
414.75,2,1,hatchback,manual,gasoline,sedan,automatic,gasoline,5,2020,394.17,5.56,0,4.15,956,63.76
263.62,3,1,hatchback,manual,diesel,suv,automatic,diesel,6,2023,310.9,6.69,0,4.57,235,66.03
610.09,2,2,sedan,automatic,diesel,suv,automatic,diesel,6,2023,696.13,6.09,0,4.17,728,69.69
737.23,3,1,van,manual,any,van,automatic,gasoline,9,2024,700.8,7.36,0,4.61,256,81.45
161.19,5,2,hatchback,automatic,any,hatchback,automatic,gasoline,5,2015,150.84,7.34,0,4.17,484,78.8
526.6,5,3,any,manual,diesel,van,manual,hybrid,8,2024,533.0,3.44,0,3.93,208,80.44
308.91,2,1,any,automatic,electric,sedan,automatic,hybrid,5,2026,315.05,4.21,0,5,239,85.9
478.59,6,4,hatchback,automatic,gasoline,sedan,manual,gasoline,5,2022,393.84,6.58,0,4.5,226,68.61
480.8,8,3,hatchback,automatic,diesel,truck,automatic,diesel,3,2024,453.59,6.16,0,4.05,573,81.3
509.66,28,2,suv,manual,gasoline,sedan,manual,diesel,5,2024,406.27,5.3,0,4.13,655,71.22
760.01,4,3,any,automatic,diesel,sedan,automatic,hybrid,5,2026,589.88,4.71,0,4.58,871,82.02
235.45,6,4,van,any,gasoline,hatchback,automatic,gasoline,5,2025,241.9,5.89,0,4.78,475,79.79
292.08,4,2,hatchback,automatic,any,sedan,manual,gasoline,5,2023,357.48,7.65,0,4.76,672,59.47
207.86,2,1,van,automatic,gasoline,hatchback,automatic,electric,5,2021,240.37,0,268,3.72,435,61.32
164.58,7,2,sedan,automatic,any,sedan,automatic,gasoline,5,2023,223.98,7.96,0,3.81,383,70.96
1141.28,5,2,hatchback,any,diesel,van,manual,diesel,9,2023,906.65,5.39,0,3.91,932,80.11
721.74,24,3,any,manual,gasoline,suv,manual,diesel,7,2017,588.57,5.58,0,4.19,648,73.44
286.18,3,1,any,automatic,gasoline,hatchback,automatic,hybrid,5,2016,201.99,5.53,0,3.93,175,75.74
971.53,1,3,sedan,automatic,gasoline,van,manual,electric,9,2023,1050.05,0,312,3.97,608,58.11
513.27,1,3,any,automatic,diesel,sedan,automatic,gasoline,5,2024,488.94,6.81,0,4.2,665,76.82
336.48,15,3,suv,any,electric,sedan,automatic,gasoline,5,2024,280.0,7.9,0,4.19,534,66.39
638.38,1,4,van,any,hybrid,sedan,automatic,hybrid,5,2023,468.59,3.41,0,4.25,742,84.64
235.54,3,3,hatchback,manual,gasoline,hatchback,automatic,gasoline,5,2023,243.29,6.64,0,3.68,619,80.45
915.39,4,2,truck,automatic,electric,suv,automatic,gasoline,5,2023,737.04,5.5,0,3.04,361,68.5
289.6,2,3,any,manual,gasoline,hatchback,manual,hybrid,5,2025,294.1,5.58,0,4.77,823,83.07
186.29,12,9,any,any,diesel,hatchback,automatic,gasoline,5,2021,166.73,7.63,0,4.66,238,60.19
150,6,3,van,automatic,diesel,hatchback,automatic,gasoline,5,2017,232.94,9.16,0,4.0,726,41.94
454.55,1,1,suv,automatic,hybrid,sedan,automatic,electric,5,2024,532.2,0,350,4.56,299,64.55
578.85,1,2,suv,automatic,diesel,van,manual,diesel,8,2021,638.75,4.33,0,3.76,618,67.39
334.41,6,3,coupe,automatic,electric,hatchback,automatic,diesel,5,2021,306.15,6.44,0,4.17,811,63.41
606.16,2,2,any,manual,gasoline,van,automatic,hybrid,7,2021,590.03,4.17,0,3.88,508,68.98
724.59,1,6,suv,automatic,electric,truck,automatic,gasoline,4,2022,665.12,9.42,0,3.99,697,47.57
150,26,4,sedan,automatic,any,sedan,automatic,gasoline,5,2018,221.8,6.6,0,4.46,452,68.86
274.35,1,1,any,automatic,hybrid,sedan,automatic,gasoline,5,2024,266.8,9.72,0,4.85,548,75.67
457.72,2,1,any,automatic,any,sedan,manual,diesel,5,2022,371.44,5.63,0,3.77,271,77.8
203.41,5,1,any,any,any,sedan,manual,gasoline,5,2023,264.39,9.02,0,4.12,370,72.16
447.35,3,8,sedan,any,hybrid,sedan,manual,gasoline,5,2024,463.61,9.8,0,4.78,273,58.75
403.86,3,1,sedan,any,any,sedan,automatic,electric,5,2022,436.28,0,353,4.56,516,81.52
264.44,26,5,suv,any,gasoline,sedan,automatic,electric,5,2020,303.25,0,311,2.84,1009,59.93
773.08,21,6,suv,manual,gasoline,coupe,manual,gasoline,2,2018,590.58,8.55,0,4.23,866,51.33
298.36,1,2,suv,automatic,diesel,hatchback,manual,gasoline,5,2024,323.46,8.21,0,3.74,253,58.33
773.2,19,1,suv,automatic,electric,suv,automatic,diesel,6,2021,662.09,6.09,0,3.48,832,77.32
357.87,3,4,any,automatic,gasoline,sedan,manual,diesel,5,2023,439.32,5.7,0,4.68,178,65.09
440.59,4,1,any,automatic,any,sedan,manual,electric,5,2026,401.0,0,264,3.92,410,78.41
417.04,3,2,coupe,manual,diesel,sedan,automatic,gasoline,5,2018,284.33,8.58,0,3.86,1146,51.05
633.92,3,3,suv,automatic,hybrid,suv,automatic,diesel,7,2018,564.12,7.18,0,4.94,855,67.23
520.1,3,2,any,any,gasoline,suv,automatic,diesel,5,2025,368.72,5.94,0,3.74,175,85.26
735.16,1,3,suv,automatic,any,sedan,automatic,diesel,5,2025,509.92,5.87,0,3.66,937,82.28
421.27,23,2,sedan,any,any,hatchback,automatic,gasoline,5,2024,392.97,8.69,0,4.33,258,73.65
380.62,1,1,any,any,diesel,sedan,manual,hybrid,5,2019,378.62,4.02,0,4.01,264,75.53
201.97,23,1,sedan,any,gasoline,hatchback,manual,gasoline,5,2024,221.9,7.86,0,4.33,572,71.58
215.65,2,1,hatchback,manual,electric,hatchback,manual,gasoline,5,2021,234.4,8.2,0,3.96,328,69.63
203.17,2,4,sedan,any,hybrid,hatchback,manual,gasoline,5,2017,209.08,8.1,0,4.23,266,58.5
920.29,4,4,any,automatic,electric,coupe,automatic,gasoline,4,2017,792.4,8.52,0,5,182,68.39
351.25,3,1,coupe,automatic,gasoline,sedan,automatic,gasoline,5,2022,437.24,5.93,0,4.26,475,68.76
525.82,16,2,suv,any,gasoline,suv,automatic,hybrid,5,2022,539.88,5.01,0,4.3,179,77.4
883.96,3,7,sedan,any,gasoline,van,manual,diesel,9,2018,684.6,5.35,0,4.61,523,60.72
420.1,5,5,sedan,any,electric,sedan,manual,hybrid,5,2015,272.23,3.74,0,4.51,622,72.99
774.77,2,1,any,automatic,diesel,suv,manual,diesel,5,2025,712.86,5.54,0,3.92,196,80.03
507.47,2,4,suv,manual,any,suv,automatic,gasoline,6,2018,334.91,9.77,0,4.04,887,68.38
298.04,20,4,hatchback,manual,gasoline,sedan,manual,electric,5,2020,322.79,0,271,4.31,818,64.7
197.66,5,1,any,any,gasoline,hatchback,automatic,gasoline,5,2020,150,6.61,0,3.79,347,81.83
338.4,20,4,sedan,manual,hybrid,sedan,automatic,gasoline,5,2019,303.02,7.31,0,4.42,584,62.92
256.35,3,3,sedan,automatic,any,hatchback,manual,hybrid,5,2021,214.85,3.5,0,4.6,377,70.11
287.96,1,3,any,automatic,diesel,hatchback,automatic,diesel,5,2024,306.27,4.97,0,4.42,793,87.12
749.87,17,4,any,automatic,gasoline,van,manual,diesel,7,2026,739.53,5.34,0,3.26,850,75.27
479.51,1,2,suv,automatic,electric,van,manual,gasoline,9,2025,634.01,6.52,0,4.17,482,58.08
557.27,3,3,sedan,manual,gasoline,suv,manual,gasoline,5,2020,434.38,9.42,0,4.81,259,67.0
428.35,5,2,van,manual,gasoline,hatchback,manual,hybrid,5,2023,336.81,5.0,0,4.04,684,72.97
976.09,1,5,any,any,any,coupe,manual,gasoline,3,2024,726.51,6.02,0,3.76,462,75.43
561.46,5,2,sedan,automatic,diesel,van,manual,gasoline,9,2020,614.43,9.35,0,5,804,51.31
542.32,19,6,any,automatic,any,suv,manual,gasoline,6,2024,438.88,8.56,0,4.59,338,76.74
896.71,24,3,any,automatic,gasoline,suv,automatic,electric,6,2025,866.15,0,338,3.91,485,81.66
482.54,2,2,coupe,automatic,gasoline,suv,automatic,gasoline,7,2015,376.11,7.87,0,4.54,212,67.98
374.77,2,2,suv,any,any,sedan,automatic,diesel,5,2022,311.98,5.2,0,3.35,936,76.7
343.89,16,6,hatchback,automatic,diesel,sedan,manual,diesel,5,2020,330.98,4.98,0,4.87,918,53.44
330.03,5,2,hatchback,manual,gasoline,suv,manual,gasoline,6,2022,496.85,8.79,0,4.22,227,57.63
996.23,10,2,any,automatic,any,suv,automatic,gasoline,5,2026,775.49,6.35,0,3.8,387,92.1
470.1,6,7,any,manual,gasoline,sedan,automatic,gasoline,5,2024,440.51,6.24,0,4.06,287,68.28
853.99,2,3,any,automatic,any,suv,automatic,gasoline,5,2025,624.8,9.46,0,4.09,997,86.05
299.36,24,1,any,automatic,gasoline,hatchback,manual,gasoline,5,2020,202.39,8.22,0,3.78,188,73.44
287.43,5,2,suv,automatic,gasoline,sedan,automatic,diesel,5,2025,262.46,6.48,0,4.28,633,72.85
389.71,8,1,any,automatic,gasoline,hatchback,automatic,electric,5,2023,402.4,0,409,4.39,785,78.11
318.59,8,1,suv,any,any,suv,automatic,gasoline,6,2024,337.06,6.7,0,4.34,914,84.42
287.22,4,1,van,automatic,gasoline,sedan,automatic,gasoline,5,2025,245.4,8.91,0,3.44,566,71.11
820.74,21,2,suv,automatic,electric,coupe,manual,diesel,4,2021,966.58,6.63,0,4.53,417,53.46
319.33,16,1,hatchback,automatic,any,hatchback,manual,gasoline,5,2026,370.59,7.2,0,3.78,908,75.43
780.02,29,2,suv,manual,gasoline,suv,manual,gasoline,7,2022,652.23,8.54,0,5,124,78.63
313.13,1,4,sedan,any,any,sedan,automatic,hybrid,5,2017,436.56,5.72,0,4.96,759,70.16
565.07,2,4,van,automatic,diesel,suv,manual,gasoline,6,2025,636.89,8.63,0,4.83,347,57.86
287.15,2,7,coupe,manual,gasoline,hatchback,automatic,gasoline,5,2019,292.98,8.11,0,4.06,764,43.06
377.74,2,3,hatchback,manual,any,suv,automatic,diesel,5,2018,476.56,6.69,0,4.59,269,58.12
627.25,2,4,any,any,gasoline,sedan,automatic,electric,5,2024,552.86,0,292,3.97,723,76.67
861.42,2,4,truck,any,diesel,coupe,manual,electric,2,2021,669.39,0,288,3.86,945,52.57
522.37,1,3,hatchback,manual,gasoline,suv,automatic,gasoline,6,2018,362.0,6.96,0,4.68,850,64.46
569.97,4,1,sedan,automatic,any,coupe,automatic,gasoline,2,2019,541.1,8.18,0,4.68,217,68.19
498.0,1,1,hatchback,automatic,gasoline,van,automatic,gasoline,8,2022,583.6,6.22,0,4.78,422,74.17
254.74,13,3,suv,manual,diesel,hatchback,automatic,hybrid,5,2019,277.33,5.09,0,3.72,117,57.8
463.41,6,4,any,automatic,any,sedan,automatic,diesel,5,2015,378.2,6.79,0,4.29,494,76.77
520.05,6,3,suv,automatic,diesel,sedan,manual,electric,5,2020,401.72,0,264,4.38,411,57.96
266.38,3,5,suv,manual,any,hatchback,automatic,gasoline,5,2025,254.2,9.08,0,3.97,98,66.29
741.48,5,1,suv,any,hybrid,suv,manual,gasoline,5,2023,529.81,6.21,0,4.36,342,75.83
303.98,30,3,any,manual,any,suv,automatic,diesel,7,2018,339.33,7.14,0,4.49,490,65.42
363.41,2,2,van,manual,hybrid,sedan,automatic,gasoline,5,2022,312.29,9.42,0,4.35,646,54.54
169.89,1,1,sedan,automatic,electric,hatchback,manual,gasoline,5,2021,181.47,8.82,0,4.31,887,51.46
234.23,15,2,sedan,any,any,hatchback,automatic,gasoline,5,2026,194.06,5.74,0,4.7,260,79.68
315.74,4,3,hatchback,automatic,gasoline,sedan,automatic,diesel,5,2022,284.26,6.33,0,4.05,838,67.72
356.23,3,4,any,any,any,suv,automatic,diesel,6,2021,335.88,5.8,0,5,433,87.96
1090.28,1,5,sedan,automatic,gasoline,coupe,manual,diesel,4,2023,810.88,4.69,0,4.59,358,50.66
360.88,7,3,sedan,automatic,any,hatchback,automatic,gasoline,5,2024,322.89,6.84,0,4.68,148,80.19
368.93,7,5,any,automatic,any,sedan,manual,gasoline,5,2026,270.24,6.36,0,3.67,550,84.42
699.94,2,3,truck,automatic,any,coupe,manual,diesel,2,2020,562.57,7.11,0,3.59,496,46.26
529.75,2,1,any,any,gasoline,suv,automatic,gasoline,5,2022,594.17,8.31,0,4.34,638,78.07
165.39,1,1,any,any,any,sedan,automatic,hybrid,5,2020,237.49,5.47,0,3.68,784,72.17
554.76,4,1,any,manual,gasoline,coupe,manual,electric,2,2025,520.27,0,302,3.81,93,84.55
362.9,2,3,sedan,any,hybrid,sedan,automatic,gasoline,5,2021,366.26,9.4,0,4.1,250,67.8
824.97,1,8,sedan,manual,any,suv,manual,electric,7,2019,635.3,0,331,3.92,467,54.1
367.03,6,1,van,any,gasoline,sedan,automatic,electric,5,2018,254.75,0,391,5,423,64.69
344.29,4,3,hatchback,automatic,any,sedan,manual,gasoline,5,2020,331.14,7.69,0,4.58,884,62.14
434.16,25,2,suv,any,diesel,hatchback,automatic,electric,5,2025,328.11,0,369,4.06,197,75.71
530.57,6,1,any,any,electric,sedan,manual,gasoline,5,2019,383.49,7.33,0,4.72,139,72.04
601.99,4,1,any,manual,any,coupe,automatic,electric,3,2026,591.04,0,300,4.99,290,81.39
538.92,5,5,truck,manual,hybrid,sedan,automatic,gasoline,5,2026,453.1,7.16,0,4.25,664,63.17
498.42,5,3,sedan,automatic,any,sedan,manual,hybrid,5,2026,459.31,5.66,0,3.95,214,80.74
462.87,2,3,any,any,gasoline,suv,manual,diesel,5,2024,490.44,6.03,0,3.83,324,81.37
292.3,6,1,any,automatic,gasoline,hatchback,automatic,gasoline,5,2026,304.94,5.79,0,4.71,1018,86.67
336.42,3,4,suv,automatic,diesel,hatchback,automatic,gasoline,5,2024,321.74,8.78,0,4.05,451,62.32
490.38,2,3,van,any,any,coupe,automatic,hybrid,4,2018,505.08,5.16,0,4.31,67,69.58
538.89,16,4,sedan,manual,gasoline,sedan,manual,hybrid,5,2026,456.81,4.14,0,4.3,285,89.3
357.13,3,2,van,any,hybrid,hatchback,automatic,electric,5,2019,304.3,0,308,3.79,504,64.92
745.13,6,5,any,manual,gasoline,suv,automatic,electric,6,2025,917.13,0,344,4.03,292,71.04
557.85,10,7,hatchback,manual,electric,suv,automatic,diesel,7,2026,423.66,6.21,0,4.38,57,66.69
505.71,28,1,hatchback,manual,hybrid,sedan,manual,electric,5,2024,419.49,0,369,4.82,660,71.43
170.32,1,1,suv,automatic,hybrid,sedan,automatic,gasoline,5,2024,242.01,7.97,0,4.56,561,54.13
217.83,3,2,any,automatic,any,hatchback,manual,gasoline,5,2025,274.06,9.14,0,4.86,366,74.15
399.98,3,3,suv,automatic,diesel,sedan,automatic,gasoline,5,2024,455.44,6.82,0,4.19,620,64.18
457.78,9,3,suv,automatic,gasoline,suv,automatic,gasoline,6,2018,489.69,6.69,0,4.36,548,73.42
235.06,2,1,any,automatic,gasoline,hatchback,automatic,gasoline,5,2022,330.05,9.45,0,3.82,216,68.05
426.13,8,4,coupe,automatic,any,coupe,automatic,gasoline,4,2026,484.49,8.35,0,3.94,293,81.09
450.27,1,1,suv,automatic,electric,suv,automatic,diesel,5,2021,511.14,5.19,0,4.14,473,75.1
179.89,19,5,sedan,automatic,diesel,hatchback,manual,electric,5,2021,175.56,0,224,4.34,695,60.38
162.48,6,3,sedan,manual,gasoline,hatchback,automatic,gasoline,5,2023,232.91,5.6,0,5,296,63.56
343.61,1,5,van,automatic,hybrid,sedan,manual,gasoline,5,2026,304.56,9.13,0,4.02,557,61.55
350.65,9,4,suv,automatic,any,suv,automatic,hybrid,5,2026,408.36,5.97,0,4.74,635,83.53
221.93,1,1,suv,any,electric,sedan,automatic,hybrid,5,2023,243.35,4.4,0,4.55,499,72.4
1056.3,18,1,any,automatic,any,van,automatic,gasoline,9,2024,859.36,9.76,0,3.94,320,84.77
587.93,3,3,suv,any,any,van,manual,diesel,9,2021,589.48,5.78,0,3.54,675,76.8
269.76,4,4,any,any,diesel,hatchback,automatic,gasoline,5,2023,223.98,5.77,0,3.72,568,76.6
949.2,4,1,sedan,manual,hybrid,suv,automatic,electric,7,2025,719.85,0,383,3.61,636,66.39
417.06,2,1,any,manual,any,sedan,automatic,gasoline,5,2022,429.84,9.09,0,4.5,217,70.78
461.03,1,4,sedan,manual,diesel,suv,automatic,diesel,5,2024,382.27,4.55,0,4.4,995,71.21
186.23,1,5,suv,automatic,gasoline,hatchback,automatic,gasoline,5,2021,171.4,7.94,0,4.44,746,69.52
320.25,2,1,suv,manual,gasoline,hatchback,automatic,hybrid,5,2020,255.42,5.9,0,3.02,654,59.01
666.81,1,4,sedan,automatic,gasoline,truck,manual,diesel,2,2020,699.96,6.69,0,2.96,251,37.96
333.44,7,3,hatchback,automatic,gasoline,hatchback,manual,diesel,5,2025,278.84,6.91,0,3.73,357,74.25
285.54,2,1,any,any,electric,sedan,manual,gasoline,5,2024,303.53,8.43,0,4.38,270,76.55
778.19,5,2,any,any,hybrid,suv,manual,gasoline,5,2026,551.96,5.65,0,4.03,913,79.65
584.91,2,1,any,automatic,any,van,automatic,gasoline,9,2019,519.11,7.72,0,4.75,318,80.6
447.07,5,1,suv,automatic,any,suv,automatic,hybrid,5,2020,351.74,3.83,0,4.11,339,86.32
257.07,17,2,suv,automatic,any,sedan,automatic,electric,5,2021,299.3,0,258,4.44,222,72.81
363.12,3,6,sedan,automatic,electric,suv,manual,gasoline,7,2026,399.19,6.18,0,4.81,263,61.58
621.41,1,3,suv,automatic,hybrid,suv,automatic,gasoline,6,2025,508.74,6.56,0,4.28,780,83.39
612.74,15,7,any,automatic,any,van,automatic,electric,7,2025,740.94,0,470,4.5,534,92.58
252.03,4,1,hatchback,manual,hybrid,sedan,automatic,diesel,5,2020,274.38,6.87,0,4.72,248,54.31
158.38,19,1,suv,manual,gasoline,hatchback,automatic,gasoline,5,2019,165.08,7.44,0,4.33,708,59.48
616.19,24,1,hatchback,automatic,electric,suv,automatic,gasoline,5,2025,661.63,6.22,0,4.97,326,71.56
232.86,2,2,coupe,manual,any,sedan,manual,hybrid,5,2019,219.91,4.31,0,4.19,149,72.43
396.42,3,3,any,automatic,any,sedan,automatic,electric,5,2021,545.91,0,315,4.13,434,73.83
618.07,1,4,coupe,any,diesel,sedan,automatic,gasoline,5,2025,437.7,6.55,0,3.9,292,70.32
150,4,5,hatchback,manual,gasoline,sedan,manual,gasoline,5,2024,235.1,8.77,0,4.53,350,62.11
682.33,27,7,suv,manual,electric,suv,manual,electric,5,2025,728.32,0,451,4.82,437,80.85
265.54,1,3,van,automatic,any,hatchback,manual,gasoline,5,2024,214.02,7.35,0,4.29,307,66.65
492.61,1,5,any,automatic,gasoline,truck,automatic,gasoline,3,2023,469.55,9.72,0,4.51,475,69.57
496.07,1,2,any,manual,diesel,suv,automatic,hybrid,7,2026,414.3,4.34,0,4.16,526,79.11
763.61,1,1,any,automatic,gasoline,suv,manual,electric,7,2021,754.32,0,303,4.48,343,71.97
489.5,7,2,suv,manual,diesel,van,automatic,hybrid,9,2021,589.35,4.98,0,3.71,394,54.0
255.79,2,4,suv,any,diesel,hatchback,manual,hybrid,5,2023,206.35,3.47,0,3.79,216,71.87
330.09,3,1,suv,any,diesel,hatchback,automatic,diesel,5,2025,349.98,6.09,0,4.89,292,77.05
220.67,1,1,any,any,any,sedan,automatic,diesel,5,2022,211.87,7.16,0,3.77,378,86.46
1237.63,2,1,any,manual,diesel,coupe,manual,hybrid,2,2025,1081.17,4.8,0,3.81,751,81.78
442.9,3,1,sedan,automatic,any,suv,manual,gasoline,5,2026,347.87,7.56,0,3.67,91,68.1
651.19,5,4,sedan,automatic,diesel,coupe,automatic,gasoline,2,2024,838.99,5.54,0,4.38,873,49.3
284.17,5,2,sedan,any,gasoline,sedan,manual,diesel,5,2024,235.5,5.9,0,3.85,213,78.51
407.0,1,6,any,any,hybrid,hatchback,manual,gasoline,5,2021,308.09,6.46,0,4.17,800,62.98
449.21,5,3,suv,any,gasoline,sedan,manual,hybrid,5,2025,406.76,4.44,0,4.17,500,71.84
530.68,7,2,suv,any,any,truck,manual,gasoline,5,2020,461.31,7.05,0,3.9,186,67.98
351.0,3,2,van,automatic,gasoline,coupe,automatic,diesel,4,2021,435.42,6.62,0,4.33,109,57.27
150,3,2,hatchback,manual,gasoline,sedan,manual,diesel,5,2020,243.75,6.19,0,4.32,238,49.84
445.72,2,1,hatchback,any,any,van,manual,hybrid,9,2019,440.6,6.07,0,4.15,345,74.11
671.82,5,3,hatchback,any,any,suv,automatic,diesel,5,2025,648.74,4.86,0,4.44,149,80.52
285.13,7,1,van,automatic,hybrid,sedan,automatic,gasoline,5,2025,289.89,8.03,0,4.33,644,65.26
379.53,2,1,sedan,automatic,gasoline,sedan,automatic,electric,5,2019,269.89,0,305,2.99,763,71.18
335.7,2,3,suv,any,gasoline,sedan,automatic,diesel,5,2021,235.02,7.16,0,4.75,664,62.63
151.32,2,4,any,automatic,electric,hatchback,manual,hybrid,5,2021,187.91,4.17,0,3.28,263,67.56
388.09,3,2,truck,any,any,hatchback,automatic,diesel,5,2018,263.53,6.31,0,5,714,70.01
206.33,2,4,any,any,any,hatchback,automatic,electric,5,2016,244.35,0,367,4.62,395,76.77
230.63,4,1,truck,manual,any,hatchback,automatic,gasoline,5,2026,215.75,7.72,0,4.09,230,70.63
379.19,6,3,suv,manual,gasoline,sedan,manual,electric,5,2023,352.99,0,273,4.17,299,68.77
288.27,8,1,hatchback,any,gasoline,hatchback,automatic,electric,5,2017,259.21,0,293,5,253,75.64
515.53,5,5,suv,manual,hybrid,coupe,manual,diesel,3,2020,643.44,6.26,0,4.49,901,44.88
202.28,4,1,sedan,manual,any,hatchback,manual,gasoline,5,2021,198.61,7.25,0,4.46,689,71.39
587.95,1,3,coupe,automatic,any,van,manual,electric,8,2018,595.91,0,401,4.72,815,65.3
226.85,4,4,any,any,gasoline,hatchback,automatic,hybrid,5,2020,244.79,4.3,0,2.96,414,72.82
311.61,1,1,van,automatic,gasoline,sedan,automatic,gasoline,5,2025,299.1,6.12,0,4.44,192,82.85
671.21,2,7,sedan,manual,gasoline,van,manual,hybrid,8,2025,559.0,5.75,0,4.31,533,76.08
226.86,18,7,any,any,any,hatchback,automatic,gasoline,5,2021,252.32,6.81,0,4.8,655,68.3
359.91,4,1,van,manual,gasoline,hatchback,manual,electric,5,2025,307.4,0,314,4.51,388,75.06
502.38,2,1,van,automatic,any,van,automatic,gasoline,9,2022,481.24,6.71,0,4.27,502,84.0
249.77,1,3,hatchback,automatic,any,hatchback,manual,gasoline,5,2018,232.46,9.71,0,4.13,643,68.17
554.84,4,3,truck,any,any,sedan,automatic,gasoline,5,2022,399.83,6.6,0,4.49,254,75.04
959.04,1,1,hatchback,automatic,electric,coupe,manual,gasoline,3,2025,766.58,8.46,0,4.93,466,63.79
499.45,2,2,any,automatic,electric,sedan,manual,hybrid,5,2021,431.55,3.65,0,4.78,902,73.47
332.42,2,4,hatchback,manual,any,hatchback,automatic,hybrid,5,2025,251.34,4.0,0,4.1,369,90.65
411.31,2,2,sedan,any,any,hatchback,automatic,gasoline,5,2026,301.79,9.24,0,4.23,387,70.28
432.35,3,1,any,automatic,gasoline,sedan,manual,electric,5,2019,488.88,0,429,4.55,698,63.34
404.01,19,1,any,automatic,any,hatchback,manual,hybrid,5,2026,375.65,5.15,0,3.53,387,81.34
876.74,6,2,any,any,gasoline,suv,automatic,gasoline,6,2026,765.38,5.88,0,3.44,342,85.46
439.18,7,2,hatchback,automatic,gasoline,sedan,automatic,electric,5,2021,343.95,0,298,4.8,190,63.78
549.02,1,3,suv,automatic,any,suv,automatic,diesel,6,2023,548.64,6.62,0,4.28,255,87.59
374.97,1,3,sedan,automatic,gasoline,sedan,automatic,hybrid,5,2024,376.07,4.53,0,4.11,422,80.9
746.58,7,1,any,manual,any,van,automatic,gasoline,9,2019,690.04,8.37,0,4.29,627,66.51
735.98,1,5,any,automatic,electric,suv,automatic,hybrid,7,2023,799.61,5.65,0,3.57,992,76.0
542.86,2,1,hatchback,automatic,hybrid,sedan,automatic,gasoline,5,2022,402.61,6.41,0,3.9,241,63.57
687.24,1,2,any,manual,diesel,van,automatic,electric,7,2018,499.86,0,401,4.79,383,69.05
281.26,1,1,any,any,hybrid,sedan,automatic,gasoline,5,2024,421.07,9.09,0,4.19,161,62.13
368.13,1,1,suv,any,hybrid,suv,automatic,gasoline,6,2023,383.42,6.69,0,4.01,880,79.87
619.15,2,3,suv,manual,any,suv,manual,hybrid,7,2022,674.38,5.43,0,3.55,221,81.03
757.09,2,3,suv,automatic,any,van,automatic,electric,7,2023,579.02,0,227,3.45,469,74.49
437.29,3,4,hatchback,any,diesel,suv,automatic,gasoline,5,2021,499.84,8.46,0,4.01,491,57.05
184.34,19,2,any,automatic,gasoline,hatchback,manual,electric,5,2025,228.47,0,429,2.8,516,66.82
507.48,3,3,sedan,automatic,any,truck,automatic,gasoline,3,2021,591.09,9.6,0,4.84,182,67.0
220.2,4,3,sedan,any,gasoline,hatchback,manual,diesel,5,2023,171.2,6.95,0,4.41,78,70.3
373.31,6,2,suv,any,any,suv,automatic,diesel,7,2020,404.22,6.26,0,4.01,245,76.31
888.3,7,5,suv,automatic,any,van,automatic,gasoline,7,2023,862.59,6.6,0,5,578,76.85
485.79,3,1,truck,automatic,hybrid,suv,automatic,gasoline,7,2022,469.52,7.76,0,3.52,197,62.25
764.41,20,4,truck,manual,gasoline,truck,manual,gasoline,5,2023,607.24,8.86,0,3.9,542,84.92
438.25,1,1,hatchback,automatic,electric,sedan,manual,electric,5,2018,475.67,0,317,4.33,431,58.59
1041.64,1,2,suv,any,electric,coupe,manual,diesel,2,2024,806.94,5.79,0,4.24,240,72.04
511.76,25,1,hatchback,any,any,suv,automatic,electric,5,2025,625.2,0,256,4.11,215,75.06
330.81,1,5,any,manual,diesel,suv,automatic,hybrid,6,2024,395.19,4.49,0,3.71,335,72.04
838.34,2,1,van,any,any,truck,manual,diesel,4,2023,714.77,6.04,0,4.01,660,73.26
532.78,9,4,suv,automatic,any,suv,manual,diesel,7,2020,485.66,6.74,0,3.86,459,75.7
286.73,24,2,truck,automatic,gasoline,sedan,automatic,gasoline,5,2017,266.96,8.45,0,4.36,319,65.31
248.04,17,1,hatchback,any,electric,hatchback,automatic,hybrid,5,2026,245.48,4.54,0,4.4,309,87.79
578.06,2,3,sedan,any,electric,sedan,automatic,gasoline,5,2019,449.27,9.72,0,4.08,288,67.41
305.63,3,1,hatchback,any,any,sedan,automatic,electric,5,2021,419.49,0,314,4.07,677,65.69
418.66,1,5,hatchback,automatic,diesel,hatchback,automatic,gasoline,5,2024,330.57,8.27,0,4.26,287,76.7
500.87,3,4,any,any,any,hatchback,automatic,diesel,5,2021,334.29,4.56,0,4.69,1062,90.38
153.37,1,1,suv,any,hybrid,sedan,automatic,diesel,5,2018,202.82,6.09,0,4.45,220,52.44
319.73,9,1,any,manual,gasoline,hatchback,automatic,gasoline,5,2023,268.07,6.62,0,3.88,210,79.9
247.16,3,3,hatchback,automatic,gasoline,suv,automatic,diesel,7,2023,377.53,4.58,0,2.94,507,58.18
361.75,1,4,hatchback,automatic,diesel,suv,manual,gasoline,6,2024,385.17,7.61,0,4.42,473,59.29
298.29,1,1,suv,automatic,diesel,hatchback,manual,electric,5,2026,353.16,0,456,4.16,208,63.88
470.33,9,4,sedan,manual,hybrid,suv,automatic,gasoline,6,2019,444.97,7.51,0,5,315,53.78
226.71,23,2,truck,automatic,any,hatchback,automatic,gasoline,5,2026,320.22,5.67,0,3.63,363,72.56
452.75,3,1,suv,automatic,electric,suv,manual,electric,5,2023,365.11,0,376,4.73,425,78.33
896.24,24,2,suv,any,any,suv,automatic,gasoline,7,2023,706.65,9.38,0,3.53,195,81.37
582.56,4,1,suv,automatic,diesel,sedan,manual,diesel,5,2025,474.46,5.13,0,3.09,524,71.31
644.19,1,5,suv,automatic,gasoline,suv,automatic,electric,5,2020,487.22,0,335,4.46,508,72.22
748.27,1,3,hatchback,any,hybrid,suv,automatic,diesel,7,2020,635.99,6.87,0,4.77,920,62.91
191.46,5,2,any,any,gasoline,hatchback,automatic,gasoline,5,2025,167.49,8.58,0,4.66,428,89.47
544.34,8,2,sedan,manual,any,suv,automatic,electric,6,2017,425.69,0,446,3.99,268,65.38
446.44,10,5,hatchback,automatic,any,suv,manual,gasoline,7,2023,561.15,8.31,0,4.22,105,59.23
290.98,1,2,sedan,any,any,hatchback,manual,gasoline,5,2019,268.12,9.8,0,4.15,463,63.87
263.39,24,2,any,automatic,gasoline,hatchback,manual,gasoline,5,2024,264.2,6.1,0,4.42,142,83.24
297.01,20,2,any,automatic,any,sedan,automatic,hybrid,5,2022,271.94,5.11,0,3.61,633,85.06
424.11,1,1,van,automatic,gasoline,van,automatic,diesel,7,2024,545.39,7.2,0,4.35,715,73.28
345.96,4,1,any,manual,gasoline,sedan,manual,gasoline,5,2020,357.74,8.25,0,4.75,611,75.38
577.3,1,4,any,automatic,any,sedan,automatic,electric,5,2024,519.99,0,342,4.67,187,91.54
763.75,1,2,sedan,any,any,suv,manual,diesel,5,2023,664.41,4.45,0,4.83,186,80.48
347.24,6,9,sedan,any,electric,hatchback,manual,diesel,5,2023,316.44,4.65,0,4.7,125,55.12
746.06,5,1,sedan,any,diesel,suv,automatic,hybrid,7,2017,648.85,3.7,0,4.37,211,65.2
334.79,30,3,any,manual,hybrid,coupe,automatic,gasoline,3,2019,355.88,7.14,0,3.58,422,63.26
150,4,3,coupe,any,any,hatchback,manual,diesel,5,2023,180.24,7.14,0,4.25,752,67.84
191.89,2,4,suv,automatic,diesel,hatchback,automatic,electric,5,2019,193.87,0,449,5,559,66.55
150,2,3,any,any,any,hatchback,automatic,gasoline,5,2020,179.59,6.36,0,3.86,286,76.51
560.97,2,3,any,any,any,sedan,manual,hybrid,5,2025,478.44,4.74,0,4.1,351,91.55
299.76,1,2,hatchback,any,any,hatchback,manual,hybrid,5,2024,222.66,4.59,0,3.69,734,87.38
1028.69,1,3,any,manual,electric,truck,manual,gasoline,4,2023,760.57,7.96,0,4.29,375,76.79
518.96,1,1,coupe,automatic,hybrid,suv,automatic,electric,6,2022,516.38,0,224,3.96,139,66.58
307.08,6,2,coupe,automatic,any,hatchback,automatic,gasoline,5,2024,237.61,6.19,0,4.05,266,80.95
1008.15,4,3,any,any,any,van,automatic,gasoline,9,2026,930.79,6.62,0,4.09,876,92.42
331.34,5,3,coupe,automatic,gasoline,suv,manual,gasoline,5,2021,383.9,6.45,0,4.07,428,65.06
396.7,1,1,hatchback,automatic,any,hatchback,automatic,gasoline,5,2024,308.12,8.45,0,3.36,216,82.9
560.15,4,3,any,automatic,gasoline,suv,manual,electric,7,2023,715.1,0,389,4.05,556,69.4
268.35,3,2,sedan,any,electric,sedan,manual,diesel,5,2024,255.72,6.63,0,3.55,183,74.9
280.66,19,1,suv,any,gasoline,hatchback,manual,gasoline,5,2024,211.5,6.81,0,3.31,515,73.27
329.41,12,2,any,manual,diesel,hatchback,automatic,electric,5,2021,252.17,0,275,4.32,564,70.04
358.19,1,2,sedan,manual,gasoline,sedan,automatic,diesel,5,2023,320.64,5.36,0,4.33,635,72.53
884.03,23,4,suv,automatic,hybrid,suv,automatic,diesel,6,2024,740.76,6.81,0,4.21,546,81.75
471.0,7,1,truck,automatic,any,sedan,manual,electric,5,2024,375.59,0,279,4.95,462,69.38
295.17,1,3,van,automatic,hybrid,hatchback,manual,hybrid,5,2019,251.48,5.78,0,4.6,448,64.29
1019.44,9,5,sedan,any,gasoline,truck,automatic,hybrid,4,2022,766.49,5.8,0,5,558,52.91
428.48,5,6,any,any,gasoline,truck,automatic,gasoline,5,2023,478.17,7.25,0,4.26,546,65.67
526.93,6,6,sedan,manual,any,truck,automatic,gasoline,5,2023,484.24,8.68,0,3.76,313,50.07
674.04,1,1,van,any,gasoline,van,automatic,gasoline,7,2024,526.72,8.41,0,3.82,142,87.22
174.93,1,2,sedan,any,gasoline,hatchback,manual,gasoline,5,2022,190.7,7.59,0,4.35,505,72.11
409.15,1,1,sedan,any,diesel,suv,manual,diesel,6,2020,472.25,7.35,0,4.22,483,64.2
518.01,6,1,sedan,automatic,any,sedan,manual,electric,5,2025,444.92,0,223,5,190,78.7
641.16,4,2,hatchback,any,any,van,manual,gasoline,8,2025,672.87,6.72,0,4.51,250,80.39
1238.91,5,1,any,any,diesel,coupe,automatic,gasoline,3,2025,1089.24,5.56,0,3.51,513,82.65
423.23,7,4,hatchback,manual,gasoline,sedan,automatic,hybrid,5,2020,442.62,4.88,0,3.75,630,56.05
377.26,11,6,any,automatic,any,hatchback,automatic,diesel,5,2022,265.92,5.65,0,5,153,72.28
442.88,29,4,hatchback,any,hybrid,suv,automatic,gasoline,7,2020,387.26,7.29,0,4.5,342,62.78
623.96,5,3,truck,automatic,diesel,suv,automatic,hybrid,6,2022,740.36,5.04,0,3.53,387,64.64
1263.7,1,6,suv,automatic,gasoline,coupe,manual,hybrid,4,2021,1033.56,3.96,0,4.16,956,48.32
1028.59,22,2,any,any,electric,van,automatic,gasoline,7,2024,775.43,6.96,0,5,636,76.23
560.11,2,2,any,manual,gasoline,truck,automatic,electric,5,2024,662.68,0,437,4.53,564,69.14
218.77,1,2,suv,any,gasoline,hatchback,manual,diesel,5,2022,266.69,5.97,0,3.53,835,61.51
253.95,2,4,suv,any,gasoline,hatchback,manual,diesel,5,2026,257.3,6.67,0,4.28,609,70.77
792.61,16,5,any,automatic,any,suv,manual,gasoline,5,2021,618.22,6.14,0,3.88,1020,77.31
623.95,1,2,any,any,gasoline,van,automatic,gasoline,8,2023,827.97,7.3,0,4.29,580,74.51
419.35,6,2,sedan,any,any,suv,manual,gasoline,6,2021,415.04,9.64,0,4.81,297,72.41
510.54,1,4,hatchback,automatic,electric,hatchback,automatic,electric,5,2023,372.18,0,258,2.92,612,83.83
209.1,2,2,van,any,gasoline,hatchback,manual,gasoline,5,2023,222.08,8.07,0,4.51,443,69.81
939.6,21,3,any,any,any,suv,automatic,hybrid,5,2022,663.52,4.44,0,4.06,439,88.35
324.06,3,4,any,automatic,gasoline,sedan,manual,hybrid,5,2025,256.61,5.1,0,3.54,400,78.63
334.86,5,2,sedan,manual,gasoline,hatchback,manual,hybrid,5,2024,399.88,3.61,0,4.98,225,72.08
265.66,8,4,any,automatic,electric,sedan,manual,gasoline,5,2025,259.53,5.58,0,4.91,164,78.66
300.57,1,3,any,manual,gasoline,hatchback,automatic,gasoline,5,2022,304.06,9.54,0,3.99,352,71.69
694.91,5,1,any,automatic,any,suv,automatic,gasoline,7,2024,690.28,9.24,0,3.95,310,85.52
672.63,25,2,hatchback,automatic,hybrid,truck,manual,gasoline,2,2018,582.0,9.23,0,4.13,463,48.65
505.48,1,2,sedan,automatic,any,truck,automatic,gasoline,2,2019,367.32,7.89,0,4.55,87,67.93
447.53,8,3,sedan,any,hybrid,truck,automatic,gasoline,5,2020,426.47,8.68,0,4.2,195,58.54
243.34,2,1,any,any,gasoline,hatchback,manual,hybrid,5,2021,190.98,5.95,0,4.58,314,75.19
289.44,2,1,any,any,gasoline,sedan,automatic,gasoline,5,2026,308.61,6.28,0,3.86,772,84.73
379.23,3,4,any,automatic,hybrid,hatchback,automatic,electric,5,2022,319.57,0,506,4.69,434,84.29
470.78,1,3,suv,any,electric,truck,automatic,electric,2,2024,484.72,0,446,3.65,276,63.76
558.36,8,5,van,any,hybrid,hatchback,automatic,electric,5,2026,426.39,0,334,3.78,215,72.78
483.61,3,1,coupe,automatic,any,van,automatic,gasoline,9,2018,417.38,6.09,0,4.28,192,69.66
701.09,5,2,sedan,manual,hybrid,coupe,automatic,diesel,2,2025,882.8,4.34,0,3.73,732,60.85
311.47,7,4,suv,automatic,any,sedan,automatic,gasoline,5,2022,255.63,8.21,0,4.94,317,73.43
329.35,2,1,sedan,any,any,sedan,automatic,diesel,5,2019,296.78,6.8,0,4.89,731,81.39
1266.73,4,3,any,any,any,van,automatic,electric,9,2026,1195.12,0,334,4.27,1115,94.4
363.45,8,2,coupe,any,electric,sedan,automatic,gasoline,5,2024,325.09,5.66,0,4.54,57,72.89
218.71,6,3,sedan,automatic,diesel,hatchback,automatic,gasoline,5,2018,175.56,8.2,0,4.02,401,56.37
295.33,3,6,hatchback,manual,any,sedan,automatic,electric,5,2024,332.69,0,376,4.6,113,53.37
249.19,5,1,van,any,any,sedan,automatic,hybrid,5,2020,276.13,4.65,0,4.35,43,71.69
651.53,6,1,truck,automatic,diesel,sedan,automatic,electric,5,2024,478.17,0,317,4.76,167,69.1
239.32,1,2,any,any,any,hatchback,manual,hybrid,5,2024,323.0,3.57,0,4.47,461,87.85
351.02,6,3,any,any,electric,hatchback,automatic,electric,5,2022,264.13,0,281,4.78,443,89.45
327.61,2,4,sedan,automatic,electric,hatchback,manual,gasoline,5,2022,327.98,6.72,0,4.32,396,59.61
404.35,6,1,sedan,any,any,truck,automatic,gasoline,4,2024,420.46,8.43,0,3.52,610,70.13
267.49,2,1,sedan,automatic,electric,sedan,automatic,diesel,5,2016,332.63,6.8,0,4.34,695,65.25
392.35,7,1,suv,manual,gasoline,sedan,automatic,diesel,5,2023,414.29,6.46,0,4.69,1002,58.02
413.29,4,1,any,automatic,hybrid,sedan,manual,diesel,5,2017,362.84,5.23,0,3.87,302,64.07
716.62,5,2,coupe,automatic,diesel,van,manual,gasoline,8,2021,554.87,6.54,0,3.89,532,58.77
233.95,1,3,any,any,any,hatchback,automatic,gasoline,5,2023,309.43,6.59,0,4.43,217,80.99
400.32,4,3,suv,manual,any,sedan,automatic,gasoline,5,2025,387.59,7.24,0,4.18,914,73.2
451.83,12,1,any,any,gasoline,suv,automatic,gasoline,6,2023,389.51,6.42,0,3.73,545,86.55
346.89,2,5,any,automatic,hybrid,sedan,automatic,gasoline,5,2025,459.81,6.22,0,4.11,74,70.63
280.34,1,1,hatchback,manual,gasoline,sedan,manual,gasoline,5,2022,331.69,8.49,0,4.29,302,68.76
621.58,26,4,any,any,diesel,suv,automatic,hybrid,5,2017,459.78,4.87,0,4.52,118,76.09
482.09,5,1,hatchback,automatic,any,sedan,automatic,gasoline,5,2025,421.41,6.19,0,4.13,622,77.69
714.12,3,1,sedan,manual,electric,suv,automatic,hybrid,5,2021,613.15,5.95,0,4.17,476,60.73
750.65,3,6,hatchback,any,electric,van,manual,hybrid,8,2026,736.01,6.18,0,4.47,482,71.74
744.02,5,2,suv,automatic,diesel,suv,manual,hybrid,5,2020,708.75,5.61,0,3.81,580,68.47
268.21,1,2,suv,automatic,any,hatchback,automatic,gasoline,5,2024,276.0,6.73,0,4.51,702,73.9
606.93,3,8,suv,automatic,hybrid,suv,manual,hybrid,7,2025,647.38,4.41,0,4.17,147,66.74
719.55,1,3,any,automatic,diesel,suv,automatic,gasoline,7,2022,544.98,8.21,0,4.36,771,70.33
261.28,22,2,any,any,any,hatchback,manual,gasoline,5,2020,181.19,7.1,0,4.15,449,79.0
508.48,1,3,hatchback,any,diesel,suv,automatic,gasoline,7,2025,476.63,8.89,0,4.25,312,65.82
934.2,22,2,sedan,automatic,gasoline,suv,automatic,diesel,5,2025,710.31,7.39,0,3.43,548,71.18
484.07,1,2,suv,automatic,gasoline,sedan,manual,diesel,5,2025,411.33,6.63,0,4.63,341,65.33
827.7,4,4,hatchback,manual,diesel,coupe,automatic,gasoline,3,2024,974.99,6.29,0,3.93,498,42.04
397.69,6,3,any,manual,diesel,hatchback,automatic,gasoline,5,2025,383.61,5.82,0,3.59,1117,72.74
315.11,18,2,suv,any,gasoline,sedan,automatic,gasoline,5,2020,388.61,6.6,0,4.5,368,67.71
154.68,25,1,coupe,manual,gasoline,hatchback,automatic,diesel,5,2024,229.58,4.55,0,4.21,91,56.63
459.39,2,2,sedan,automatic,any,coupe,automatic,gasoline,2,2019,462.81,5.59,0,4.06,695,72.95
1007.62,1,3,any,any,gasoline,coupe,manual,gasoline,4,2024,1003.82,9.02,0,4.09,131,83.94
468.84,3,3,sedan,any,hybrid,sedan,automatic,diesel,5,2026,483.21,7.15,0,4.18,251,81.32
244.71,4,2,suv,any,any,hatchback,automatic,gasoline,5,2018,227.66,7.39,0,3.85,1047,65.78
902.36,6,1,sedan,automatic,diesel,coupe,automatic,diesel,2,2026,768.73,5.23,0,4.31,494,85.63
187.24,2,3,any,any,diesel,hatchback,manual,gasoline,5,2022,183.1,6.1,0,4.72,1089,79.51
226.17,3,3,sedan,automatic,hybrid,hatchback,automatic,diesel,5,2026,186.3,5.73,0,4.23,577,70.44
258.88,4,2,any,manual,diesel,hatchback,automatic,gasoline,5,2017,199.54,8.26,0,4.41,195,61.45
787.71,4,1,any,manual,diesel,coupe,automatic,diesel,3,2023,826.26,5.12,0,4.32,266,79.41
325.58,3,4,suv,manual,gasoline,hatchback,manual,electric,5,2021,222.66,0,372,4.36,537,68.67
457.84,2,1,hatchback,automatic,gasoline,sedan,automatic,diesel,5,2020,426.04,6.08,0,3.19,787,60.82
355.42,3,1,sedan,automatic,any,hatchback,automatic,gasoline,5,2024,381.06,9.59,0,4.19,1114,68.75
249.1,7,2,hatchback,automatic,gasoline,hatchback,manual,gasoline,5,2024,191.81,8.25,0,4.73,699,76.58
508.69,1,4,any,automatic,any,sedan,automatic,hybrid,5,2023,393.85,6.14,0,5,671,85.29
251.54,3,2,sedan,automatic,gasoline,sedan,automatic,gasoline,5,2019,319.06,9.62,0,3.93,850,65.13
678.59,2,3,sedan,automatic,gasoline,van,automatic,diesel,7,2025,643.87,4.7,0,4.53,284,72.83
456.86,2,3,hatchback,manual,any,sedan,automatic,gasoline,5,2020,393.57,5.63,0,4.47,171,68.84
251.51,3,1,any,any,gasoline,hatchback,automatic,gasoline,5,2022,199.45,8.99,0,3.93,90,82.39
766.18,1,1,any,automatic,gasoline,van,automatic,diesel,7,2021,811.08,5.81,0,5,433,73.0
443.79,1,2,sedan,any,gasoline,hatchback,automatic,diesel,5,2023,376.92,5.49,0,3.91,426,69.0
669.39,3,3,any,manual,gasoline,suv,automatic,hybrid,7,2015,556.74,4.74,0,4.08,739,68.39
231.28,17,1,suv,automatic,gasoline,hatchback,automatic,gasoline,5,2017,235.65,9.01,0,3.85,387,65.72
485.57,3,4,any,any,any,sedan,automatic,diesel,5,2025,469.04,5.66,0,3.16,1065,89.17
294.38,3,2,suv,automatic,any,sedan,manual,diesel,5,2023,307.39,6.3,0,3.54,375,66.53
761.32,3,3,suv,automatic,hybrid,van,automatic,gasoline,8,2025,650.26,9.65,0,3.96,241,66.91
281.98,2,1,suv,manual,gasoline,hatchback,automatic,hybrid,5,2025,355.7,6.14,0,4.28,998,61.05
342.25,2,6,hatchback,manual,diesel,hatchback,automatic,hybrid,5,2025,400.76,3.54,0,4.9,195,57.7
465.96,2,5,any,any,gasoline,suv,automatic,diesel,5,2023,325.88,5.1,0,5,138,84.48
235.17,1,3,suv,automatic,gasoline,hatchback,automatic,diesel,5,2017,280.17,7.32,0,4.81,432,53.7
503.05,7,2,hatchback,any,gasoline,sedan,manual,hybrid,5,2025,404.84,5.34,0,3.75,733,72.92
155.84,2,4,coupe,automatic,gasoline,hatchback,automatic,diesel,5,2022,173.14,6.9,0,4.35,524,65.68
362.48,3,3,sedan,any,any,sedan,automatic,electric,5,2020,369.64,0,335,3.6,669,85.3
660.37,4,4,coupe,automatic,diesel,van,automatic,electric,9,2026,552.96,0,382,3.8,845,76.11
426.36,4,2,suv,automatic,diesel,van,automatic,gasoline,7,2018,385.41,9.07,0,3.86,279,56.67
332.36,1,1,truck,any,gasoline,hatchback,automatic,gasoline,5,2021,285.24,5.86,0,3.52,34,74.46
180.6,4,4,sedan,manual,any,hatchback,automatic,diesel,5,2019,150,6.64,0,4.07,146,65.39
219.46,4,2,truck,automatic,gasoline,sedan,manual,electric,5,2015,203.72,0,307,4.33,535,55.5
530.46,4,4,hatchback,automatic,hybrid,sedan,automatic,hybrid,5,2021,463.1,4.9,0,3.98,275,73.75
247.0,2,3,suv,any,diesel,hatchback,automatic,hybrid,5,2026,267.78,5.61,0,3.92,155,72.32
171.09,1,3,suv,any,any,sedan,automatic,gasoline,5,2021,206.63,9.32,0,3.74,705,64.72
299.97,2,3,any,automatic,gasoline,truck,automatic,gasoline,2,2023,375.24,5.87,0,3.45,267,66.7
738.95,6,8,any,manual,any,suv,automatic,gasoline,6,2026,796.38,8.46,0,4.53,206,64.13
687.8,1,1,any,automatic,any,van,manual,diesel,8,2023,688.87,7.01,0,4.05,532,74.11
563.9,30,5,suv,manual,any,coupe,manual,gasoline,2,2016,433.44,6.1,0,3.67,591,54.12
402.87,2,2,any,any,any,sedan,automatic,gasoline,5,2023,294.01,6.38,0,4.85,433,88.22
219.12,16,2,coupe,automatic,any,hatchback,automatic,gasoline,5,2026,294.51,5.78,0,3.88,997,74.69
508.4,1,3,suv,any,any,truck,automatic,gasoline,2,2026,638.65,8.28,0,4.12,430,51.59
787.98,2,4,hatchback,automatic,any,truck,automatic,hybrid,5,2019,665.34,5.56,0,3.9,169,69.66
514.23,3,2,sedan,automatic,gasoline,sedan,automatic,gasoline,5,2020,420.32,7.44,0,3.45,239,78.65
311.42,25,2,any,any,any,sedan,automatic,gasoline,5,2021,313.82,6.05,0,4.4,150,87.16
587.39,1,1,suv,any,any,truck,automatic,diesel,4,2019,530.97,7.24,0,4.68,1101,70.43
748.39,12,3,suv,any,gasoline,van,automatic,diesel,8,2024,667.11,4.45,0,4.81,414,75.75
541.78,4,5,truck,automatic,gasoline,van,automatic,diesel,9,2024,566.52,6.85,0,4.5,682,67.24
150,6,1,any,manual,any,hatchback,automatic,gasoline,5,2025,199.07,6.58,0,3.94,145,76.23
488.9,2,4,hatchback,manual,gasoline,sedan,manual,gasoline,5,2026,485.6,6.87,0,3.9,181,80.11
570.81,5,3,any,automatic,hybrid,suv,automatic,gasoline,5,2025,646.35,5.91,0,4.57,265,77.03
300.61,1,3,suv,automatic,gasoline,hatchback,manual,diesel,5,2024,347.01,4.59,0,4.18,298,60.92
174.77,24,1,sedan,any,any,hatchback,manual,hybrid,5,2025,187.01,5.76,0,4.29,1151,75.03
338.97,13,5,any,any,gasoline,sedan,automatic,gasoline,5,2023,376.8,7.33,0,4.43,637,82.87
564.0,4,2,truck,automatic,any,van,automatic,gasoline,8,2021,478.6,9.61,0,4.14,160,71.48
273.96,3,1,coupe,automatic,hybrid,hatchback,automatic,diesel,5,2024,193.02,7.0,0,3.54,569,64.24
247.58,26,7,sedan,automatic,any,hatchback,manual,electric,5,2025,280.57,0,247,4.33,176,51.33
371.23,2,2,any,automatic,hybrid,sedan,automatic,electric,5,2025,265.75,0,327,4.46,77,79.02
305.65,3,2,sedan,automatic,diesel,sedan,automatic,electric,5,2022,337.94,0,239,4.14,876,74.74
553.03,28,1,any,manual,diesel,coupe,manual,gasoline,2,2026,490.88,9.04,0,4.76,801,79.46
957.31,4,3,truck,automatic,diesel,coupe,automatic,gasoline,4,2024,1005.42,6.26,0,4.16,539,68.84
858.92,11,3,van,automatic,gasoline,van,manual,gasoline,7,2023,791.19,6.76,0,3.35,487,78.39
563.43,18,3,hatchback,automatic,diesel,suv,manual,gasoline,5,2025,588.4,9.03,0,3.5,442,55.11
272.57,5,3,van,automatic,hybrid,sedan,manual,hybrid,5,2025,344.71,4.45,0,4.34,877,70.7
439.49,7,4,suv,any,hybrid,van,manual,diesel,7,2020,451.73,6.35,0,4.15,344,63.32
296.76,4,4,hatchback,any,gasoline,hatchback,manual,electric,5,2023,230.07,0,501,3.96,908,81.33
746.62,8,4,sedan,automatic,hybrid,van,manual,gasoline,7,2026,816.42,5.89,0,4.13,293,62.51
229.81,4,3,suv,any,electric,sedan,manual,diesel,5,2023,217.7,5.66,0,4.23,224,71.37
553.42,2,2,suv,automatic,any,sedan,manual,diesel,5,2019,446.91,4.99,0,4.79,505,64.13
345.86,4,2,hatchback,automatic,any,sedan,automatic,gasoline,5,2022,333.36,6.2,0,3.73,258,76.25
948.31,2,4,sedan,any,any,van,automatic,gasoline,8,2023,816.93,5.75,0,4.57,216,76.09
272.47,7,3,sedan,automatic,electric,sedan,automatic,gasoline,5,2021,210.28,7.59,0,4.12,327,72.23
271.06,18,1,any,manual,gasoline,hatchback,manual,diesel,5,2019,277.61,6.48,0,3.77,309,73.28
484.09,4,1,hatchback,automatic,gasoline,sedan,automatic,gasoline,5,2021,411.54,8.65,0,4.48,95,67.14
281.92,8,5,sedan,automatic,any,hatchback,automatic,diesel,5,2022,270.67,5.99,0,4.81,543,74.85
540.93,16,6,hatchback,automatic,any,hatchback,manual,hybrid,5,2020,371.22,5.8,0,4.25,272,58.18
150,2,1,truck,any,electric,hatchback,manual,electric,5,2024,188.36,0,314,3.29,646,69.08
294.46,10,1,any,any,hybrid,sedan,manual,gasoline,5,2026,341.56,7.43,0,4.23,1120,78.5
670.75,26,9,van,automatic,electric,suv,manual,diesel,7,2023,494.33,5.2,0,4.59,463,48.14
539.58,3,4,sedan,manual,electric,truck,manual,gasoline,3,2024,464.88,7.7,0,5,703,51.05
406.22,19,3,sedan,any,gasoline,hatchback,automatic,hybrid,5,2021,287.56,4.81,0,4.89,579,68.78
346.92,17,2,sedan,automatic,any,suv,automatic,electric,6,2015,457.28,0,305,4.32,581,64.73
294.84,19,2,truck,automatic,diesel,sedan,automatic,diesel,5,2022,370.73,5.14,0,4.02,150,69.61
488.18,3,8,suv,automatic,diesel,hatchback,automatic,electric,5,2025,358.27,0,323,4.5,321,55.51
632.31,13,2,any,any,gasoline,sedan,manual,electric,5,2022,488.7,0,235,4.72,80,79.0
779.89,27,4,truck,any,gasoline,van,manual,gasoline,9,2021,680.35,5.8,0,4.26,261,71.59
256.01,14,2,hatchback,automatic,diesel,hatchback,automatic,gasoline,5,2026,242.05,9.56,0,5,489,77.05
304.48,1,3,suv,any,diesel,sedan,automatic,diesel,5,2026,333.83,4.84,0,4.29,1012,82.16
1217.14,1,1,sedan,automatic,electric,coupe,manual,gasoline,4,2026,998.52,8.52,0,3.77,406,60.63
781.36,2,1,suv,any,electric,van,automatic,diesel,9,2026,660.88,5.73,0,4.76,606,70.82
314.52,13,1,hatchback,any,gasoline,sedan,automatic,gasoline,5,2026,302.75,8.69,0,3.39,516,75.34
762.29,2,4,sedan,automatic,gasoline,van,automatic,gasoline,8,2022,564.51,7.25,0,4.14,389,71.77
250.39,2,3,hatchback,automatic,gasoline,suv,manual,gasoline,7,2018,257.47,7.37,0,4.22,1023,57.3
623.99,10,2,any,automatic,diesel,truck,manual,gasoline,4,2020,523.73,7.43,0,3.61,373,65.46
628.56,2,3,any,manual,any,coupe,automatic,diesel,3,2021,672.45,5.63,0,4.08,426,76.97
233.98,29,4,any,manual,any,sedan,automatic,diesel,5,2019,256.48,4.48,0,3.97,191,77.53
660.78,4,6,van,automatic,gasoline,suv,automatic,gasoline,5,2018,626.21,8.84,0,5,918,48.25
273.42,21,1,coupe,automatic,gasoline,hatchback,automatic,electric,5,2023,299.39,0,326,4.39,229,68.16
648.07,1,4,suv,manual,gasoline,suv,automatic,electric,6,2021,691.33,0,351,4.52,416,68.04
170.31,6,2,sedan,automatic,any,hatchback,automatic,gasoline,5,2024,206.21,8.5,0,4.45,384,67.91
884.73,1,1,sedan,any,any,van,automatic,hybrid,9,2025,943.58,4.95,0,5,318,77.44
302.35,1,3,suv,automatic,any,sedan,automatic,electric,5,2021,255.32,0,387,5,184,74.5
287.13,1,2,hatchback,automatic,any,hatchback,manual,gasoline,5,2020,247.52,9.01,0,4.4,383,69.5
308.61,2,2,coupe,any,gasoline,suv,automatic,gasoline,6,2021,359.51,5.55,0,4.15,378,71.03
731.46,1,5,hatchback,manual,any,van,automatic,gasoline,8,2020,784.62,7.25,0,4.36,75,60.83
270.85,12,1,sedan,automatic,any,hatchback,manual,hybrid,5,2019,323.74,4.73,0,4.66,446,64.04
250.66,3,2,suv,any,hybrid,sedan,manual,hybrid,5,2025,334.45,4.3,0,4.61,357,76.82
299.24,3,3,sedan,automatic,any,hatchback,automatic,gasoline,5,2024,281.0,8.79,0,4.3,242,76.19
936.56,1,1,sedan,automatic,gasoline,coupe,manual,diesel,2,2026,817.93,7.39,0,4.23,558,61.33
445.05,11,2,coupe,manual,diesel,sedan,automatic,diesel,5,2025,385.86,4.81,0,4.53,593,79.35
644.94,3,1,truck,manual,any,van,manual,gasoline,9,2023,605.98,6.07,0,3.25,125,76.39
508.13,1,2,any,any,any,truck,manual,hybrid,5,2019,532.52,4.47,0,4.16,276,82.08
624.59,2,2,any,manual,gasoline,coupe,manual,diesel,4,2017,625.18,6.28,0,4.57,1069,69.62
211.33,3,1,any,manual,any,hatchback,manual,gasoline,5,2024,171.65,5.66,0,3.57,355,88.98
231.94,3,3,suv,automatic,any,hatchback,automatic,gasoline,5,2023,226.23,8.37,0,4.29,134,71.04
245.16,4,2,any,any,any,hatchback,automatic,gasoline,5,2016,254.59,8.24,0,3.79,658,72.74
380.09,1,1,any,automatic,diesel,sedan,automatic,hybrid,5,2015,378.36,6.15,0,4.72,500,73.6
199.97,1,2,hatchback,automatic,hybrid,hatchback,automatic,hybrid,5,2019,231.13,4.02,0,3.28,75,80.18
602.56,2,2,sedan,manual,hybrid,sedan,manual,diesel,5,2025,504.87,4.52,0,4.83,1018,82.29
541.05,1,1,sedan,automatic,diesel,van,manual,electric,9,2025,618.82,0,425,3.93,269,64.74
250.23,3,2,any,any,gasoline,hatchback,manual,electric,5,2020,196.09,0,334,4.46,1059,79.26
327.49,28,2,sedan,automatic,gasoline,sedan,manual,electric,5,2021,403.19,0,426,3.96,713,64.95
657.67,19,4,suv,any,any,van,automatic,diesel,7,2018,501.7,4.9,0,4.24,612,72.08
325.39,9,3,sedan,any,electric,sedan,automatic,diesel,5,2023,298.32,4.75,0,3.95,736,83.51
644.77,5,5,any,automatic,gasoline,truck,automatic,gasoline,2,2026,793.44,8.21,0,3.8,851,64.62
738.41,1,3,any,automatic,diesel,coupe,manual,diesel,4,2020,815.03,4.91,0,4.24,444,72.72
628.79,2,2,truck,automatic,electric,coupe,manual,diesel,2,2024,579.17,6.88,0,3.71,129,59.76
327.12,4,2,suv,automatic,hybrid,sedan,automatic,gasoline,5,2016,232.22,8.49,0,4.41,304,56.27
521.41,1,2,sedan,any,any,suv,automatic,gasoline,5,2020,496.1,9.61,0,4.16,351,69.96
221.75,3,3,sedan,automatic,gasoline,hatchback,automatic,gasoline,5,2019,281.91,7.34,0,4.05,979,59.89
818.18,3,4,sedan,automatic,gasoline,van,automatic,electric,8,2024,621.14,0,329,3.25,440,69.45
922.62,1,3,suv,any,diesel,truck,manual,hybrid,4,2022,859.99,4.28,0,4.6,206,73.15
294.59,15,1,van,automatic,hybrid,hatchback,automatic,gasoline,5,2021,265.42,7.63,0,5,662,64.63
268.02,7,3,any,automatic,diesel,sedan,manual,diesel,5,2017,263.08,7.34,0,4.04,1061,67.26
912.03,8,2,any,any,hybrid,van,manual,gasoline,8,2025,891.28,9.14,0,4.6,405,77.86
236.62,17,2,suv,automatic,any,sedan,automatic,hybrid,5,2023,315.75,4.64,0,3.48,253,67.18
371.18,3,3,any,manual,gasoline,suv,manual,hybrid,5,2025,447.95,4.44,0,5,706,81.0
244.93,2,3,hatchback,any,diesel,hatchback,automatic,gasoline,5,2023,328.55,6.72,0,3.99,180,65.8
428.28,5,1,suv,automatic,gasoline,hatchback,automatic,diesel,5,2025,342.74,5.16,0,4.24,170,70.5
223.98,9,1,sedan,automatic,any,sedan,manual,gasoline,5,2026,242.87,8.66,0,4.91,478,75.16
469.61,6,5,any,automatic,gasoline,suv,automatic,diesel,7,2019,338.58,6.74,0,4.33,428,74.84
468.67,1,2,truck,manual,diesel,sedan,automatic,gasoline,5,2022,367.67,6.26,0,4.49,983,61.5
378.21,1,5,sedan,automatic,any,hatchback,automatic,diesel,5,2022,310.6,6.51,0,4.41,212,72.94
504.1,1,2,hatchback,automatic,diesel,coupe,automatic,gasoline,2,2024,425.74,5.58,0,4.28,219,72.92
296.69,1,4,sedan,manual,hybrid,hatchback,automatic,electric,5,2024,293.31,0,222,3.86,304,62.4
296.37,1,2,coupe,automatic,gasoline,sedan,manual,gasoline,5,2023,282.53,8.98,0,4.57,611,63.35
434.49,25,4,suv,any,any,suv,automatic,electric,6,2020,448.53,0,395,3.57,45,85.77
721.78,2,2,any,manual,gasoline,suv,automatic,electric,7,2023,584.61,0,346,4.88,395,70.36
487.18,11,4,any,automatic,any,sedan,manual,hybrid,5,2021,335.27,5.06,0,4.53,339,82.82
520.15,5,2,sedan,automatic,electric,suv,manual,hybrid,6,2025,449.38,3.74,0,4.19,449,65.71
248.11,3,3,hatchback,automatic,any,sedan,automatic,gasoline,5,2022,283.49,5.51,0,4.48,483,70.5
541.15,4,2,any,automatic,electric,sedan,automatic,gasoline,5,2026,416.2,5.85,0,3.71,233,81.41
278.84,3,1,suv,any,any,sedan,automatic,hybrid,5,2025,272.49,3.45,0,4.13,1148,81.5
485.0,4,4,hatchback,automatic,any,sedan,manual,gasoline,5,2025,422.03,8.01,0,3.48,267,67.07
924.17,3,5,hatchback,automatic,any,van,automatic,hybrid,7,2021,705.76,5.02,0,5,473,80.57
402.1,2,1,any,manual,any,sedan,automatic,gasoline,5,2026,355.61,7.77,0,4.24,659,80.52
503.49,3,1,suv,automatic,diesel,suv,manual,gasoline,7,2022,663.6,9.78,0,4.18,283,53.79
231.6,21,2,suv,any,gasoline,sedan,automatic,diesel,5,2025,213.49,4.31,0,4.58,287,77.52
150,3,4,sedan,any,any,sedan,manual,gasoline,5,2022,234.26,6.68,0,4.3,659,71.82
348.95,3,5,any,automatic,gasoline,sedan,automatic,gasoline,5,2017,297.1,8.34,0,4.58,372,75.62
607.95,23,5,coupe,automatic,any,suv,automatic,gasoline,6,2023,518.31,7.74,0,4.98,551,73.66
376.56,4,2,suv,automatic,any,truck,manual,diesel,4,2022,496.72,6.52,0,4.35,987,61.69
1187.96,2,3,sedan,automatic,any,coupe,manual,electric,4,2021,1070.85,0,384,4.52,216,72.05
617.46,22,5,any,manual,diesel,suv,automatic,diesel,6,2020,534.6,5.92,0,4.71,531,76.98
280.36,1,5,suv,automatic,gasoline,sedan,automatic,gasoline,5,2024,271.92,6.28,0,3.87,523,74.18
692.15,7,2,sedan,automatic,gasoline,suv,automatic,gasoline,7,2023,667.39,6.86,0,3.49,273,76.98
452.57,1,1,hatchback,manual,diesel,sedan,manual,gasoline,5,2026,396.08,8.32,0,4.36,334,69.13
445.48,2,3,coupe,manual,gasoline,hatchback,automatic,gasoline,5,2023,343.04,5.69,0,3.81,529,68.42
396.01,1,1,hatchback,any,any,sedan,automatic,hybrid,5,2023,324.17,5.32,0,3.39,374,79.34
465.71,5,1,suv,automatic,electric,suv,automatic,gasoline,5,2021,498.86,7.67,0,4.13,522,69.21
400.5,4,2,any,any,diesel,sedan,automatic,diesel,5,2026,336.24,5.44,0,4.74,319,89.64
339.79,4,2,coupe,manual,diesel,hatchback,automatic,gasoline,5,2025,317.49,8.5,0,4.64,711,61.5
152.73,4,2,any,manual,gasoline,hatchback,automatic,gasoline,5,2021,167.19,7.25,0,4.04,1028,69.45
318.33,1,1,hatchback,manual,any,hatchback,automatic,gasoline,5,2023,315.91,7.75,0,4.27,305,72.86
150,4,1,any,manual,any,hatchback,automatic,diesel,5,2016,186.19,5.93,0,4.23,328,65.6
470.65,1,5,sedan,automatic,any,suv,manual,gasoline,5,2025,523.0,6.33,0,4.64,676,68.09
329.25,6,2,suv,automatic,gasoline,hatchback,automatic,gasoline,5,2023,351.98,7.97,0,4.41,443,70.97
267.24,16,6,hatchback,manual,gasoline,sedan,automatic,gasoline,5,2024,281.48,6.02,0,3.73,473,52.66
1305.73,20,3,van,any,electric,coupe,automatic,gasoline,2,2024,998.81,9.65,0,4.42,1152,49.65
900.3,1,3,suv,manual,gasoline,coupe,automatic,hybrid,3,2023,1014.29,4.2,0,5,672,63.26
347.17,3,7,sedan,automatic,any,suv,manual,electric,7,2020,426.58,0,373,4.68,471,59.51
457.87,4,6,any,any,hybrid,suv,manual,gasoline,6,2021,506.85,5.83,0,3.69,940,69.88
217.67,3,2,hatchback,automatic,gasoline,hatchback,automatic,gasoline,5,2026,329.82,8.6,0,4.81,553,74.14
305.27,5,6,sedan,automatic,any,suv,automatic,diesel,6,2023,363.55,6.56,0,4.4,437,71.16
888.63,4,3,hatchback,automatic,any,suv,manual,hybrid,7,2026,783.83,6.0,0,4.39,603,72.87
386.75,5,6,sedan,manual,any,sedan,automatic,diesel,5,2024,344.87,5.21,0,4.63,1088,67.71
710.12,4,1,any,automatic,any,van,automatic,gasoline,8,2015,633.89,7.95,0,3.57,68,77.73
219.97,1,2,any,automatic,gasoline,hatchback,manual,gasoline,5,2026,297.15,6.54,0,4.09,52,71.84
1231.7,14,3,suv,automatic,gasoline,coupe,manual,diesel,4,2024,924.77,5.12,0,4.74,775,65.53
829.83,13,1,sedan,automatic,any,truck,automatic,hybrid,4,2025,748.18,5.21,0,4.7,248,82.61
198.95,6,4,hatchback,automatic,diesel,sedan,automatic,gasoline,5,2024,240.96,9.18,0,2.56,588,54.99
409.5,3,2,sedan,manual,any,sedan,manual,diesel,5,2019,370.78,4.45,0,4.61,111,82.11
436.8,1,2,hatchback,any,diesel,hatchback,manual,electric,5,2023,292.07,0,333,4.12,140,82.42
222.59,13,1,sedan,automatic,any,sedan,automatic,diesel,5,2022,328.76,6.22,0,3.61,365,74.04
429.47,2,3,suv,manual,gasoline,coupe,automatic,gasoline,2,2020,506.98,6.66,0,4.03,114,45.3
666.49,28,6,any,automatic,any,suv,automatic,gasoline,5,2023,473.95,7.03,0,3.56,668,70.28
417.63,1,8,any,any,gasoline,hatchback,automatic,gasoline,5,2025,379.84,6.11,0,3.53,461,74.26
293.85,4,6,sedan,automatic,diesel,sedan,manual,gasoline,5,2025,349.27,8.84,0,4.31,751,49.95
227.79,7,4,any,automatic,gasoline,hatchback,automatic,gasoline,5,2021,199.95,7.79,0,4.42,480,83.4
306.21,26,5,van,automatic,any,hatchback,automatic,diesel,5,2025,363.43,4.39,0,4.94,224,81.89
635.82,6,1,coupe,any,gasoline,sedan,automatic,gasoline,5,2021,450.09,8.46,0,4.4,387,66.63
319.02,1,1,van,automatic,gasoline,sedan,automatic,diesel,5,2018,345.93,6.33,0,3.05,103,60.2
1023.04,2,6,van,automatic,hybrid,van,automatic,electric,7,2025,766.04,0,371,4.77,198,82.29
221.68,1,1,hatchback,any,gasoline,sedan,manual,gasoline,5,2026,304.75,5.61,0,4.38,459,73.1
859.39,1,3,coupe,any,gasoline,suv,manual,diesel,6,2026,700.73,5.78,0,4.32,472,73.24
729.53,5,4,any,manual,hybrid,van,manual,electric,9,2023,937.12,0,206,4.06,29,69.55
481.85,2,2,coupe,automatic,any,sedan,automatic,electric,5,2020,439.09,0,333,4.84,97,77.95
1079.79,6,4,any,manual,gasoline,truck,automatic,diesel,3,2024,861.85,5.39,0,3.9,326,58.27
1014.96,10,1,suv,manual,gasoline,van,manual,diesel,8,2025,820.95,5.91,0,3.57,964,71.93
484.71,2,3,suv,any,gasoline,hatchback,automatic,electric,5,2023,360.69,0,347,3.12,205,70.4
283.4,16,4,sedan,automatic,any,hatchback,automatic,gasoline,5,2024,234.97,5.92,0,4.0,981,80.92
683.85,3,4,any,automatic,gasoline,suv,automatic,hybrid,7,2024,610.91,5.83,0,4.52,135,79.4
272.72,3,1,any,automatic,electric,sedan,manual,diesel,5,2025,270.5,5.48,0,5,409,76.42
514.35,6,3,sedan,any,diesel,sedan,automatic,gasoline,5,2019,382.31,8.66,0,3.97,783,69.99
381.27,2,6,suv,manual,gasoline,suv,manual,diesel,7,2023,344.16,6.99,0,4.3,505,76.91
552.71,13,3,suv,automatic,diesel,coupe,automatic,diesel,3,2023,424.45,5.87,0,3.75,584,76.34
420.19,1,1,any,any,any,coupe,automatic,hybrid,2,2023,484.12,5.2,0,4.66,398,82.44
601.54,4,2,any,automatic,any,coupe,automatic,gasoline,4,2025,602.55,6.68,0,4.46,88,86.43
150,1,3,sedan,any,gasoline,hatchback,manual,gasoline,5,2024,174.76,7.77,0,3.96,288,68.43
358.61,4,3,sedan,manual,electric,sedan,manual,gasoline,5,2024,348.76,9.6,0,4.77,794,75.43
509.98,1,4,sedan,manual,diesel,sedan,automatic,diesel,5,2024,446.27,7.04,0,4.17,268,81.94
510.76,5,1,sedan,automatic,hybrid,sedan,automatic,gasoline,5,2022,403.97,8.08,0,3.94,469,70.28
467.29,3,2,any,automatic,gasoline,hatchback,automatic,diesel,5,2026,393.63,5.64,0,5,771,80.31
531.27,3,4,suv,manual,diesel,sedan,manual,gasoline,5,2023,425.72,6.13,0,3.93,605,69.77
972.41,23,1,suv,any,gasoline,suv,automatic,hybrid,6,2024,678.41,4.97,0,4.31,784,85.13
379.28,19,9,any,automatic,hybrid,suv,automatic,gasoline,7,2021,384.32,7.82,0,4.26,703,54.45
453.32,3,4,any,automatic,any,hatchback,automatic,diesel,5,2026,353.0,4.7,0,4.73,590,92.47
467.8,2,5,any,automatic,hybrid,sedan,automatic,gasoline,5,2023,350.66,9.01,0,4.29,659,75.23
597.66,2,4,any,automatic,any,suv,manual,gasoline,5,2023,589.81,5.74,0,4.56,124,81.96
746.27,3,3,sedan,any,any,truck,automatic,diesel,4,2016,603.91,4.91,0,4.2,270,74.8
458.31,16,1,van,manual,electric,suv,manual,diesel,6,2023,442.3,5.13,0,3.75,221,73.36
554.97,2,2,suv,automatic,gasoline,suv,manual,diesel,7,2022,673.38,6.51,0,3.68,1085,63.65
418.01,1,2,suv,any,gasoline,suv,automatic,hybrid,5,2017,406.7,3.4,0,3.97,1010,74.84
593.57,6,1,hatchback,manual,any,suv,automatic,hybrid,7,2020,427.45,5.22,0,4.38,749,70.49
537.65,2,3,sedan,automatic,electric,suv,automatic,hybrid,6,2026,526.09,5.59,0,3.7,934,72.59
371.31,3,2,suv,manual,gasoline,sedan,manual,gasoline,5,2019,278.35,8.38,0,3.62,510,67.75
286.47,6,4,hatchback,any,any,suv,automatic,diesel,5,2025,380.45,4.79,0,4.58,117,76.14
663.53,3,1,suv,automatic,hybrid,van,automatic,hybrid,7,2023,711.09,4.74,0,4.06,526,76.26
463.7,10,4,hatchback,manual,any,sedan,manual,gasoline,5,2019,307.03,6.05,0,3.28,592,69.22
207.37,1,1,suv,manual,diesel,hatchback,automatic,gasoline,5,2025,206.48,7.07,0,3.94,54,63.0
889.61,7,3,any,automatic,gasoline,coupe,automatic,gasoline,4,2023,830.98,9.66,0,4.5,279,82.54
685.31,4,3,any,any,diesel,coupe,automatic,gasoline,2,2022,565.91,8.05,0,5,1000,58.06
510.67,15,1,sedan,any,any,sedan,manual,gasoline,5,2023,444.77,6.37,0,4.6,50,89.32
150,3,2,any,automatic,gasoline,hatchback,automatic,gasoline,5,2024,171.71,8.74,0,4.83,152,79.55
543.98,1,2,any,automatic,any,suv,manual,diesel,5,2018,507.4,4.87,0,4.44,446,74.61
572.54,5,1,suv,automatic,gasoline,sedan,automatic,hybrid,5,2026,532.72,5.43,0,3.88,236,69.97
348.02,3,1,suv,manual,hybrid,hatchback,automatic,diesel,5,2024,366.22,5.91,0,4.29,906,60.33
241.31,29,1,truck,automatic,any,hatchback,automatic,diesel,5,2018,287.51,4.79,0,3.93,218,67.75
490.56,8,6,van,manual,any,sedan,automatic,gasoline,5,2021,424.86,9.46,0,4.4,346,46.64
718.63,3,9,van,manual,any,van,automatic,gasoline,9,2018,574.04,5.84,0,4.12,262,76.16
230.11,5,2,suv,automatic,electric,sedan,automatic,gasoline,5,2022,259.83,9.49,0,5.0,594,57.68
925.2,1,4,suv,automatic,electric,suv,automatic,hybrid,5,2026,859.65,3.9,0,4.73,520,82.35
349.09,3,1,sedan,any,any,suv,manual,gasoline,7,2026,354.62,6.24,0,4.29,466,80.2
958.34,20,5,hatchback,any,gasoline,suv,manual,diesel,6,2025,704.39,6.43,0,5,335,69.99
437.74,5,4,sedan,manual,gasoline,suv,automatic,gasoline,6,2018,382.67,6.93,0,4.38,676,60.43
308.44,7,2,suv,automatic,gasoline,hatchback,manual,electric,5,2025,368.24,0,411,4.26,671,62.27
340.48,4,5,suv,any,gasoline,hatchback,manual,gasoline,5,2021,298.54,7.13,0,4.94,161,70.91
408.98,27,1,any,any,gasoline,suv,automatic,gasoline,5,2026,430.46,5.59,0,4.3,286,90.71
150,1,1,suv,automatic,diesel,hatchback,automatic,diesel,5,2024,201.77,7.15,0,4.07,365,66.32
367.66,5,1,sedan,automatic,gasoline,hatchback,manual,electric,5,2023,352.39,0,289,4.41,738,62.23
610.4,11,1,any,automatic,hybrid,suv,automatic,gasoline,5,2016,493.12,8.15,0,5,433,68.97
1143.99,9,4,any,automatic,gasoline,coupe,manual,diesel,2,2026,1038.71,7.19,0,3.49,181,59.03
306.51,2,3,hatchback,automatic,electric,hatchback,automatic,gasoline,5,2026,321.56,6.41,0,4.32,142,79.89
318.25,1,1,any,any,any,hatchback,automatic,diesel,5,2023,329.13,4.78,0,5,108,93.53
495.44,2,1,any,automatic,gasoline,sedan,automatic,diesel,5,2023,485.77,5.26,0,4.86,213,85.47
216.2,3,1,any,automatic,gasoline,hatchback,manual,diesel,5,2023,277.68,6.21,0,4.31,844,63.26
713.23,3,3,any,automatic,any,suv,automatic,gasoline,7,2025,656.22,9.37,0,4.83,634,83.44
625.59,1,4,hatchback,manual,any,van,manual,diesel,9,2021,564.79,4.32,0,4.67,137,75.55
937.13,2,1,any,any,gasoline,suv,automatic,gasoline,7,2026,732.42,9.44,0,4.18,255,79.95
359.52,3,9,sedan,automatic,gasoline,sedan,automatic,gasoline,5,2025,323.09,5.85,0,4.0,553,77.71
470.53,4,5,any,any,diesel,suv,automatic,gasoline,7,2019,523.56,7.3,0,3.56,463,64.23
276.9,2,5,coupe,automatic,gasoline,hatchback,automatic,hybrid,5,2023,239.18,4.28,0,4.38,117,73.24
424.18,8,3,any,automatic,any,sedan,manual,diesel,5,2021,390.48,5.87,0,4.44,151,76.37
194.61,1,3,sedan,any,any,sedan,automatic,diesel,5,2020,267.11,7.25,0,4.73,226,72.42
574.29,1,3,any,manual,diesel,sedan,manual,electric,5,2026,531.72,0,323,5,430,85.04
271.71,1,1,suv,automatic,hybrid,hatchback,automatic,hybrid,5,2018,264.88,5.22,0,3.14,741,67.19
587.59,8,4,any,manual,electric,suv,automatic,diesel,5,2023,619.29,5.04,0,4.56,748,72.9
479.39,9,3,hatchback,automatic,gasoline,sedan,manual,gasoline,5,2024,419.68,9.43,0,5,382,66.61
496.57,3,4,van,any,gasoline,hatchback,automatic,electric,5,2023,349.49,0,418,3.53,186,73.9
589.76,28,5,coupe,automatic,hybrid,van,automatic,hybrid,7,2021,535.02,4.48,0,4.6,708,80.94
263.48,1,1,suv,automatic,gasoline,hatchback,automatic,gasoline,5,2024,198.89,9.26,0,4.28,546,75.88
322.97,1,2,van,manual,any,hatchback,manual,hybrid,5,2023,222.55,3.7,0,4.62,596,79.42
487.17,2,2,any,automatic,electric,suv,manual,gasoline,7,2021,533.33,6.05,0,4.51,443,70.16
993.5,8,4,any,any,any,suv,manual,diesel,5,2026,746.83,7.08,0,4.78,69,89.32
407.79,2,1,sedan,automatic,electric,sedan,automatic,gasoline,5,2024,342.87,7.02,0,4.73,1105,75.28
740.91,2,7,any,manual,hybrid,van,automatic,hybrid,9,2023,785.68,3.81,0,4.5,486,79.01
626.14,8,4,any,automatic,any,suv,automatic,diesel,5,2021,474.95,6.18,0,3.95,734,86.48
637.11,5,1,sedan,any,any,suv,automatic,gasoline,7,2019,485.7,7.16,0,4.14,509,70.35
414.58,1,3,suv,any,any,truck,manual,diesel,4,2026,461.49,7.0,0,5,735,73.37
303.92,1,1,sedan,any,any,hatchback,automatic,gasoline,5,2024,383.3,9.74,0,5,920,66.52
287.89,7,1,coupe,automatic,hybrid,sedan,automatic,gasoline,5,2022,325.87,9.57,0,3.95,236,56.44
311.89,2,7,suv,manual,any,hatchback,automatic,electric,5,2026,334.64,0,271,4.42,269,54.71
378.86,2,5,sedan,automatic,gasoline,truck,automatic,diesel,2,2023,440.84,4.9,0,3.74,248,51.21
261.53,4,7,truck,automatic,gasoline,hatchback,automatic,gasoline,5,2019,257.72,6.04,0,5,342,58.61
600.68,1,5,suv,automatic,any,suv,manual,gasoline,5,2017,543.77,8.01,0,4.87,267,70.87
254.66,2,3,any,manual,hybrid,hatchback,automatic,gasoline,5,2022,238.97,7.66,0,4.43,162,70.07
294.76,13,2,hatchback,automatic,gasoline,hatchback,automatic,gasoline,5,2019,223.58,6.1,0,3.75,452,77.41
406.15,8,1,suv,automatic,any,hatchback,automatic,gasoline,5,2018,249.07,7.6,0,3.68,759,66.3
262.77,24,5,any,automatic,diesel,hatchback,automatic,gasoline,5,2019,280.79,6.89,0,3.31,620,68.54
601.1,2,2,any,manual,gasoline,suv,automatic,diesel,5,2022,559.04,6.06,0,4.1,230,69.59
692.11,18,3,hatchback,any,hybrid,truck,automatic,gasoline,5,2022,595.31,5.63,0,4.31,758,71.33
216.68,28,6,any,automatic,any,hatchback,automatic,diesel,5,2019,161.15,6.64,0,4.12,415,63.95
405.45,3,3,sedan,any,gasoline,truck,manual,gasoline,4,2024,348.91,5.53,0,3.77,468,80.4
173.51,2,3,van,manual,hybrid,sedan,manual,gasoline,5,2018,238.1,9.42,0,4.1,449,46.69
448.07,1,5,any,automatic,any,hatchback,automatic,diesel,5,2026,415.44,6.82,0,2.95,612,86.07
821.09,8,8,any,automatic,any,van,automatic,gasoline,7,2023,731.13,7.37,0,3.88,56,71.99
294.16,2,3,any,manual,gasoline,sedan,manual,hybrid,5,2021,261.45,3.82,0,5,244,78.35
590.08,1,4,hatchback,manual,any,suv,automatic,gasoline,6,2022,434.45,8.28,0,4.58,984,67.3
350.84,18,4,suv,any,diesel,suv,manual,gasoline,5,2022,426.34,8.45,0,4.62,872,69.31
920.79,14,5,sedan,automatic,any,van,manual,diesel,9,2023,842.18,6.75,0,4.36,741,69.46
168.24,6,5,coupe,automatic,electric,hatchback,manual,gasoline,5,2019,245.07,6.1,0,4.5,799,44.02
365.14,19,6,hatchback,automatic,diesel,sedan,automatic,gasoline,5,2021,431.72,9.18,0,4.65,492,41.86
888.05,5,6,sedan,automatic,gasoline,van,automatic,electric,7,2024,647.14,0,280,4.32,409,70.46
393.86,1,2,sedan,any,any,hatchback,automatic,electric,5,2018,324.1,0,369,4.01,81,72.58
535.63,19,2,hatchback,any,any,van,manual,diesel,9,2024,661.82,4.61,0,4.2,356,76.58
328.35,1,3,coupe,manual,gasoline,hatchback,automatic,gasoline,5,2020,264.4,6.43,0,4.4,529,65.43
390.6,2,3,sedan,automatic,electric,suv,manual,gasoline,5,2025,438.52,9.46,0,4.37,659,58.28
248.56,1,3,any,any,any,suv,automatic,gasoline,7,2023,314.9,6.63,0,4.05,698,80.01
160.71,4,9,van,any,electric,hatchback,manual,gasoline,5,2019,190.29,7.67,0,4.43,102,38.92
389.53,5,3,suv,any,gasoline,hatchback,manual,gasoline,5,2025,254.47,9.15,0,3.56,871,72.99
653.4,3,5,truck,automatic,hybrid,suv,automatic,diesel,6,2022,553.25,6.92,0,4.34,449,66.03
386.61,4,5,sedan,any,any,hatchback,automatic,hybrid,5,2023,376.72,4.33,0,3.71,699,77.01
400.33,28,1,hatchback,any,any,sedan,automatic,gasoline,5,2023,484.95,9.26,0,4.13,108,64.79
778.96,20,4,suv,any,electric,suv,automatic,hybrid,7,2025,639.08,3.65,0,3.93,704,85.35
370.14,2,4,sedan,automatic,diesel,sedan,manual,gasoline,5,2018,398.16,8.21,0,4.96,335,59.77
213.5,2,6,truck,manual,diesel,hatchback,manual,gasoline,5,2017,151.75,7.31,0,4.75,173,47.16
312.63,11,1,sedan,automatic,diesel,sedan,automatic,gasoline,5,2018,409.97,6.48,0,4.2,83,65.96
150,3,2,any,automatic,gasoline,hatchback,automatic,gasoline,5,2026,228.67,8.22,0,4.67,541,71.35
859.69,3,1,hatchback,automatic,hybrid,coupe,automatic,gasoline,2,2024,936.23,7.76,0,3.29,236,66.42
625.94,3,4,suv,any,gasoline,suv,automatic,diesel,5,2024,724.08,5.77,0,4.38,243,77.83
377.34,7,4,suv,any,any,hatchback,automatic,gasoline,5,2025,309.99,7.22,0,3.82,592,76.95
377.12,4,5,sedan,automatic,any,hatchback,automatic,hybrid,5,2020,333.87,3.83,0,4.11,796,77.66
672.1,1,3,sedan,any,diesel,van,automatic,gasoline,9,2022,593.32,8.56,0,5,500,65.71
410.24,1,3,sedan,automatic,electric,sedan,manual,electric,5,2021,397.91,0,347,3.93,754,76.0
442.76,5,9,suv,automatic,electric,sedan,automatic,diesel,5,2024,493.39,6.17,0,4.06,397,51.28
150,2,1,hatchback,automatic,gasoline,hatchback,manual,electric,5,2020,200.24,0,307,3.19,504,57.6
810.12,21,1,truck,manual,electric,van,manual,gasoline,9,2026,806.48,6.17,0,3.65,1079,72.54
735.9,4,1,any,any,any,van,automatic,gasoline,8,2022,706.45,7.39,0,4.3,788,84.34
783.25,6,2,any,any,hybrid,van,manual,gasoline,7,2020,682.01,7.14,0,4.09,326,74.76
678.92,3,7,suv,automatic,any,van,manual,gasoline,8,2022,772.57,7.7,0,4.55,548,59.43
770.37,1,5,sedan,any,gasoline,van,manual,gasoline,9,2018,654.38,6.4,0,4.52,109,67.24
1071.82,25,3,hatchback,automatic,any,van,manual,diesel,9,2024,917.31,5.63,0,4.75,191,70.56
463.11,9,1,van,automatic,any,sedan,manual,diesel,5,2024,371.5,6.62,0,4.34,894,70.52
780.5,5,4,sedan,any,gasoline,coupe,manual,diesel,2,2024,680.97,5.09,0,4.37,1041,58.16
641.62,14,4,sedan,automatic,diesel,suv,automatic,gasoline,5,2024,484.75,7.74,0,4.52,138,67.1
280.67,3,3,any,any,any,hatchback,automatic,electric,5,2022,351.31,0,312,4.34,521,76.24
721.96,2,2,suv,automatic,any,coupe,automatic,gasoline,2,2021,914.8,5.98,0,4.38,217,65.28
566.44,8,3,hatchback,manual,gasoline,suv,automatic,diesel,6,2025,557.93,6.93,0,3.96,649,64.54
593.78,8,6,sedan,any,hybrid,coupe,manual,gasoline,3,2021,733.34,9.3,0,3.23,451,38.46
168.63,11,2,any,manual,hybrid,hatchback,automatic,gasoline,5,2020,194.22,8.44,0,3.76,145,55.56
172.31,3,4,any,automatic,diesel,hatchback,manual,gasoline,5,2026,163.0,6.78,0,4.0,275,75.69
578.34,28,1,any,automatic,gasoline,coupe,automatic,gasoline,4,2019,571.7,5.71,0,4.54,176,81.24
716.27,2,3,truck,automatic,any,suv,automatic,diesel,6,2018,574.35,4.88,0,4.79,711,72.13
386.13,2,3,hatchback,automatic,electric,hatchback,automatic,diesel,5,2021,347.85,6.08,0,4.38,382,77.08
729.75,2,1,suv,automatic,any,coupe,automatic,electric,3,2025,618.28,0,370,4.2,167,84.56
363.05,3,3,hatchback,any,gasoline,suv,automatic,gasoline,6,2024,363.54,8.4,0,4.29,119,74.5
322.15,1,3,coupe,automatic,hybrid,sedan,manual,gasoline,5,2017,221.47,6.89,0,4.42,670,52.67
835.14,1,5,suv,any,gasoline,van,manual,gasoline,8,2024,873.6,6.82,0,5.0,438,75.8
1197.98,1,4,any,automatic,any,coupe,manual,gasoline,4,2026,1114.62,5.66,0,4.87,415,83.05
669.85,1,3,any,manual,gasoline,suv,automatic,gasoline,7,2022,564.77,5.66,0,4.84,1027,79.86
309.62,4,2,sedan,automatic,gasoline,sedan,automatic,electric,5,2025,362.11,0,287,4.18,836,79.69
514.64,6,4,any,any,any,sedan,automatic,gasoline,5,2024,453.28,8.32,0,4.66,364,85.13
150.28,1,3,hatchback,automatic,any,hatchback,manual,gasoline,5,2023,188.69,8.79,0,4.88,337,68.33
477.98,6,5,suv,automatic,any,van,manual,diesel,9,2024,592.94,7.13,0,4.02,667,63.09
439.08,5,6,sedan,manual,diesel,hatchback,automatic,diesel,5,2024,360.73,6.83,0,3.58,395,54.42
534.9,3,5,sedan,manual,any,sedan,manual,electric,5,2023,475.96,0,434,3.56,261,91.74
340.53,3,4,sedan,manual,electric,hatchback,automatic,gasoline,5,2026,327.26,6.99,0,4.98,205,66.38
455.53,5,2,suv,automatic,gasoline,hatchback,automatic,diesel,5,2022,361.97,5.46,0,3.34,920,64.78
303.71,1,1,hatchback,manual,gasoline,hatchback,manual,gasoline,5,2023,267.31,5.66,0,4.34,578,90.13
287.22,1,3,sedan,manual,diesel,sedan,automatic,gasoline,5,2015,237.62,8.11,0,4.35,700,58.24
738.27,6,4,coupe,any,any,suv,automatic,gasoline,7,2019,613.24,6.33,0,3.86,869,70.15
482.41,1,1,any,automatic,any,van,manual,hybrid,8,2024,544.83,5.95,0,3.67,629,78.36
345.22,2,5,any,automatic,gasoline,hatchback,automatic,electric,5,2025,273.03,0,276,3.58,185,79.04
414.36,19,4,sedan,automatic,gasoline,suv,manual,diesel,6,2022,335.55,4.94,0,4.18,85,59.62
486.84,25,1,sedan,automatic,gasoline,suv,manual,diesel,6,2022,499.58,6.96,0,4.54,323,59.39
629.29,1,1,suv,automatic,diesel,suv,automatic,diesel,6,2020,593.17,6.75,0,4.14,448,81.94
372.09,1,1,truck,automatic,any,sedan,automatic,diesel,5,2026,439.15,6.48,0,4.47,775,73.72
579.27,1,3,sedan,manual,electric,coupe,automatic,hybrid,4,2019,527.06,6.0,0,4.27,118,57.78
478.27,8,1,sedan,any,gasoline,van,automatic,gasoline,8,2024,457.04,9.71,0,4.76,647,74.62
605.59,17,1,suv,any,any,sedan,automatic,diesel,5,2025,453.31,4.72,0,4.8,254,86.07
284.17,1,3,sedan,automatic,gasoline,hatchback,automatic,hybrid,5,2022,225.52,4.49,0,4.39,907,72.51
277.37,1,3,coupe,manual,hybrid,hatchback,manual,diesel,5,2017,198.96,5.88,0,3.88,317,60.54
512.29,9,1,sedan,any,diesel,sedan,automatic,gasoline,5,2020,400.99,8.68,0,4.61,171,68.53
288.85,4,1,any,manual,any,suv,manual,diesel,6,2019,398.25,6.99,0,4.92,16,70.09
326.07,22,5,sedan,any,electric,hatchback,automatic,electric,5,2020,322.03,0,319,3.72,451,69.24
367.24,2,2,suv,automatic,hybrid,hatchback,automatic,hybrid,5,2016,281.52,3.43,0,4.65,309,74.4
636.23,5,2,sedan,any,hybrid,suv,automatic,gasoline,6,2022,644.64,7.32,0,4.24,237,67.65
759.88,22,1,suv,automatic,gasoline,suv,automatic,gasoline,6,2022,668.65,8.78,0,3.78,328,77.72
683.67,1,3,hatchback,automatic,gasoline,coupe,manual,gasoline,2,2025,727.04,8.2,0,4.27,946,53.8
385.24,2,3,suv,automatic,gasoline,sedan,automatic,hybrid,5,2022,478.2,4.48,0,4.86,874,62.37
839.67,1,3,any,any,diesel,coupe,automatic,gasoline,4,2021,896.3,7.58,0,3.99,420,71.82
372.38,18,1,any,automatic,electric,hatchback,manual,diesel,5,2019,286.55,4.46,0,3.64,440,69.06
329.49,1,2,hatchback,manual,gasoline,hatchback,manual,hybrid,5,2023,224.9,4.15,0,4.27,89,81.03
988.17,2,5,sedan,automatic,diesel,suv,manual,hybrid,7,2023,704.42,4.09,0,4.43,77,63.13
337.2,8,2,any,automatic,hybrid,hatchback,automatic,gasoline,5,2026,324.96,5.68,0,4.78,631,82.66
344.53,1,2,suv,any,gasoline,sedan,automatic,gasoline,5,2024,268.35,9.65,0,4.58,687,72.63
759.09,1,6,van,automatic,gasoline,coupe,automatic,diesel,2,2025,885.55,5.86,0,4.13,841,54.49
492.39,23,6,any,any,diesel,coupe,automatic,hybrid,3,2026,520.71,5.45,0,4.2,324,64.31
150,2,1,truck,any,gasoline,hatchback,manual,gasoline,5,2015,150,5.86,0,4.25,1002,67.65
408.04,20,2,any,automatic,gasoline,sedan,automatic,gasoline,5,2019,321.37,5.69,0,3.88,724,77.96
933.94,4,4,any,automatic,gasoline,coupe,automatic,hybrid,2,2021,1111.25,6.07,0,3.52,232,54.46
407.17,4,2,suv,any,any,sedan,manual,gasoline,5,2017,404.06,9.41,0,4.78,69,67.0
489.28,2,1,van,manual,gasoline,hatchback,automatic,diesel,5,2024,371.91,6.89,0,4.47,656,63.94
643.3,7,4,hatchback,manual,any,coupe,automatic,diesel,3,2023,698.83,4.57,0,4.08,548,56.41
226.09,12,3,any,any,gasoline,hatchback,automatic,diesel,5,2026,214.34,4.76,0,4.78,415,88.31
202.29,5,1,suv,manual,gasoline,hatchback,automatic,hybrid,5,2025,270.77,4.79,0,4.72,354,58.15
285.66,2,1,van,any,any,hatchback,automatic,gasoline,5,2023,314.53,6.93,0,4.12,726,73.76
567.25,1,2,any,any,gasoline,van,manual,gasoline,8,2021,661.45,8.95,0,3.69,610,74.33
150,1,4,any,any,any,hatchback,manual,hybrid,5,2020,177.35,4.48,0,4.39,83,83.86
302.75,1,1,any,any,gasoline,sedan,automatic,gasoline,5,2022,309.46,6.47,0,4.21,419,84.82
369.81,15,1,sedan,any,hybrid,hatchback,automatic,diesel,5,2022,316.82,5.19,0,3.83,566,69.73
399.22,3,2,any,any,any,sedan,automatic,hybrid,5,2024,430.82,5.58,0,4.04,182,83.15
1041.83,29,5,hatchback,manual,gasoline,truck,automatic,gasoline,4,2026,816.69,7.53,0,3.86,257,51.75
286.97,3,6,any,automatic,gasoline,hatchback,manual,hybrid,5,2020,336.26,5.77,0,3.83,395,46.88
502.65,8,5,suv,manual,any,sedan,manual,hybrid,5,2023,386.36,5.78,0,3.52,323,74.13
390.97,6,2,any,manual,gasoline,hatchback,manual,gasoline,5,2019,300.56,6.31,0,3.57,30,78.55
363.37,1,3,any,automatic,any,truck,manual,gasoline,2,2019,422.66,5.72,0,3.93,230,57.34
646.83,4,1,sedan,manual,diesel,suv,manual,diesel,6,2024,749.58,6.03,0,4.07,265,75.92
541.66,24,1,suv,automatic,gasoline,suv,automatic,gasoline,6,2024,582.28,9.68,0,4.1,425,78.82
271.83,4,1,hatchback,manual,any,hatchback,manual,diesel,5,2024,333.14,6.68,0,3.74,618,82.36
276.21,22,2,any,manual,any,sedan,automatic,diesel,5,2023,259.34,4.37,0,4.44,884,80.73
162.19,7,1,any,any,gasoline,hatchback,manual,diesel,5,2019,198.63,5.78,0,4.76,151,71.87
667.06,3,3,suv,automatic,any,suv,manual,gasoline,5,2026,653.03,7.03,0,3.76,574,80.04
1271.97,15,1,hatchback,automatic,gasoline,coupe,automatic,gasoline,2,2026,1000.2,6.03,0,3.87,583,81.29
274.87,16,1,suv,any,any,sedan,automatic,gasoline,5,2021,230.69,8.42,0,4.13,719,69.67
410.16,2,3,hatchback,automatic,hybrid,sedan,manual,gasoline,5,2021,364.49,8.3,0,4.83,148,57.02
710.32,11,3,van,automatic,any,suv,automatic,gasoline,7,2019,642.91,8.83,0,3.73,226,68.07
263.34,1,4,hatchback,any,any,hatchback,automatic,hybrid,5,2025,317.19,3.43,0,3.97,673,91.75
453.92,7,1,any,any,gasoline,sedan,manual,hybrid,5,2023,379.67,5.47,0,4.48,1042,77.43
675.51,3,6,suv,automatic,diesel,coupe,automatic,gasoline,3,2024,797.29,8.82,0,3.71,243,45.68
854.38,22,3,coupe,manual,diesel,van,manual,diesel,7,2025,711.1,5.71,0,3.97,630,78.37
325.53,7,6,any,manual,diesel,hatchback,automatic,hybrid,5,2021,227.67,5.76,0,4.39,817,52.84
488.25,3,1,hatchback,automatic,gasoline,sedan,manual,gasoline,5,2025,391.93,7.52,0,4.84,497,68.91
359.79,6,3,any,automatic,gasoline,sedan,manual,electric,5,2023,363.32,0,328,4.45,189,74.62
473.98,3,1,any,any,gasoline,sedan,automatic,gasoline,5,2026,388.33,8.29,0,4.12,623,82.6
427.6,4,3,hatchback,automatic,any,sedan,manual,diesel,5,2021,472.25,6.71,0,4.17,136,61.05
204.32,12,3,any,automatic,any,sedan,automatic,diesel,5,2024,262.57,4.68,0,4.96,707,81.03
185.46,1,1,sedan,manual,diesel,hatchback,automatic,hybrid,5,2023,178.49,4.07,0,4.68,657,66.0
657.78,22,1,sedan,manual,diesel,coupe,automatic,gasoline,3,2019,770.14,7.59,0,4.08,181,48.48
458.14,2,4,any,manual,any,hatchback,manual,hybrid,5,2024,344.61,6.12,0,5,805,90.8
540.57,4,2,sedan,manual,gasoline,suv,manual,electric,7,2024,506.35,0,359,3.85,570,70.63
1124.56,1,3,coupe,any,electric,van,automatic,hybrid,8,2026,878.86,5.88,0,4.7,456,69.27
354.13,5,3,any,automatic,any,hatchback,automatic,electric,5,2019,283.19,0,294,3.57,590,81.38
512.45,2,2,any,automatic,any,suv,manual,hybrid,7,2021,388.2,5.57,0,5,553,81.36
281.38,2,2,suv,any,gasoline,hatchback,automatic,gasoline,5,2018,297.9,7.31,0,3.53,344,67.42
275.72,18,1,any,manual,any,hatchback,automatic,diesel,5,2023,254.48,7.32,0,4.7,202,74.92
430.03,2,2,any,automatic,electric,sedan,automatic,electric,5,2026,338.26,0,412,4.63,451,96.88
443.7,17,2,sedan,any,any,hatchback,automatic,electric,5,2020,309.44,0,261,4.43,493,70.07
599.4,3,4,sedan,automatic,diesel,sedan,automatic,hybrid,5,2026,573.48,5.05,0,4.36,679,80.91
1349.57,3,3,sedan,automatic,any,coupe,automatic,hybrid,3,2025,1157.95,5.73,0,3.77,772,80.78
204.29,1,4,any,automatic,electric,hatchback,manual,diesel,5,2024,268.27,5.11,0,3.31,653,64.77
233.91,2,3,suv,any,hybrid,sedan,automatic,diesel,5,2018,220.72,6.41,0,4.49,347,63.2
576.71,2,1,van,automatic,any,sedan,manual,gasoline,5,2024,477.53,8.42,0,4.26,262,67.11
313.74,1,2,sedan,automatic,diesel,sedan,automatic,gasoline,5,2020,277.81,6.92,0,4.64,1012,73.72
455.22,1,2,hatchback,manual,any,sedan,automatic,diesel,5,2021,349.64,6.24,0,3.83,892,67.8
344.46,6,7,sedan,any,gasoline,hatchback,automatic,hybrid,5,2019,244.46,5.58,0,4.0,411,51.29
788.4,6,1,any,any,hybrid,van,automatic,diesel,9,2021,669.43,6.2,0,4.35,918,74.61
344.02,1,1,suv,manual,gasoline,hatchback,manual,diesel,5,2025,305.72,7.21,0,4.89,1090,71.58
404.66,2,1,any,manual,gasoline,hatchback,automatic,gasoline,5,2023,288.7,7.79,0,4.6,760,76.51
296.05,16,1,van,any,any,sedan,manual,diesel,5,2021,275.09,6.53,0,4.48,277,74.35
793.72,1,1,sedan,any,hybrid,van,automatic,gasoline,8,2022,825.3,9.37,0,4.3,190,63.17
257.08,8,5,sedan,automatic,diesel,hatchback,manual,gasoline,5,2017,246.56,6.61,0,5,321,53.29
215.84,1,1,any,automatic,any,hatchback,automatic,gasoline,5,2024,165.91,5.96,0,4.27,949,87.05
537.61,1,2,hatchback,automatic,any,suv,automatic,hybrid,6,2015,552.98,5.31,0,4.52,458,72.89
582.01,21,6,suv,any,gasoline,suv,automatic,gasoline,7,2022,509.02,9.45,0,4.28,398,76.33
276.8,3,3,truck,automatic,any,hatchback,automatic,electric,5,2024,278.36,0,417,3.64,818,76.35
888.07,1,1,any,any,any,truck,manual,hybrid,4,2024,939.85,5.25,0,4.29,313,87.56
349.55,3,3,truck,automatic,any,sedan,automatic,gasoline,5,2024,317.49,6.97,0,4.36,585,72.93
249.06,1,1,hatchback,manual,gasoline,hatchback,automatic,diesel,5,2019,194.66,4.52,0,4.52,1039,68.14
347.8,1,2,any,manual,hybrid,sedan,automatic,hybrid,5,2022,421.56,3.92,0,3.8,709,73.55
682.21,4,1,any,any,any,coupe,automatic,diesel,3,2025,773.0,6.49,0,4.0,1024,88.44
378.01,5,2,truck,any,gasoline,van,automatic,gasoline,9,2022,465.08,6.79,0,4.48,519,67.4
301.39,2,1,any,automatic,any,hatchback,automatic,gasoline,5,2024,189.14,7.94,0,4.1,254,87.69
408.0,3,2,any,automatic,any,coupe,automatic,diesel,3,2019,499.79,4.65,0,4.23,863,77.68
270.79,3,4,any,automatic,gasoline,hatchback,manual,hybrid,5,2025,338.8,3.41,0,4.45,580,70.3
282.69,1,1,any,any,gasoline,sedan,automatic,gasoline,5,2022,303.5,7.52,0,4.98,896,80.41
176.31,12,1,sedan,manual,gasoline,hatchback,manual,gasoline,5,2018,183.46,5.67,0,4.33,376,68.29
234.79,12,2,sedan,manual,gasoline,hatchback,automatic,gasoline,5,2024,274.5,7.73,0,3.77,239,65.35
315.44,4,1,sedan,automatic,hybrid,hatchback,automatic,gasoline,5,2024,288.71,6.47,0,4.54,292,68.2
248.51,5,3,suv,automatic,gasoline,sedan,manual,electric,5,2021,274.95,0,246,3.24,324,53.19
401.13,1,1,any,automatic,hybrid,suv,automatic,diesel,7,2018,376.38,6.23,0,4.42,318,68.17
456.48,17,1,any,automatic,diesel,hatchback,automatic,hybrid,5,2026,421.8,4.55,0,3.91,365,87.27
727.66,3,3,van,manual,gasoline,coupe,automatic,diesel,4,2022,531.77,7.06,0,3.61,738,59.67
575.33,2,3,any,automatic,diesel,coupe,automatic,hybrid,2,2018,448.99,5.26,0,3.86,328,60.54
704.31,4,3,van,automatic,gasoline,suv,automatic,electric,5,2023,863.5,0,302,5,515,66.22
449.43,24,2,sedan,automatic,gasoline,sedan,manual,gasoline,5,2018,322.56,7.37,0,3.51,299,68.68
451.39,16,4,van,any,hybrid,van,automatic,diesel,9,2026,588.54,4.67,0,3.82,206,74.47
316.29,1,6,sedan,any,gasoline,sedan,automatic,gasoline,5,2023,247.4,6.23,0,4.83,655,75.64
370.76,15,5,any,manual,any,sedan,manual,gasoline,5,2021,434.51,8.89,0,3.87,286,71.84
1006.57,3,1,suv,automatic,gasoline,coupe,automatic,diesel,4,2021,875.06,4.47,0,4.6,913,69.8
327.76,4,5,suv,manual,hybrid,hatchback,automatic,diesel,5,2025,290.65,4.56,0,4.79,165,67.1
812.97,3,3,suv,any,any,van,automatic,diesel,9,2019,790.12,4.38,0,3.63,369,70.32
407.0,18,1,any,automatic,electric,sedan,manual,gasoline,5,2020,384.91,6.26,0,4.88,659,70.88
498.47,1,2,any,any,hybrid,van,automatic,diesel,8,2020,433.32,7.18,0,4.32,430,70.61
241.25,30,2,any,automatic,hybrid,sedan,automatic,gasoline,5,2019,265.79,6.76,0,4.59,1042,70.89
1045.25,25,1,sedan,automatic,gasoline,coupe,automatic,gasoline,2,2024,966.32,8.1,0,4.21,248,73.98
291.25,30,4,hatchback,any,gasoline,sedan,automatic,diesel,5,2022,342.61,5.36,0,5,115,65.8
712.85,1,3,any,manual,any,suv,manual,hybrid,5,2024,572.42,5.61,0,4.07,910,85.05
317.07,3,1,hatchback,automatic,any,hatchback,automatic,gasoline,5,2024,245.63,8.8,0,4.1,365,80.32
540.3,4,2,any,any,any,truck,automatic,diesel,5,2016,541.22,6.78,0,3.93,852,81.34
316.01,6,3,coupe,manual,gasoline,hatchback,automatic,gasoline,5,2026,301.52,8.34,0,4.65,318,65.87
633.42,6,3,coupe,automatic,any,suv,automatic,gasoline,7,2025,616.05,6.6,0,5,505,78.94
766.33,7,3,any,automatic,hybrid,suv,automatic,diesel,6,2019,638.97,4.76,0,4.62,480,73.95
1010.63,3,1,suv,any,electric,suv,automatic,gasoline,6,2024,774.05,8.43,0,3.59,195,76.77
355.35,1,2,van,any,gasoline,suv,automatic,diesel,5,2022,450.81,7.07,0,4.27,562,57.38
316.38,1,6,any,automatic,gasoline,sedan,manual,diesel,5,2017,325.39,5.52,0,4.13,323,48.18
472.96,2,1,any,automatic,gasoline,suv,automatic,gasoline,6,2025,488.8,5.64,0,4.37,196,87.0
298.48,3,4,hatchback,manual,diesel,hatchback,manual,gasoline,5,2024,199.25,6.37,0,4.0,179,77.43
689.35,2,8,van,automatic,electric,suv,manual,electric,6,2024,859.91,0,344,4.47,646,52.85
180.68,2,4,suv,any,gasoline,hatchback,manual,hybrid,5,2022,165.79,4.86,0,3.25,687,71.86
320.51,23,3,hatchback,any,diesel,suv,manual,electric,7,2022,360.86,0,306,3.99,579,61.28
600.28,2,3,any,manual,diesel,suv,automatic,electric,7,2023,521.32,0,343,4.66,531,70.74
336.4,4,1,sedan,manual,any,hatchback,automatic,gasoline,5,2018,264.95,9.57,0,4.58,108,56.3
219.15,1,2,sedan,automatic,gasoline,sedan,manual,hybrid,5,2022,229.07,5.52,0,4.58,448,68.43
258.43,1,2,hatchback,manual,any,hatchback,manual,gasoline,5,2025,202.89,6.83,0,4.11,108,90.01
150,7,7,sedan,manual,gasoline,hatchback,automatic,hybrid,5,2019,152.41,4.84,0,4.73,613,45.4
752.81,16,4,any,any,hybrid,suv,automatic,electric,5,2018,774.79,0,468,3.96,58,77.67
793.5,4,1,any,automatic,gasoline,van,automatic,electric,8,2026,698.81,0,374,4.44,165,85.98
328.3,17,2,any,manual,gasoline,sedan,automatic,electric,5,2019,289.19,0,382,4.62,268,65.97
638.87,1,5,suv,any,diesel,van,automatic,gasoline,7,2024,558.37,9.23,0,4.27,517,61.59
342.6,2,3,any,manual,diesel,suv,automatic,gasoline,5,2019,288.32,6.08,0,4.09,117,67.26
427.86,3,2,suv,any,gasoline,suv,automatic,gasoline,5,2023,543.87,7.94,0,3.58,770,74.22
263.13,25,5,sedan,manual,electric,sedan,automatic,electric,5,2025,332.85,0,288,4.26,306,78.6
911.96,5,6,sedan,automatic,any,truck,manual,gasoline,5,2024,794.95,7.74,0,3.59,344,53.85
435.62,1,1,any,manual,gasoline,suv,manual,diesel,7,2024,394.72,6.01,0,4.28,729,84.38
276.93,4,1,suv,manual,gasoline,hatchback,automatic,gasoline,5,2016,277.69,6.28,0,3.72,299,61.85
496.25,5,1,any,any,diesel,suv,automatic,gasoline,7,2018,530.92,9.4,0,3.52,253,64.68
306.64,1,4,suv,manual,gasoline,hatchback,automatic,gasoline,5,2024,296.88,8.93,0,4.92,302,66.51
384.08,16,3,truck,any,electric,suv,manual,gasoline,7,2023,414.77,6.54,0,3.9,473,65.39
462.18,3,2,hatchback,manual,any,suv,automatic,diesel,5,2026,495.64,5.69,0,3.96,686,68.65
370.11,16,1,sedan,automatic,any,sedan,automatic,gasoline,5,2020,344.43,9.48,0,4.44,802,74.47
544.34,3,5,sedan,any,diesel,suv,automatic,hybrid,7,2020,650.54,5.88,0,3.01,915,58.1
399.62,1,2,truck,manual,gasoline,suv,automatic,gasoline,6,2020,379.44,7.44,0,3.97,43,59.74
317.5,4,3,sedan,automatic,diesel,hatchback,automatic,electric,5,2023,339.05,0,329,4.51,70,70.04
424.68,2,6,any,any,any,truck,automatic,gasoline,2,2024,425.42,6.98,0,4.02,378,68.44
468.31,6,1,any,manual,hybrid,suv,manual,electric,5,2023,622.5,0,247,4.02,416,72.27
592.42,2,1,sedan,manual,any,suv,automatic,gasoline,5,2021,481.58,8.3,0,4.88,233,64.91
1131.8,3,1,sedan,automatic,any,coupe,automatic,hybrid,4,2020,910.18,4.03,0,4.14,712,76.32
449.52,6,3,sedan,any,diesel,truck,automatic,gasoline,4,2026,507.1,9.72,0,4.11,432,64.69
366.68,14,9,suv,automatic,gasoline,hatchback,automatic,diesel,5,2025,291.75,6.66,0,3.44,261,53.51
716.95,3,5,hatchback,automatic,diesel,truck,manual,hybrid,4,2019,571.4,3.84,0,3.44,416,42.26
166.72,4,1,hatchback,automatic,any,hatchback,automatic,gasoline,5,2017,177.45,7.96,0,4.84,74,75.2
607.03,5,5,coupe,any,gasoline,truck,automatic,gasoline,4,2021,605.25,8.22,0,4.44,110,57.31
692.52,24,1,sedan,manual,gasoline,truck,automatic,hybrid,2,2023,741.29,4.51,0,3.86,846,64.39
330.15,4,5,coupe,automatic,any,hatchback,automatic,diesel,5,2015,215.34,5.04,0,4.67,286,75.45
636.44,3,1,suv,automatic,any,van,automatic,diesel,9,2021,596.81,4.94,0,4.04,184,73.89
349.49,1,3,hatchback,automatic,gasoline,sedan,automatic,gasoline,5,2022,396.68,5.53,0,4.12,345,69.52
196.59,3,1,sedan,manual,diesel,sedan,manual,diesel,5,2025,227.5,4.66,0,4.28,921,89.92
513.63,1,1,sedan,manual,any,coupe,manual,gasoline,3,2021,592.12,7.8,0,4.29,524,65.36
644.08,7,3,suv,any,any,coupe,automatic,gasoline,4,2023,596.01,7.79,0,4.12,328,74.55
303.36,4,1,any,manual,any,suv,manual,electric,7,2022,391.19,0,421,4.06,419,80.13
374.19,7,3,van,any,hybrid,hatchback,automatic,diesel,5,2026,305.77,4.59,0,3.96,221,76.73
383.82,11,1,coupe,manual,gasoline,suv,automatic,gasoline,7,2025,463.92,6.01,0,4.69,875,68.29
772.74,2,3,any,automatic,diesel,van,manual,gasoline,9,2025,770.39,9.3,0,4.17,224,71.99
258.0,4,2,suv,automatic,diesel,hatchback,manual,diesel,5,2020,209.18,6.75,0,3.73,1134,62.89
150,1,3,any,automatic,electric,sedan,automatic,diesel,5,2018,231.51,4.55,0,4.27,598,62.69
427.74,2,1,any,manual,any,suv,manual,gasoline,6,2022,378.53,8.51,0,4.63,449,84.14
787.2,1,2,any,automatic,any,suv,manual,diesel,5,2023,623.46,6.39,0,4.53,478,80.79
246.47,1,5,van,any,electric,sedan,automatic,gasoline,5,2021,257.71,9.31,0,4.82,303,57.6
423.67,5,1,sedan,manual,gasoline,truck,manual,gasoline,2,2022,447.76,7.42,0,3.4,761,72.84
324.89,11,1,hatchback,any,gasoline,sedan,automatic,gasoline,5,2019,308.57,8.78,0,4.33,77,68.48
209.35,9,2,hatchback,automatic,gasoline,hatchback,manual,gasoline,5,2018,187.74,8.68,0,4.35,185,66.22
415.62,18,1,any,manual,gasoline,sedan,manual,gasoline,5,2022,497.7,9.44,0,4.27,360,77.1
431.74,1,1,sedan,any,any,sedan,automatic,gasoline,5,2025,408.84,6.8,0,3.85,471,88.66
626.46,3,3,van,automatic,any,van,manual,gasoline,9,2015,464.02,9.54,0,4.06,132,69.93
883.55,1,4,any,automatic,gasoline,van,manual,gasoline,8,2023,736.01,7.0,0,3.81,133,78.59
503.6,1,2,sedan,manual,any,suv,manual,gasoline,5,2023,412.67,5.76,0,4.83,670,77.74
830.65,28,5,hatchback,automatic,diesel,suv,automatic,electric,5,2024,625.68,0,346,2.99,742,70.64
240.93,1,3,sedan,automatic,gasoline,hatchback,manual,gasoline,5,2025,235.09,9.2,0,5,190,71.09
279.22,25,3,hatchback,any,electric,sedan,manual,gasoline,5,2025,285.3,8.77,0,4.04,126,67.67
745.8,1,1,any,any,any,van,automatic,diesel,8,2017,678.91,6.68,0,3.65,471,78.31
534.6,1,7,sedan,any,gasoline,suv,manual,electric,6,2022,461.85,0,277,4.57,648,54.46
319.35,3,2,suv,automatic,gasoline,suv,manual,diesel,5,2018,305.47,6.07,0,5,619,68.44
249.92,2,1,hatchback,automatic,hybrid,hatchback,manual,gasoline,5,2025,213.62,8.75,0,4.14,322,66.66
387.49,4,1,any,automatic,diesel,sedan,automatic,gasoline,5,2018,354.0,8.33,0,4.3,239,64.13
492.95,1,4,hatchback,manual,any,hatchback,automatic,hybrid,5,2026,413.14,4.65,0,4.5,397,85.2
264.28,18,3,suv,automatic,diesel,sedan,automatic,hybrid,5,2026,272.9,5.77,0,4.94,181,71.59
352.88,1,3,any,manual,diesel,suv,automatic,hybrid,7,2024,432.91,5.33,0,4.55,388,72.39
256.75,1,3,any,automatic,hybrid,hatchback,automatic,gasoline,5,2026,177.05,8.97,0,4.31,1008,77.81
586.35,3,3,any,automatic,diesel,suv,automatic,hybrid,7,2026,541.04,4.78,0,3.95,781,85.82
481.3,2,3,coupe,any,gasoline,van,manual,gasoline,8,2023,510.48,9.04,0,4.24,443,66.17
502.7,3,2,any,any,gasoline,coupe,automatic,hybrid,3,2020,396.5,6.01,0,4.14,176,75.79
313.8,2,2,any,any,diesel,hatchback,automatic,gasoline,5,2024,267.13,7.87,0,3.57,681,73.88
646.22,7,3,van,manual,electric,sedan,automatic,electric,5,2026,576.72,0,312,4.61,1043,76.02
482.6,2,3,hatchback,automatic,any,sedan,automatic,gasoline,5,2018,340.14,5.63,0,3.93,377,71.32
241.27,7,3,hatchback,any,any,sedan,automatic,gasoline,5,2018,294.9,6.93,0,4.55,697,64.88
231.37,11,1,sedan,any,any,hatchback,automatic,diesel,5,2026,296.74,4.76,0,3.99,415,76.43
490.87,2,1,truck,automatic,any,van,automatic,gasoline,8,2021,429.05,7.33,0,5,710,70.88
380.95,7,4,van,manual,any,hatchback,automatic,gasoline,5,2026,377.31,6.6,0,3.93,446,71.25
472.63,15,4,sedan,automatic,diesel,suv,automatic,hybrid,7,2021,362.55,5.37,0,4.16,709,66.18
543.94,3,2,suv,any,electric,sedan,manual,gasoline,5,2024,399.35,9.55,0,4.02,305,61.13
478.35,1,2,any,automatic,diesel,suv,automatic,gasoline,5,2018,488.2,5.63,0,5,321,72.76
335.3,3,3,any,automatic,diesel,hatchback,manual,gasoline,5,2024,334.17,7.88,0,5,186,68.25
289.39,2,3,hatchback,automatic,hybrid,hatchback,manual,gasoline,5,2021,208.84,9.5,0,4.1,163,65.72
777.91,1,1,any,automatic,gasoline,suv,manual,electric,5,2018,718.81,0,385,4.35,558,65.68
1309.79,28,5,coupe,any,any,coupe,automatic,diesel,2,2025,988.26,5.66,0,4.24,359,75.93
762.91,25,3,sedan,manual,any,truck,manual,diesel,4,2026,760.53,6.98,0,4.49,376,80.22
514.16,2,2,sedan,automatic,gasoline,truck,automatic,gasoline,5,2019,579.0,9.13,0,4.19,665,63.1
271.25,5,3,suv,automatic,diesel,hatchback,automatic,diesel,5,2025,360.5,4.85,0,4.64,77,72.71
211.59,3,1,coupe,automatic,any,hatchback,manual,hybrid,5,2016,257.44,4.65,0,4.55,922,57.96
577.93,3,1,van,manual,hybrid,suv,manual,gasoline,7,2020,460.56,8.23,0,3.25,192,60.72
287.15,3,3,hatchback,any,any,hatchback,automatic,diesel,5,2023,312.85,5.22,0,4.08,836,89.26
389.64,1,2,hatchback,automatic,any,sedan,automatic,gasoline,5,2020,370.08,8.72,0,4.57,387,71.15
269.54,3,2,suv,automatic,any,sedan,automatic,gasoline,5,2022,272.81,7.06,0,4.13,85,72.15
283.12,9,3,sedan,automatic,any,sedan,automatic,gasoline,5,2023,244.31,8.11,0,3.29,256,84.6
214.14,3,2,van,any,any,hatchback,automatic,gasoline,5,2019,243.28,6.09,0,4.25,73,67.37
314.05,2,1,any,automatic,diesel,hatchback,automatic,diesel,5,2021,283.82,5.51,0,4.06,786,81.33
421.49,4,5,any,manual,any,sedan,manual,gasoline,5,2022,410.44,5.87,0,3.81,988,82.05
255.38,3,3,any,automatic,any,hatchback,manual,gasoline,5,2020,254.7,5.85,0,3.88,858,74.15
283.89,6,4,van,automatic,any,hatchback,automatic,gasoline,5,2024,256.34,7.58,0,3.51,380,70.9
304.46,20,3,hatchback,automatic,gasoline,suv,automatic,gasoline,7,2024,424.4,8.98,0,4.31,287,64.99
353.46,8,2,suv,manual,any,sedan,manual,hybrid,5,2022,277.57,4.07,0,3.85,394,81.22
423.36,8,1,sedan,any,electric,van,manual,gasoline,8,2019,395.12,6.93,0,5,822,63.09
613.62,5,1,coupe,manual,gasoline,suv,manual,diesel,7,2024,487.62,4.36,0,4.52,365,72.86
323.88,1,2,hatchback,any,hybrid,sedan,manual,diesel,5,2023,387.26,6.23,0,3.72,689,63.18
605.04,2,5,van,automatic,any,van,automatic,gasoline,7,2025,583.75,7.14,0,4.44,125,89.25
574.96,2,4,suv,manual,any,truck,automatic,gasoline,5,2023,554.65,9.36,0,4.26,478,63.08
325.59,16,4,any,automatic,any,hatchback,manual,diesel,5,2023,237.69,4.56,0,4.16,477,81.25
927.32,2,5,suv,automatic,gasoline,suv,automatic,hybrid,7,2022,755.42,3.58,0,4.35,121,81.82
384.91,4,1,any,manual,gasoline,sedan,automatic,gasoline,5,2022,257.36,6.76,0,4.38,763,74.06
652.31,1,5,hatchback,automatic,any,coupe,manual,gasoline,4,2020,632.8,5.65,0,4.19,430,49.6
411.87,1,1,any,any,hybrid,sedan,manual,gasoline,5,2021,310.12,8.81,0,4.04,882,68.52
427.53,3,4,hatchback,automatic,hybrid,hatchback,automatic,hybrid,5,2025,320.55,5.05,0,4.69,262,91.87
208.9,6,4,hatchback,automatic,any,hatchback,automatic,gasoline,5,2018,169.48,9.37,0,4.33,496,70.96
285.48,21,1,suv,any,diesel,sedan,manual,gasoline,5,2022,259.77,9.29,0,4.14,466,64.25
324.73,1,2,any,automatic,diesel,van,automatic,gasoline,8,2017,448.1,8.76,0,3.94,218,55.56
527.53,2,5,any,automatic,gasoline,suv,manual,hybrid,7,2022,550.76,4.76,0,3.44,733,69.84
666.3,29,1,hatchback,automatic,hybrid,suv,automatic,hybrid,6,2026,761.6,3.54,0,3.11,530,76.24
549.67,5,6,sedan,manual,gasoline,sedan,manual,gasoline,5,2018,426.03,8.59,0,3.36,115,56.94
329.32,2,2,suv,manual,gasoline,sedan,automatic,diesel,5,2022,287.34,7.12,0,4.23,571,56.92
504.14,2,6,hatchback,automatic,gasoline,hatchback,automatic,electric,5,2025,445.95,0,340,3.48,910,64.02
520.43,2,2,any,any,gasoline,suv,manual,gasoline,6,2023,605.0,8.75,0,3.67,59,78.37
554.96,2,1,suv,automatic,electric,van,automatic,gasoline,9,2021,488.3,6.67,0,4.34,207,66.65
518.99,5,3,hatchback,any,any,hatchback,manual,gasoline,5,2026,367.14,8.08,0,4.97,239,85.62
825.6,1,6,any,automatic,gasoline,van,automatic,hybrid,8,2023,674.29,5.06,0,4.62,457,81.3
184.53,2,3,van,manual,any,sedan,manual,gasoline,5,2017,258.61,9.27,0,5,235,56.43
277.99,2,2,any,manual,diesel,suv,automatic,gasoline,7,2015,268.9,8.69,0,3.4,371,59.9
557.8,5,2,suv,automatic,gasoline,suv,automatic,hybrid,6,2024,590.95,4.42,0,4.07,649,82.19
397.71,2,3,any,automatic,hybrid,hatchback,manual,gasoline,5,2025,339.31,7.67,0,3.75,1144,72.73
547.16,1,3,van,any,gasoline,suv,manual,gasoline,6,2018,497.2,8.69,0,4.03,808,64.44
441.13,24,2,sedan,any,gasoline,sedan,automatic,diesel,5,2018,385.52,6.35,0,4.77,487,72.21
437.91,3,5,hatchback,automatic,gasoline,sedan,manual,gasoline,5,2024,331.08,6.34,0,4.59,609,72.39
421.62,5,2,sedan,manual,electric,hatchback,manual,diesel,5,2022,382.25,6.81,0,5,600,64.9
349.92,5,4,suv,automatic,any,hatchback,automatic,gasoline,5,2022,348.04,8.66,0,4.57,380,72.7
623.18,21,2,any,manual,gasoline,suv,automatic,diesel,7,2022,512.58,5.51,0,3.32,282,68.22
519.68,2,3,suv,manual,gasoline,coupe,automatic,hybrid,3,2021,440.12,4.49,0,4.46,657,64.92
755.55,3,4,any,automatic,any,truck,automatic,electric,2,2022,904.25,0,450,3.77,735,69.99
324.97,2,3,coupe,any,any,sedan,manual,gasoline,5,2015,217.35,5.77,0,4.47,1073,68.54
384.81,11,1,sedan,automatic,gasoline,hatchback,automatic,diesel,5,2024,268.12,5.41,0,4.27,322,69.92
822.29,17,4,any,automatic,gasoline,suv,automatic,hybrid,7,2026,840.65,3.63,0,4.43,641,87.67
407.73,1,2,coupe,any,gasoline,suv,automatic,gasoline,6,2025,317.34,6.74,0,3.18,623,80.1
623.76,3,1,sedan,automatic,diesel,sedan,manual,electric,5,2023,536.47,0,280,4.61,285,72.95
671.81,4,3,any,automatic,gasoline,sedan,automatic,gasoline,5,2026,498.36,6.82,0,4.19,723,91.06
997.67,4,2,any,any,gasoline,coupe,manual,gasoline,3,2026,1075.24,9.52,0,3.97,464,83.48
300.59,21,1,any,automatic,any,hatchback,automatic,hybrid,5,2024,241.54,4.68,0,4.03,589,90.64
161.78,4,4,suv,automatic,electric,hatchback,manual,gasoline,5,2017,150,8.8,0,4.89,709,52.15
150,22,2,sedan,any,gasoline,sedan,manual,gasoline,5,2023,207.99,8.42,0,4.85,382,72.57
657.41,1,1,any,any,gasoline,sedan,manual,hybrid,5,2024,512.16,5.27,0,3.96,1103,81.23
933.91,6,2,van,automatic,any,coupe,automatic,gasoline,3,2022,920.48,6.0,0,3.78,611,75.45
406.68,1,1,sedan,automatic,any,sedan,automatic,hybrid,5,2023,480.97,3.54,0,5,239,83.9
386.02,1,8,sedan,automatic,gasoline,sedan,automatic,diesel,5,2026,489.6,5.15,0,3.71,1046,63.58
490.58,6,3,van,any,hybrid,suv,automatic,diesel,5,2025,588.6,6.36,0,4.9,533,65.22
201.5,1,2,hatchback,automatic,gasoline,hatchback,automatic,electric,5,2024,245.58,0,387,3.92,535,79.37
150,1,3,suv,automatic,electric,hatchback,automatic,hybrid,5,2024,194.28,5.44,0,4.07,138,65.62
912.17,15,4,any,automatic,any,coupe,automatic,diesel,2,2024,737.49,4.5,0,4.61,835,80.51
736.54,24,4,sedan,automatic,diesel,truck,manual,gasoline,2,2024,778.5,9.62,0,4.23,612,42.94
376.18,11,6,sedan,automatic,gasoline,truck,automatic,electric,4,2016,360.98,0,320,3.13,539,47.51
602.3,1,2,hatchback,automatic,gasoline,sedan,automatic,hybrid,5,2025,449.82,5.44,0,4.71,505,71.03
459.97,5,1,hatchback,automatic,diesel,suv,manual,electric,6,2023,538.87,0,401,4.19,251,57.81
341.9,2,1,suv,any,hybrid,hatchback,automatic,diesel,5,2026,331.17,7.23,0,4.92,693,72.14
363.32,21,1,sedan,automatic,diesel,sedan,manual,diesel,5,2021,427.43,7.1,0,3.76,253,71.84
902.7,5,2,truck,any,gasoline,suv,manual,diesel,6,2025,771.6,4.52,0,4.71,714,73.6
407.1,1,1,any,any,any,sedan,manual,diesel,5,2024,464.25,5.87,0,3.97,1042,82.72
713.78,3,2,hatchback,any,any,suv,automatic,gasoline,5,2023,540.31,7.28,0,4.49,578,76.16
150,2,2,hatchback,automatic,any,hatchback,automatic,gasoline,5,2017,163.27,7.87,0,4.41,624,72.54
475.44,2,1,sedan,manual,gasoline,coupe,manual,diesel,2,2025,460.02,6.89,0,4.32,137,66.97
622.11,8,4,suv,any,gasoline,van,manual,gasoline,7,2026,737.22,8.17,0,4.16,39,71.28
313.71,4,1,suv,automatic,electric,suv,manual,diesel,7,2020,291.76,4.96,0,3.98,496,72.94
393.45,7,3,van,any,gasoline,hatchback,manual,electric,5,2021,395.96,0,358,4.51,413,69.02
330.77,4,3,hatchback,automatic,any,hatchback,manual,gasoline,5,2021,273.12,6.85,0,4.37,654,73.31
321.21,3,1,hatchback,automatic,gasoline,hatchback,automatic,hybrid,5,2021,299.13,3.68,0,4.17,227,79.19
698.57,5,1,any,automatic,any,coupe,automatic,electric,3,2020,683.81,0,287,4.45,312,81.46
569.06,5,4,any,automatic,any,sedan,automatic,diesel,5,2022,466.82,6.87,0,3.88,700,80.68
716.39,19,3,coupe,manual,any,van,manual,hybrid,7,2021,543.97,4.87,0,4.36,434,76.84
373.5,3,2,hatchback,automatic,gasoline,sedan,automatic,gasoline,5,2025,323.69,9.7,0,3.65,755,70.95
373.68,4,1,hatchback,automatic,gasoline,sedan,manual,hybrid,5,2024,439.57,5.47,0,4.62,376,61.65
284.91,30,4,any,any,gasoline,sedan,automatic,gasoline,5,2020,356.18,6.35,0,4.34,300,76.84
291.41,20,6,any,any,any,hatchback,manual,gasoline,5,2023,306.02,8.93,0,3.91,65,64.13
626.03,2,1,suv,automatic,any,suv,automatic,electric,6,2024,596.78,0,398,3.23,304,87.23
862.25,5,1,coupe,any,hybrid,truck,manual,electric,2,2021,953.53,0,389,4.34,947,68.03
583.07,1,4,sedan,manual,gasoline,suv,manual,gasoline,5,2025,539.92,8.18,0,4.59,751,76.89
207.61,2,4,any,any,diesel,hatchback,automatic,hybrid,5,2023,228.51,5.04,0,4.71,531,79.49
352.26,6,2,truck,any,diesel,sedan,automatic,electric,5,2020,320.27,0,389,4.3,366,64.0
513.3,21,5,hatchback,any,any,van,manual,gasoline,8,2024,444.28,7.18,0,3.97,666,77.26
186.62,4,3,hatchback,any,any,hatchback,automatic,gasoline,5,2024,212.97,9.76,0,4.35,469,79.88
647.06,20,5,sedan,any,any,van,automatic,hybrid,8,2025,640.65,4.08,0,4.13,600,84.02
896.82,1,1,hatchback,automatic,gasoline,truck,automatic,gasoline,5,2024,690.0,8.46,0,4.68,287,75.01
673.86,4,1,sedan,manual,any,suv,automatic,hybrid,7,2023,678.54,4.37,0,4.52,918,73.28
398.98,1,3,sedan,manual,diesel,sedan,automatic,diesel,5,2025,360.8,7.39,0,4.32,1100,78.28
395.52,7,2,suv,manual,any,sedan,automatic,hybrid,5,2021,435.71,3.6,0,3.94,819,66.77
456.45,1,3,van,automatic,any,suv,automatic,gasoline,5,2022,501.99,7.34,0,3.78,235,67.39
1054.05,23,1,any,any,any,coupe,automatic,gasoline,3,2022,889.31,9.65,0,4.29,137,82.86
474.05,3,3,van,any,diesel,suv,manual,gasoline,5,2024,453.9,8.43,0,4.47,437,68.51
364.3,7,1,any,automatic,any,sedan,manual,gasoline,5,2025,342.87,7.2,0,4.02,355,80.56
735.81,13,1,hatchback,automatic,hybrid,van,manual,electric,7,2025,619.17,0,336,4.39,667,68.04
522.8,1,3,sedan,automatic,hybrid,sedan,automatic,gasoline,5,2026,501.09,9.6,0,3.93,1058,76.66
297.26,1,3,any,manual,electric,hatchback,automatic,hybrid,5,2026,294.9,6.05,0,4.46,544,72.1
258.57,1,5,suv,automatic,gasoline,sedan,automatic,gasoline,5,2020,263.98,5.71,0,4.31,243,75.17
465.57,2,2,any,automatic,any,sedan,automatic,diesel,5,2021,340.04,6.74,0,4.53,783,86.58
431.68,9,2,hatchback,manual,diesel,coupe,manual,diesel,3,2015,459.79,5.84,0,3.97,1014,67.34
470.67,5,3,van,automatic,any,sedan,automatic,gasoline,5,2025,467.28,6.9,0,4.69,469,76.71
627.85,30,1,any,manual,gasoline,van,automatic,gasoline,9,2025,513.63,7.64,0,3.95,359,78.62
411.46,2,1,coupe,manual,gasoline,suv,automatic,diesel,5,2019,508.08,6.59,0,3.99,273,48.18
390.92,4,2,sedan,automatic,any,sedan,automatic,electric,5,2020,494.27,0,308,5,441,76.66
607.48,3,5,suv,automatic,diesel,sedan,automatic,hybrid,5,2025,511.76,3.67,0,4.25,545,74.22
150,2,1,hatchback,any,any,sedan,automatic,gasoline,5,2024,225.24,6.23,0,5,917,67.84
719.02,2,6,any,automatic,any,van,automatic,diesel,7,2021,796.87,4.96,0,4.51,958,81.56
670.26,3,6,suv,automatic,any,coupe,automatic,electric,2,2021,697.74,0,384,4.56,177,59.34
685.55,4,1,any,manual,electric,truck,automatic,gasoline,3,2026,766.07,9.54,0,5,223,69.41
318.41,4,2,coupe,any,gasoline,sedan,manual,hybrid,5,2023,345.81,4.72,0,5,93,71.2
423.14,5,3,suv,automatic,gasoline,suv,automatic,hybrid,7,2024,433.63,4.55,0,4.14,527,81.5
226.25,7,2,truck,manual,gasoline,hatchback,automatic,hybrid,5,2023,253.72,5.02,0,4.98,444,62.03
207.78,4,6,hatchback,manual,gasoline,sedan,automatic,gasoline,5,2018,227.45,5.69,0,3.7,895,45.34
243.98,8,2,coupe,any,diesel,sedan,automatic,gasoline,5,2023,259.99,7.8,0,4.84,213,64.51
209.58,20,4,truck,manual,any,hatchback,automatic,diesel,5,2021,191.37,5.82,0,4.33,569,66.71
512.68,4,2,suv,any,gasoline,suv,automatic,electric,5,2025,549.54,0,453,3.94,423,79.48
413.4,3,3,sedan,automatic,any,sedan,manual,diesel,5,2023,352.65,6.66,0,4.27,559,79.36
507.27,7,1,coupe,any,gasoline,suv,automatic,diesel,5,2020,486.57,4.92,0,4.33,751,64.85
857.68,1,3,hatchback,automatic,any,suv,automatic,gasoline,6,2022,663.26,6.0,0,3.7,670,77.93
320.23,1,3,any,manual,electric,suv,manual,hybrid,5,2020,405.95,3.61,0,4.26,235,70.58
750.98,19,3,suv,automatic,diesel,sedan,automatic,electric,5,2025,602.96,0,469,4.06,350,76.95
301.81,1,5,coupe,automatic,hybrid,sedan,automatic,gasoline,5,2019,222.84,8.16,0,4.2,620,57.99
900.44,4,1,sedan,automatic,gasoline,suv,manual,hybrid,7,2023,636.89,4.14,0,4.22,533,66.66
377.47,17,2,suv,manual,any,suv,automatic,diesel,6,2018,439.59,6.35,0,4.06,225,66.43
417.69,14,5,any,manual,any,sedan,automatic,gasoline,5,2023,342.78,8.08,0,4.43,6,71.42
329.52,3,1,truck,any,any,sedan,automatic,gasoline,5,2024,365.09,6.87,0,4.35,560,72.44
649.46,2,2,suv,any,diesel,coupe,automatic,gasoline,3,2022,500.27,9.05,0,4.16,950,62.37
430.05,5,1,any,manual,gasoline,sedan,automatic,hybrid,5,2024,406.2,3.86,0,4.1,897,79.22
343.73,2,1,suv,any,any,suv,automatic,diesel,6,2024,349.31,4.44,0,3.47,236,90.9
797.81,5,2,suv,automatic,electric,suv,automatic,electric,7,2025,872.1,0,337,3.73,299,84.33
155.93,3,4,any,automatic,gasoline,hatchback,manual,gasoline,5,2015,150,5.74,0,4.78,574,70.63
560.48,2,4,suv,any,hybrid,sedan,automatic,gasoline,5,2025,398.88,5.63,0,4.61,509,71.01
808.67,2,7,any,manual,hybrid,sedan,manual,electric,5,2025,601.09,0,248,4.59,213,68.18
419.21,1,1,suv,automatic,any,sedan,automatic,hybrid,5,2024,384.54,5.1,0,4.01,467,78.51
382.81,2,3,sedan,manual,gasoline,sedan,automatic,hybrid,5,2017,347.9,6.13,0,5,913,65.33
754.8,21,2,hatchback,any,any,coupe,automatic,gasoline,4,2025,879.93,9.0,0,3.87,66,69.94
258.67,1,3,coupe,automatic,any,hatchback,manual,gasoline,5,2023,281.65,7.62,0,3.79,894,64.58
848.02,3,1,any,manual,diesel,coupe,automatic,diesel,3,2024,643.12,6.6,0,4.35,193,78.48
630.22,2,4,sedan,manual,any,suv,automatic,diesel,5,2023,435.47,6.38,0,3.87,773,67.66
582.97,1,4,van,any,gasoline,suv,manual,diesel,6,2026,494.99,5.85,0,4.74,423,76.07
551.66,1,3,hatchback,manual,hybrid,sedan,manual,hybrid,5,2026,506.15,6.16,0,3.85,307,77.67
279.04,2,9,any,manual,gasoline,sedan,automatic,gasoline,5,2024,390.54,9.28,0,4.9,454,49.43
277.95,4,2,suv,automatic,gasoline,hatchback,automatic,hybrid,5,2026,340.3,4.61,0,5,558,73.12
703.13,2,3,sedan,any,electric,coupe,manual,diesel,2,2023,607.48,5.62,0,5,584,57.23
602.16,4,2,coupe,automatic,any,coupe,automatic,hybrid,4,2023,691.5,6.03,0,4.75,632,83.19
718.99,5,2,any,manual,diesel,sedan,automatic,hybrid,5,2026,566.73,4.3,0,3.67,703,76.15
379.25,8,3,any,automatic,diesel,sedan,manual,hybrid,5,2024,352.64,5.7,0,4.5,680,73.39
299.04,9,1,van,automatic,electric,sedan,automatic,electric,5,2021,298.97,0,246,4.31,534,75.53
633.9,6,2,suv,any,diesel,van,manual,hybrid,8,2026,552.31,4.26,0,4.42,585,74.4
623.3,3,3,suv,automatic,any,suv,manual,hybrid,5,2020,456.07,4.29,0,3.88,528,74.9
687.18,1,1,hatchback,automatic,any,coupe,automatic,electric,2,2022,755.8,0,404,5,133,75.15
544.7,7,5,sedan,any,gasoline,sedan,automatic,gasoline,5,2023,472.0,8.65,0,3.7,248,79.79
429.4,1,8,suv,any,gasoline,sedan,automatic,gasoline,5,2026,441.32,7.11,0,4.58,851,61.03
417.14,1,9,sedan,automatic,gasoline,sedan,automatic,gasoline,5,2023,359.27,8.07,0,3.92,511,67.36
560.68,2,2,any,automatic,gasoline,hatchback,automatic,electric,5,2026,438.61,0,284,4.22,292,82.08
440.22,2,1,any,any,gasoline,sedan,manual,diesel,5,2024,374.7,7.08,0,4.01,228,81.56
343.84,4,2,any,any,any,sedan,automatic,gasoline,5,2019,416.25,8.06,0,3.95,388,70.57
221.92,3,3,any,automatic,hybrid,sedan,manual,diesel,5,2021,338.52,4.54,0,4.68,92,62.22
505.36,18,4,suv,any,gasoline,suv,automatic,gasoline,6,2023,571.44,7.92,0,4.94,719,82.5
241.27,4,2,hatchback,any,any,hatchback,automatic,gasoline,5,2025,280.83,8.67,0,4.05,358,78.23
388.15,3,4,sedan,any,any,suv,manual,gasoline,6,2023,407.06,9.31,0,4.88,286,72.23
581.4,1,2,any,automatic,gasoline,suv,manual,hybrid,5,2019,642.69,3.86,0,4.39,564,71.14
467.22,19,2,sedan,automatic,hybrid,suv,automatic,gasoline,6,2023,503.8,7.49,0,3.65,113,60.5
347.08,1,4,suv,automatic,any,hatchback,automatic,diesel,5,2024,359.43,4.55,0,4.4,749,76.96
193.55,2,1,any,automatic,diesel,hatchback,automatic,gasoline,5,2026,280.34,6.15,0,4.13,649,73.22
551.83,2,3,any,any,gasoline,truck,automatic,gasoline,2,2021,549.37,8.3,0,4.8,814,66.77
314.23,2,5,hatchback,any,gasoline,hatchback,automatic,hybrid,5,2026,287.08,4.96,0,4.37,183,80.32
578.08,2,4,hatchback,manual,any,suv,automatic,gasoline,7,2022,413.88,6.84,0,4.77,651,66.73
557.56,1,3,any,automatic,any,coupe,automatic,gasoline,2,2022,384.55,8.68,0,4.4,891,63.11
346.14,4,5,hatchback,manual,any,hatchback,automatic,gasoline,5,2021,280.03,8.05,0,5,322,75.92
407.95,1,1,any,manual,gasoline,suv,automatic,electric,7,2025,529.4,0,347,5,647,71.01
440.5,4,3,suv,manual,any,suv,manual,gasoline,7,2018,391.98,7.63,0,3.92,680,79.24
240.61,6,2,suv,automatic,any,sedan,automatic,diesel,5,2021,280.47,6.65,0,4.29,169,66.18
214.36,1,5,hatchback,manual,diesel,hatchback,manual,diesel,5,2025,204.45,7.01,0,4.07,830,91.37
527.95,19,3,suv,automatic,any,truck,manual,gasoline,3,2023,421.75,8.99,0,4.99,298,62.68
765.3,9,5,any,any,gasoline,van,automatic,gasoline,9,2023,584.98,5.94,0,4.04,113,85.7
514.53,3,3,any,any,gasoline,suv,automatic,diesel,6,2019,587.41,5.12,0,4.64,860,69.1
717.3,2,5,any,manual,gasoline,truck,automatic,gasoline,5,2022,595.46,9.11,0,4.28,886,74.25
214.24,4,3,suv,automatic,hybrid,hatchback,manual,diesel,5,2018,291.31,5.95,0,4.26,926,47.82
371.91,7,6,sedan,automatic,gasoline,sedan,manual,gasoline,5,2024,389.11,6.78,0,4.19,376,64.45
150,1,2,suv,manual,hybrid,hatchback,automatic,diesel,5,2019,189.1,5.38,0,3.99,750,49.54
375.36,6,4,suv,automatic,any,sedan,manual,diesel,5,2024,378.35,7.4,0,3.83,642,67.41
988.45,5,1,truck,any,gasoline,coupe,automatic,gasoline,4,2019,782.51,7.36,0,4.1,217,71.45
507.36,6,4,suv,manual,any,hatchback,automatic,electric,5,2019,378.95,0,363,4.77,372,66.37
236.54,3,2,any,automatic,gasoline,hatchback,manual,gasoline,5,2017,257.61,9.29,0,4.33,561,65.99
224.69,2,5,suv,automatic,gasoline,hatchback,manual,gasoline,5,2019,224.62,8.36,0,4.45,410,61.31
439.9,2,2,any,manual,gasoline,coupe,manual,hybrid,4,2020,523.78,6.0,0,5,213,69.32
668.58,1,2,any,manual,diesel,suv,automatic,hybrid,7,2026,645.76,3.82,0,4.27,104,81.92
724.75,18,1,suv,automatic,diesel,coupe,automatic,gasoline,3,2022,703.4,6.01,0,4.52,487,70.24
206.11,2,3,any,any,any,hatchback,automatic,gasoline,5,2019,247.31,6.23,0,4.15,432,76.57
409.76,3,2,hatchback,any,gasoline,sedan,automatic,hybrid,5,2023,416.98,5.29,0,4.71,613,67.24
332.53,1,1,sedan,automatic,gasoline,sedan,automatic,gasoline,5,2022,339.26,7.83,0,4.25,638,78.67
203.37,22,2,suv,any,hybrid,hatchback,automatic,gasoline,5,2022,290.55,8.04,0,4.82,293,55.71
324.14,2,2,coupe,any,gasoline,sedan,manual,gasoline,5,2025,294.78,5.97,0,4.52,396,79.86
551.38,18,1,van,automatic,any,suv,automatic,gasoline,6,2025,600.94,8.38,0,4.38,538,72.89
237.06,3,2,van,any,any,hatchback,manual,gasoline,5,2020,196.11,9.5,0,3.94,306,68.82
422.16,19,2,hatchback,automatic,gasoline,hatchback,automatic,hybrid,5,2023,389.43,6.2,0,4.5,167,75.97
389.45,1,7,coupe,manual,gasoline,sedan,automatic,gasoline,5,2026,348.97,9.44,0,3.98,795,49.5
492.97,5,3,suv,manual,electric,truck,manual,hybrid,3,2018,583.03,4.26,0,4.87,696,58.97
802.8,9,1,hatchback,manual,diesel,suv,automatic,electric,5,2025,627.71,0,327,4.52,853,65.06
975.83,3,1,hatchback,any,gasoline,suv,manual,hybrid,7,2022,770.3,4.72,0,4.63,142,68.61
331.18,3,1,hatchback,any,any,sedan,automatic,hybrid,5,2023,394.55,3.53,0,4.24,793,77.22
460.95,4,2,any,automatic,diesel,truck,automatic,diesel,2,2023,530.35,5.46,0,4.44,423,88.32
330.6,1,3,truck,any,diesel,sedan,automatic,gasoline,5,2018,390.78,6.5,0,3.98,267,58.71
259.0,4,3,truck,automatic,any,sedan,automatic,diesel,5,2018,219.08,4.64,0,3.57,1067,72.26
294.91,3,4,sedan,automatic,electric,sedan,automatic,diesel,5,2024,269.99,7.15,0,4.75,473,78.67
376.32,4,2,van,any,hybrid,suv,automatic,gasoline,7,2024,338.35,6.47,0,4.74,286,68.15
266.49,7,1,suv,any,hybrid,hatchback,automatic,gasoline,5,2020,259.81,5.88,0,4.25,446,63.47
232.7,2,1,any,automatic,any,hatchback,automatic,diesel,5,2020,181.23,5.22,0,4.71,32,86.14
567.33,2,4,sedan,any,hybrid,van,automatic,gasoline,7,2020,441.77,7.97,0,4.08,628,58.36
175.52,30,2,any,any,gasoline,hatchback,manual,diesel,5,2022,229.76,5.97,0,4.22,358,69.35
471.31,6,2,van,manual,any,hatchback,manual,electric,5,2026,470.75,0,330,4.37,411,84.33
796.71,3,2,suv,any,gasoline,suv,automatic,electric,5,2025,671.13,0,423,3.95,339,85.26
260.79,2,1,sedan,automatic,any,hatchback,automatic,hybrid,5,2019,165.49,5.22,0,3.66,549,75.23
234.38,2,4,suv,any,gasoline,sedan,automatic,gasoline,5,2025,271.58,8.58,0,4.29,482,71.75
301.85,1,6,sedan,automatic,diesel,hatchback,manual,diesel,5,2023,340.59,4.78,0,4.46,400,56.91
170.22,2,3,any,any,gasoline,hatchback,automatic,hybrid,5,2017,155.27,5.67,0,3.81,474,68.91
265.01,3,6,any,any,gasoline,hatchback,automatic,gasoline,5,2021,295.81,5.64,0,4.78,737,65.09
314.81,2,5,sedan,any,any,sedan,automatic,diesel,5,2020,343.97,7.34,0,5,641,79.98
169.88,4,3,any,manual,any,sedan,automatic,gasoline,5,2019,203.49,6.32,0,4.42,844,67.67
542.97,29,1,sedan,automatic,any,truck,automatic,hybrid,2,2020,440.57,4.67,0,4.03,872,75.24
875.62,6,3,truck,manual,diesel,van,automatic,gasoline,8,2023,687.04,8.78,0,4.69,930,59.31
324.71,2,1,any,any,any,hatchback,manual,electric,5,2023,339.72,0,303,4.09,284,83.81
559.42,5,1,suv,any,electric,sedan,automatic,hybrid,5,2023,479.47,5.5,0,3.43,155,70.79
844.8,3,3,hatchback,automatic,any,truck,automatic,hybrid,3,2024,628.08,3.7,0,4.49,1046,79.5
232.42,3,2,sedan,manual,diesel,sedan,manual,gasoline,5,2022,323.79,8.69,0,4.5,235,61.29
226.32,4,1,sedan,automatic,gasoline,hatchback,manual,gasoline,5,2021,247.64,8.96,0,4.97,480,58.45
475.93,3,5,coupe,manual,any,sedan,manual,gasoline,5,2019,406.15,7.6,0,4.73,953,71.37
419.8,1,8,any,automatic,any,sedan,automatic,gasoline,5,2024,307.65,8.32,0,4.21,220,72.1
439.0,1,1,truck,any,hybrid,suv,automatic,hybrid,6,2025,511.74,4.7,0,5,904,76.67
615.24,2,6,any,automatic,gasoline,suv,manual,gasoline,7,2018,508.21,8.05,0,3.23,148,68.3
533.51,5,1,any,automatic,any,sedan,automatic,diesel,5,2024,468.36,5.26,0,4.39,755,94.32
261.2,1,1,any,any,gasoline,sedan,manual,diesel,5,2022,242.49,6.04,0,3.85,679,74.48
371.96,5,3,any,automatic,any,hatchback,automatic,electric,5,2025,294.24,0,262,4.32,615,92.52
909.44,1,2,sedan,any,diesel,truck,automatic,gasoline,5,2021,711.51,8.86,0,4.63,418,63.44
353.11,3,5,sedan,automatic,diesel,sedan,automatic,gasoline,5,2018,288.45,9.22,0,3.96,167,65.44
257.98,21,2,sedan,any,gasoline,hatchback,automatic,gasoline,5,2024,205.79,6.56,0,4.61,572,75.24
643.61,19,4,hatchback,any,gasoline,coupe,manual,gasoline,3,2024,564.6,6.14,0,3.2,575,60.19
444.89,17,2,coupe,automatic,diesel,sedan,automatic,gasoline,5,2019,351.9,9.73,0,5,910,60.84
450.88,21,3,hatchback,automatic,diesel,suv,automatic,hybrid,5,2024,404.04,4.38,0,4.12,329,77.2
770.51,15,1,hatchback,automatic,gasoline,van,manual,gasoline,8,2022,769.53,7.06,0,4.76,877,65.67
499.37,3,2,any,manual,any,suv,automatic,gasoline,6,2022,444.35,5.89,0,3.77,35,74.39
610.9,2,7,hatchback,automatic,any,suv,automatic,hybrid,6,2025,615.92,4.12,0,3.47,361,69.24
582.76,2,4,suv,automatic,gasoline,sedan,automatic,hybrid,5,2021,465.44,3.49,0,4.16,1054,72.53
230.16,7,6,any,automatic,gasoline,hatchback,manual,gasoline,5,2023,216.43,8.4,0,4.33,203,62.24
533.81,9,2,any,manual,gasoline,suv,manual,gasoline,7,2024,588.01,9.5,0,4.24,745,80.03
938.15,3,5,van,any,gasoline,coupe,manual,electric,4,2024,868.18,0,242,4.3,271,56.74
639.34,6,1,hatchback,automatic,hybrid,sedan,automatic,electric,5,2023,553.43,0,380,4.87,1044,68.11
367.21,5,3,hatchback,any,hybrid,suv,automatic,electric,6,2017,401.32,0,413,4.91,1028,63.05
806.31,6,4,any,automatic,diesel,suv,manual,diesel,6,2025,636.53,6.66,0,3.38,268,83.44
421.55,1,1,sedan,automatic,electric,hatchback,automatic,gasoline,5,2025,327.17,9.48,0,3.89,230,68.31
293.64,2,3,any,any,diesel,truck,automatic,gasoline,2,2022,397.41,6.41,0,4.46,653,55.47
653.98,18,1,suv,any,gasoline,sedan,automatic,hybrid,5,2022,516.92,4.42,0,3.47,526,72.14
278.38,1,8,any,any,electric,hatchback,automatic,gasoline,5,2023,227.86,6.37,0,4.18,714,61.91
189.42,26,1,suv,automatic,any,hatchback,automatic,gasoline,5,2022,160.53,7.32,0,4.24,561,69.86
321.35,6,1,van,any,electric,sedan,automatic,gasoline,5,2021,216.16,7.82,0,3.84,120,60.01
489.35,3,1,van,automatic,diesel,sedan,manual,hybrid,5,2017,446.86,5.3,0,4.25,214,58.46
227.66,14,2,sedan,automatic,hybrid,hatchback,manual,gasoline,5,2024,237.98,5.63,0,4.06,149,59.91
714.04,14,3,hatchback,manual,gasoline,van,automatic,gasoline,9,2020,694.94,8.45,0,3.95,453,59.18
278.81,1,4,any,manual,gasoline,hatchback,automatic,gasoline,5,2024,296.53,5.97,0,4.68,198,82.67
347.14,8,6,van,automatic,electric,sedan,manual,hybrid,5,2018,323.4,3.74,0,4.21,615,44.99
229.88,4,3,sedan,automatic,gasoline,hatchback,manual,gasoline,5,2026,244.34,6.52,0,4.46,250,72.48
404.42,2,6,van,manual,any,sedan,automatic,gasoline,5,2026,345.19,7.74,0,3.4,240,55.68
381.1,2,2,suv,any,any,hatchback,automatic,electric,5,2024,367.5,0,347,4.04,429,76.45
493.45,10,2,sedan,manual,diesel,sedan,automatic,diesel,5,2025,515.31,7.0,0,4.99,169,84.85
259.42,7,1,any,automatic,diesel,hatchback,automatic,gasoline,5,2023,200.13,5.55,0,5,793,84.88
705.25,1,1,coupe,manual,gasoline,van,automatic,hybrid,8,2024,687.87,5.7,0,4.08,678,63.39
376.38,9,2,coupe,manual,gasoline,suv,manual,gasoline,7,2019,372.32,5.66,0,4.37,620,69.96
240.01,12,1,sedan,automatic,diesel,hatchback,automatic,gasoline,5,2026,297.48,8.01,0,5,183,60.98
762.9,1,2,van,automatic,any,truck,automatic,gasoline,5,2020,600.66,9.51,0,4.59,518,67.61
194.26,1,1,suv,manual,any,hatchback,automatic,gasoline,5,2024,203.08,8.52,0,3.63,255,65.03
199.18,1,3,suv,automatic,gasoline,sedan,manual,gasoline,5,2021,229.98,8.97,0,3.85,209,58.02
1208.04,17,5,sedan,automatic,gasoline,van,automatic,electric,7,2025,922.96,0,322,3.13,492,73.55
667.59,1,3,sedan,manual,gasoline,coupe,automatic,diesel,2,2022,734.71,6.87,0,4.32,605,42.1
520.72,2,4,suv,any,gasoline,suv,manual,diesel,6,2019,581.04,6.88,0,4.63,322,71.84
661.45,7,3,any,manual,any,suv,automatic,gasoline,6,2021,515.85,8.62,0,4.61,225,74.79
1092.47,3,4,sedan,manual,any,coupe,manual,hybrid,2,2023,976.17,5.62,0,4.6,397,66.36
701.26,1,1,any,automatic,any,suv,automatic,hybrid,7,2025,839.64,5.74,0,4.14,404,82.49
426.98,5,6,hatchback,manual,gasoline,hatchback,manual,electric,5,2025,315.02,0,356,4.06,447,66.6
428.47,1,2,any,automatic,diesel,suv,automatic,gasoline,7,2021,341.73,6.04,0,4.25,175,73.21
383.95,4,1,coupe,manual,diesel,suv,automatic,gasoline,7,2022,369.63,5.55,0,5,549,61.1
327.36,3,4,any,manual,gasoline,sedan,manual,gasoline,5,2022,415.98,8.28,0,4.34,235,71.63
399.47,1,3,sedan,any,diesel,suv,manual,gasoline,7,2021,484.5,5.76,0,4.0,684,63.26
406.1,5,2,any,manual,gasoline,sedan,manual,electric,5,2026,457.0,0,394,4.07,106,82.79
271.53,4,4,hatchback,manual,any,hatchback,automatic,gasoline,5,2026,256.48,9.11,0,4.66,222,81.15
374.26,6,1,any,automatic,any,truck,automatic,diesel,5,2021,373.73,6.23,0,4.01,333,83.13
218.82,17,7,any,any,gasoline,hatchback,automatic,gasoline,5,2019,195.27,6.24,0,3.54,309,66.02
282.48,7,2,van,any,hybrid,sedan,automatic,diesel,5,2020,302.34,6.43,0,3.76,580,59.41
1029.78,28,5,sedan,automatic,electric,van,automatic,gasoline,7,2023,861.33,6.68,0,3.83,120,65.27
1119.98,3,2,suv,manual,gasoline,coupe,automatic,diesel,3,2019,955.62,5.06,0,4.46,345,60.26
611.35,6,2,any,any,gasoline,suv,automatic,gasoline,6,2021,568.92,6.33,0,3.6,835,81.74
548.48,1,3,any,any,any,sedan,automatic,diesel,5,2025,414.76,5.19,0,4.63,299,93.96
483.58,1,5,coupe,any,gasoline,sedan,automatic,gasoline,5,2024,326.51,6.11,0,4.88,126,77.32
782.97,4,2,sedan,automatic,gasoline,suv,automatic,electric,5,2023,595.39,0,276,5,919,70.32
248.62,4,2,hatchback,manual,gasoline,sedan,automatic,electric,5,2022,291.4,0,282,3.58,224,55.54
675.41,3,4,truck,automatic,electric,suv,automatic,diesel,6,2024,721.77,7.17,0,4.13,488,63.28
640.35,1,2,any,any,diesel,van,manual,electric,8,2020,515.58,0,252,3.57,592,69.68
377.27,7,2,suv,any,electric,suv,automatic,hybrid,6,2018,381.62,4.53,0,3.99,496,76.5
478.69,2,5,suv,automatic,any,suv,manual,gasoline,7,2025,521.83,6.45,0,3.83,1058,76.28
370.04,2,5,coupe,manual,gasoline,sedan,automatic,gasoline,5,2020,340.34,9.16,0,4.22,379,57.79
328.71,27,2,any,automatic,any,hatchback,automatic,gasoline,5,2019,271.37,6.75,0,4.03,475,76.59
594.25,8,3,hatchback,manual,gasoline,suv,automatic,diesel,5,2021,494.14,5.82,0,4.64,578,62.22
570.67,1,2,any,automatic,gasoline,suv,automatic,electric,5,2015,601.9,0,487,4.68,707,76.11
150,4,7,any,automatic,diesel,hatchback,automatic,hybrid,5,2021,180.28,5.86,0,3.79,62,53.06
997.16,7,6,any,any,any,coupe,automatic,diesel,4,2020,979.94,5.1,0,4.52,80,67.49
400.91,6,3,sedan,automatic,gasoline,hatchback,automatic,electric,5,2019,365.07,0,304,4.11,392,62.94
372.98,3,2,sedan,automatic,any,hatchback,automatic,diesel,5,2017,293.39,5.77,0,3.44,395,72.0
240.97,2,2,any,any,electric,sedan,automatic,electric,5,2021,242.36,0,317,4.58,316,83.47
385.44,1,1,sedan,manual,any,hatchback,manual,hybrid,5,2026,375.32,5.24,0,3.82,804,82.87
1224.23,1,3,any,manual,any,truck,manual,electric,4,2022,930.93,0,308,4.64,347,82.83
879.07,2,2,any,automatic,gasoline,suv,manual,hybrid,7,2026,741.42,3.55,0,4.2,703,79.29
300.44,3,1,suv,any,any,sedan,automatic,gasoline,5,2022,391.71,7.81,0,4.0,220,64.97
360.64,1,1,any,automatic,any,hatchback,automatic,electric,5,2020,279.5,0,202,4.82,507,84.28
342.87,8,1,hatchback,automatic,gasoline,sedan,automatic,diesel,5,2021,364.37,6.39,0,4.25,463,62.62
233.65,1,2,sedan,automatic,diesel,hatchback,automatic,diesel,5,2024,291.58,6.46,0,5,191,69.85
162.89,20,6,hatchback,any,any,hatchback,automatic,gasoline,5,2020,150,6.91,0,3.89,720,65.88
688.92,1,1,truck,any,electric,suv,automatic,gasoline,5,2021,594.39,6.22,0,4.68,353,69.51
604.49,1,4,any,automatic,gasoline,suv,automatic,diesel,6,2018,615.28,5.8,0,3.65,242,70.13
425.22,15,2,hatchback,manual,diesel,sedan,automatic,gasoline,5,2026,328.89,6.02,0,4.45,629,68.27
521.49,16,2,van,any,gasoline,suv,automatic,hybrid,7,2015,402.19,4.64,0,4.85,379,67.84
493.8,5,6,coupe,any,gasoline,suv,automatic,gasoline,6,2025,441.96,8.2,0,4.37,929,75.74
386.95,1,2,any,manual,any,sedan,automatic,electric,5,2017,308.95,0,397,3.68,29,75.7
977.07,10,3,any,automatic,gasoline,coupe,automatic,diesel,2,2022,1027.33,6.69,0,4.05,944,57.99
383.02,3,7,coupe,any,diesel,hatchback,manual,electric,5,2026,267.13,0,413,3.64,65,57.27
363.15,6,2,hatchback,automatic,diesel,coupe,manual,gasoline,2,2022,382.03,6.55,0,4.74,262,56.72
707.63,6,2,sedan,automatic,diesel,van,automatic,diesel,8,2025,965.91,6.36,0,4.61,427,69.81
646.02,5,2,any,any,any,coupe,automatic,diesel,3,2018,714.79,5.57,0,2.86,690,78.88
363.92,1,3,suv,automatic,gasoline,sedan,manual,diesel,5,2024,381.89,6.95,0,3.49,285,60.91
917.29,3,8,sedan,automatic,any,suv,manual,electric,5,2022,690.61,0,362,4.54,191,53.03
574.54,1,5,van,automatic,hybrid,van,automatic,gasoline,7,2023,499.41,7.09,0,3.89,114,77.22
562.76,11,4,suv,automatic,hybrid,coupe,manual,hybrid,2,2021,618.5,5.81,0,3.48,559,50.69
702.61,1,1,suv,automatic,diesel,van,automatic,electric,9,2020,674.85,0,320,3.55,653,67.23
213.15,11,4,sedan,manual,gasoline,hatchback,manual,gasoline,5,2026,299.06,9.22,0,3.77,230,66.06
323.33,2,4,suv,manual,diesel,hatchback,automatic,diesel,5,2015,270.13,5.62,0,3.7,271,63.1
350.95,23,5,sedan,automatic,any,sedan,automatic,diesel,5,2024,357.13,6.16,0,4.6,313,88.58
707.74,8,2,any,manual,diesel,sedan,manual,diesel,5,2026,544.23,7.29,0,3.44,313,85.18
677.73,3,3,suv,any,any,van,automatic,diesel,8,2023,613.15,6.39,0,4.97,414,76.8
181.14,1,1,truck,manual,hybrid,hatchback,manual,electric,5,2023,316.65,0,273,3.97,674,47.18
477.59,4,5,hatchback,automatic,electric,hatchback,automatic,diesel,5,2024,362.54,7.22,0,5.0,442,77.97
804.3,4,2,coupe,automatic,any,van,manual,diesel,9,2023,612.06,6.58,0,4.56,629,68.64
586.35,1,2,any,any,gasoline,suv,automatic,diesel,7,2021,427.28,5.69,0,4.81,377,78.36
645.57,7,3,van,any,hybrid,sedan,automatic,gasoline,5,2025,470.9,5.97,0,3.69,510,71.41
308.01,12,2,any,automatic,any,hatchback,manual,electric,5,2022,349.56,0,392,5,364,79.69
211.49,5,1,sedan,any,diesel,sedan,automatic,gasoline,5,2020,222.5,7.48,0,3.34,410,66.42
300.7,7,2,suv,any,gasoline,sedan,automatic,diesel,5,2018,282.42,4.69,0,5,761,65.2
597.06,3,2,coupe,any,gasoline,suv,automatic,electric,6,2023,645.36,0,334,5,141,70.22
472.79,14,2,sedan,manual,any,hatchback,automatic,hybrid,5,2023,353.26,3.93,0,3.78,608,74.71
565.39,1,4,sedan,manual,hybrid,suv,automatic,hybrid,6,2025,517.02,5.58,0,4.55,292,72.88
647.4,1,5,sedan,automatic,gasoline,suv,automatic,diesel,6,2020,570.04,5.31,0,4.74,566,67.61
150,2,1,any,manual,diesel,hatchback,manual,hybrid,5,2025,231.98,4.47,0,3.81,212,73.27
455.16,5,2,any,automatic,gasoline,sedan,manual,electric,5,2024,461.83,0,241,4.42,565,68.76
648.38,1,3,hatchback,any,any,sedan,automatic,diesel,5,2025,483.0,4.34,0,3.78,125,82.99
339.19,2,5,sedan,any,any,sedan,manual,diesel,5,2020,394.24,6.28,0,4.87,148,80.66
848.19,1,1,suv,automatic,gasoline,coupe,automatic,diesel,3,2020,703.52,4.76,0,3.4,287,68.27
267.57,1,4,suv,any,diesel,hatchback,manual,gasoline,5,2023,275.79,5.51,0,3.95,253,67.0
331.04,1,2,any,automatic,any,hatchback,automatic,gasoline,5,2024,239.19,7.75,0,3.7,629,82.2
325.28,5,4,sedan,any,electric,hatchback,manual,hybrid,5,2021,324.79,5.14,0,3.87,593,69.55
280.61,1,4,any,manual,any,sedan,manual,electric,5,2021,280.1,0,346,4.23,494,89.38
455.85,19,4,any,automatic,any,sedan,manual,hybrid,5,2023,510.58,6.15,0,3.97,688,78.86
552.44,2,1,hatchback,manual,any,sedan,automatic,hybrid,5,2024,508.41,4.14,0,4.47,635,74.35
191.48,1,4,any,automatic,hybrid,hatchback,manual,gasoline,5,2020,178.88,6.69,0,4.11,344,65.3
510.93,3,6,suv,manual,gasoline,coupe,automatic,hybrid,4,2023,597.49,4.32,0,4.89,954,47.58
271.12,9,4,suv,automatic,any,hatchback,manual,hybrid,5,2018,227.19,4.42,0,4.1,755,66.99
277.04,3,2,suv,any,gasoline,hatchback,automatic,hybrid,5,2024,317.77,4.41,0,4.19,131,67.75
650.51,2,1,suv,automatic,diesel,suv,manual,electric,7,2021,510.62,0,338,4.05,368,71.17
419.91,3,1,coupe,manual,electric,van,manual,diesel,9,2019,519.09,6.47,0,3.54,613,54.51
655.71,5,5,suv,automatic,gasoline,truck,manual,gasoline,2,2025,727.74,7.71,0,3.92,341,51.73
578.15,4,6,suv,any,any,suv,manual,diesel,6,2022,464.8,4.4,0,3.73,128,86.08
160.22,2,1,sedan,any,any,hatchback,automatic,diesel,5,2026,228.9,7.38,0,4.12,1010,68.1
399.3,2,3,truck,manual,gasoline,hatchback,automatic,gasoline,5,2024,296.61,7.49,0,4.03,393,69.74
317.1,8,1,suv,automatic,any,sedan,manual,electric,5,2020,249.47,0,445,4.59,180,67.58
506.87,3,3,van,automatic,diesel,coupe,manual,gasoline,3,2023,620.18,8.84,0,3.71,808,49.88
380.85,6,1,sedan,manual,electric,sedan,automatic,hybrid,5,2026,350.33,5.54,0,4.12,117,77.02
197.32,1,7,any,automatic,any,sedan,manual,gasoline,5,2019,231.51,7.95,0,3.64,788,49.57
595.66,9,4,coupe,any,gasoline,coupe,automatic,gasoline,2,2026,467.07,9.68,0,4.47,581,72.72
678.67,5,1,hatchback,automatic,gasoline,coupe,automatic,gasoline,2,2026,640.76,8.75,0,3.52,140,71.51
406.32,29,3,suv,manual,gasoline,suv,automatic,diesel,5,2021,490.24,4.31,0,3.8,756,68.47
287.59,1,5,hatchback,automatic,diesel,sedan,automatic,gasoline,5,2025,380.41,9.17,0,3.73,244,55.71
568.89,6,2,sedan,any,any,coupe,automatic,electric,3,2018,538.12,0,269,4.76,109,69.13
273.84,2,1,any,automatic,any,hatchback,automatic,electric,5,2024,213.33,0,313,4.16,337,90.08
315.14,1,7,truck,any,diesel,sedan,automatic,gasoline,5,2021,284.06,9.75,0,4.14,689,45.25
537.06,15,2,suv,automatic,any,suv,automatic,gasoline,7,2020,579.78,9.29,0,4.46,947,73.9
185.27,1,2,hatchback,manual,gasoline,sedan,automatic,gasoline,5,2019,264.54,6.26,0,5,666,52.82
505.52,6,3,any,automatic,diesel,van,manual,gasoline,7,2026,511.41,6.68,0,4.11,316,75.19
338.32,14,3,any,automatic,any,sedan,automatic,gasoline,5,2023,332.81,7.69,0,3.55,940,86.68
284.13,6,2,sedan,automatic,diesel,suv,automatic,hybrid,7,2020,332.97,3.66,0,3.4,128,66.11
685.21,5,2,any,automatic,diesel,van,manual,electric,8,2018,728.96,0,355,3.7,380,65.62
972.08,12,4,sedan,any,any,van,automatic,gasoline,7,2021,808.61,6.88,0,4.58,525,73.31
193.48,4,2,any,manual,gasoline,hatchback,manual,diesel,5,2020,224.72,6.12,0,4.28,549,71.87
441.01,2,3,sedan,automatic,gasoline,hatchback,automatic,hybrid,5,2024,324.93,3.43,0,4.9,942,75.7
322.33,9,2,any,any,any,suv,automatic,hybrid,6,2023,364.99,4.35,0,4.05,566,83.41
585.31,2,3,sedan,automatic,gasoline,van,automatic,diesel,9,2020,777.21,6.51,0,3.88,220,55.92
1573.23,4,1,sedan,automatic,any,coupe,automatic,electric,2,2026,1187.63,0,263,4.33,162,76.35
714.17,22,2,any,manual,any,coupe,automatic,gasoline,3,2023,544.07,7.2,0,4.09,375,80.9
705.36,2,1,any,automatic,any,suv,automatic,gasoline,5,2024,752.91,9.56,0,4.08,260,81.41
307.17,5,2,sedan,manual,gasoline,suv,automatic,gasoline,6,2020,390.41,9.23,0,4.16,178,55.05
427.7,2,3,suv,automatic,gasoline,suv,manual,diesel,5,2026,400.18,4.89,0,4.83,579,75.67
522.14,6,1,van,manual,any,suv,manual,diesel,7,2023,691.36,6.97,0,4.11,611,66.4
316.56,1,1,truck,manual,diesel,hatchback,automatic,diesel,5,2021,313.28,6.04,0,4.86,490,68.5
758.23,1,2,hatchback,automatic,any,coupe,automatic,gasoline,2,2024,811.81,7.91,0,4.48,400,76.29
928.25,1,6,hatchback,any,gasoline,van,automatic,diesel,7,2026,918.61,6.0,0,4.29,275,70.03
681.72,8,3,sedan,manual,gasoline,suv,automatic,diesel,6,2019,654.88,4.46,0,4.36,469,59.83
435.44,6,3,coupe,any,diesel,hatchback,automatic,hybrid,5,2024,407.14,4.04,0,5,782,76.94
502.27,2,1,sedan,automatic,any,suv,manual,electric,5,2019,474.13,0,344,3.56,728,64.81
990.63,1,3,coupe,any,any,suv,automatic,electric,7,2025,828.26,0,266,4.13,338,83.01
593.7,23,4,any,automatic,gasoline,coupe,automatic,diesel,4,2026,674.71,5.17,0,3.86,485,78.6
285.67,1,2,suv,any,hybrid,suv,manual,gasoline,6,2023,331.46,8.4,0,3.97,686,71.3
833.44,2,2,truck,manual,hybrid,suv,manual,gasoline,7,2018,595.69,7.58,0,5,1018,60.32
479.42,6,1,any,any,hybrid,suv,automatic,diesel,6,2023,456.35,5.8,0,3.88,295,78.1
254.44,2,5,any,any,any,hatchback,manual,gasoline,5,2022,195.82,9.02,0,4.13,573,79.83
442.67,13,1,sedan,any,any,sedan,manual,hybrid,5,2024,347.43,5.65,0,3.69,248,88.26
744.68,8,8,sedan,any,diesel,coupe,automatic,gasoline,3,2025,539.35,7.66,0,4.15,100,55.22
349.74,9,4,hatchback,automatic,gasoline,hatchback,automatic,gasoline,5,2024,260.49,6.87,0,4.37,731,84.06
182.23,11,5,any,automatic,diesel,sedan,automatic,gasoline,5,2017,180.38,7.96,0,5,345,70.07
240.69,5,1,any,automatic,gasoline,suv,automatic,diesel,5,2021,357.83,4.87,0,3.64,297,64.48
438.51,5,2,any,manual,any,hatchback,manual,electric,5,2025,367.74,0,384,3.86,439,92.93
1106.3,8,4,truck,any,diesel,van,manual,gasoline,8,2024,794.31,7.29,0,3.56,720,64.09
1075.85,3,6,suv,manual,hybrid,suv,automatic,electric,7,2026,900.29,0,214,4.11,389,72.87
187.92,6,3,van,automatic,hybrid,hatchback,automatic,gasoline,5,2023,206.11,9.76,0,4.04,483,63.21
663.51,2,3,suv,any,gasoline,van,automatic,diesel,7,2023,724.98,6.28,0,5,894,66.43
357.94,2,2,any,automatic,hybrid,sedan,manual,gasoline,5,2025,302.08,8.21,0,3.74,251,71.4
242.14,1,3,suv,automatic,any,hatchback,manual,gasoline,5,2022,249.43,8.78,0,4.22,832,64.75
373.18,1,4,hatchback,any,hybrid,hatchback,manual,gasoline,5,2021,286.88,6.11,0,3.57,168,75.37
392.94,1,3,any,any,gasoline,hatchback,automatic,hybrid,5,2021,353.87,4.32,0,4.32,291,81.16
415.06,2,2,hatchback,any,electric,suv,automatic,diesel,6,2026,463.74,6.24,0,4.31,171,65.42
502.0,6,3,hatchback,automatic,diesel,sedan,automatic,diesel,5,2015,385.07,4.53,0,3.44,554,70.57
486.19,1,3,any,any,any,coupe,manual,hybrid,4,2020,432.19,5.78,0,4.88,407,80.94
150,2,4,hatchback,manual,any,hatchback,manual,diesel,5,2025,184.15,5.96,0,4.21,566,86.47
236.51,17,6,any,any,diesel,sedan,automatic,gasoline,5,2025,259.39,9.7,0,4.48,656,57.36
711.84,2,3,hatchback,automatic,any,suv,manual,gasoline,5,2024,760.97,6.65,0,3.71,250,66.82
303.43,1,1,any,automatic,diesel,hatchback,manual,gasoline,5,2025,294.6,7.09,0,3.99,504,72.58
331.61,4,2,hatchback,manual,gasoline,hatchback,automatic,gasoline,5,2019,245.8,7.64,0,4.05,233,71.05
698.64,21,3,van,automatic,any,suv,automatic,diesel,5,2020,664.31,5.63,0,3.62,266,73.82
716.7,2,4,hatchback,automatic,gasoline,suv,automatic,diesel,5,2024,570.37,6.99,0,4.4,345,68.28
427.94,2,4,coupe,any,any,van,manual,electric,8,2020,530.55,0,345,3.87,232,70.51
570.88,1,3,suv,manual,gasoline,coupe,automatic,diesel,4,2020,642.79,4.37,0,4.0,390,56.65
212.0,4,4,any,manual,diesel,hatchback,automatic,gasoline,5,2022,179.96,8.18,0,3.68,628,65.94
775.7,16,2,hatchback,any,gasoline,truck,automatic,gasoline,3,2026,605.61,6.16,0,4.08,307,81.0
243.14,4,2,hatchback,automatic,any,sedan,automatic,gasoline,5,2023,223.64,9.8,0,4.63,732,74.6
364.42,2,2,sedan,automatic,hybrid,sedan,automatic,gasoline,5,2018,296.51,6.5,0,4.86,366,73.27
497.2,9,1,coupe,any,gasoline,coupe,manual,gasoline,2,2018,358.93,6.1,0,3.68,399,75.77
672.17,12,3,suv,any,gasoline,coupe,manual,diesel,4,2021,569.18,5.33,0,4.54,277,65.98
716.04,4,1,hatchback,manual,electric,van,manual,gasoline,7,2024,646.56,8.12,0,3.93,366,65.11
650.13,4,3,any,manual,any,truck,manual,gasoline,2,2015,637.56,8.66,0,3.81,180,61.0
397.06,2,4,van,manual,any,hatchback,automatic,gasoline,5,2025,274.13,7.87,0,4.72,345,70.75
732.14,4,3,van,manual,any,truck,manual,gasoline,2,2016,544.38,8.95,0,3.17,380,46.6
561.13,9,3,suv,any,hybrid,truck,automatic,diesel,4,2022,471.97,4.67,0,4.23,210,69.24
491.5,2,7,coupe,automatic,any,suv,automatic,hybrid,6,2017,474.68,4.13,0,3.99,441,59.66
437.84,1,2,hatchback,automatic,gasoline,hatchback,manual,gasoline,5,2026,354.22,8.62,0,4.69,158,81.88
290.65,4,1,suv,manual,electric,sedan,automatic,gasoline,5,2022,257.3,8.6,0,3.88,376,57.07
206.3,2,1,sedan,manual,any,hatchback,automatic,gasoline,5,2020,275.53,6.46,0,3.71,231,55.31
424.29,7,5,any,automatic,hybrid,suv,automatic,hybrid,7,2021,444.91,5.41,0,3.85,731,84.23
310.02,2,6,sedan,manual,diesel,hatchback,automatic,gasoline,5,2025,286.66,5.59,0,4.13,934,52.58
337.65,1,1,suv,automatic,any,suv,automatic,electric,5,2021,420.93,0,273,3.89,801,74.62
515.25,1,2,van,automatic,gasoline,suv,automatic,gasoline,7,2020,451.97,8.63,0,5,78,69.34
583.56,2,1,van,any,any,van,manual,gasoline,8,2022,548.22,8.57,0,4.12,345,76.39
992.04,1,2,truck,automatic,any,truck,automatic,diesel,5,2024,868.07,5.52,0,5,224,93.21
404.82,3,2,sedan,any,any,suv,automatic,diesel,7,2025,325.43,6.65,0,4.46,285,82.02
302.9,4,5,hatchback,automatic,gasoline,hatchback,manual,gasoline,5,2025,239.66,8.49,0,5,719,78.6
790.57,2,1,sedan,manual,any,van,automatic,hybrid,8,2019,576.29,4.51,0,3.99,637,68.08
564.32,2,2,any,manual,hybrid,coupe,automatic,gasoline,4,2019,565.49,7.03,0,4.28,21,60.06
360.7,2,4,any,automatic,gasoline,sedan,manual,gasoline,5,2023,450.06,7.81,0,4.42,657,72.21
555.41,4,6,van,automatic,gasoline,sedan,manual,gasoline,5,2022,444.7,8.6,0,4.42,405,47.71
362.67,4,4,any,automatic,any,sedan,manual,diesel,5,2024,332.54,6.21,0,3.35,675,77.93
753.07,2,2,any,any,hybrid,truck,automatic,hybrid,2,2018,767.23,5.3,0,4.24,261,78.76
571.15,2,3,any,automatic,gasoline,coupe,manual,gasoline,4,2025,501.19,7.01,0,3.57,387,82.09
255.17,6,2,any,automatic,gasoline,hatchback,automatic,diesel,5,2025,334.43,4.7,0,3.34,516,74.45
586.75,3,1,coupe,any,any,suv,manual,gasoline,5,2024,503.06,7.89,0,5,424,75.57
488.96,1,1,any,any,diesel,sedan,automatic,hybrid,5,2015,390.12,4.66,0,4.16,314,75.48
532.66,2,4,suv,automatic,electric,van,automatic,gasoline,7,2021,558.99,8.35,0,3.83,766,60.11
1365.92,3,5,hatchback,any,diesel,coupe,automatic,diesel,2,2026,1150.7,5.7,0,4.48,419,65.51
596.49,3,1,van,any,gasoline,van,automatic,gasoline,8,2026,674.21,8.34,0,4.52,437,86.09
406.09,3,2,suv,automatic,gasoline,suv,automatic,diesel,6,2017,602.25,7.0,0,4.2,245,59.89
165.04,2,1,suv,any,hybrid,hatchback,automatic,gasoline,5,2022,195.39,7.52,0,3.6,56,61.72
318.73,25,1,truck,automatic,diesel,hatchback,automatic,gasoline,5,2025,334.63,7.06,0,4.76,382,70.1
408.26,1,5,sedan,automatic,hybrid,sedan,automatic,diesel,5,2023,374.21,4.57,0,3.67,546,77.25
990.88,2,6,suv,automatic,any,truck,manual,diesel,2,2024,836.91,6.6,0,4.28,184,57.57
315.88,2,5,sedan,automatic,diesel,sedan,automatic,electric,5,2019,256.76,0,287,4.43,341,74.09
317.16,1,1,suv,any,diesel,suv,automatic,gasoline,7,2018,366.04,9.56,0,3.51,243,58.46
361.0,25,2,suv,automatic,gasoline,hatchback,automatic,electric,5,2023,437.92,0,314,4.81,210,63.53
163.68,3,2,hatchback,automatic,diesel,hatchback,automatic,diesel,5,2023,236.75,6.6,0,3.99,180,73.87
329.7,8,8,hatchback,any,any,suv,automatic,hybrid,6,2020,392.93,3.95,0,4.04,167,58.4
273.65,2,3,van,any,gasoline,sedan,automatic,hybrid,5,2023,309.14,4.69,0,4.93,131,66.89
433.23,2,4,sedan,any,diesel,coupe,automatic,gasoline,2,2024,468.84,8.72,0,4.76,206,48.62
473.33,3,1,suv,any,hybrid,suv,automatic,gasoline,7,2022,519.32,6.25,0,3.73,561,73.96
212.31,4,1,sedan,any,any,hatchback,manual,electric,5,2015,209.39,0,375,3.63,86,73.48
419.07,2,2,hatchback,automatic,diesel,suv,automatic,gasoline,5,2024,510.07,7.86,0,3.67,790,57.58
286.23,2,3,sedan,manual,any,hatchback,automatic,gasoline,5,2024,223.5,6.37,0,3.74,43,67.12
254.93,1,2,coupe,any,gasoline,hatchback,automatic,hybrid,5,2024,261.92,5.19,0,4.43,412,72.79
852.37,2,5,any,manual,any,coupe,automatic,diesel,4,2023,699.59,4.94,0,3.16,330,68.76
489.16,26,1,suv,any,gasoline,suv,manual,hybrid,7,2023,482.91,5.95,0,4.19,643,81.06
501.62,5,1,suv,automatic,gasoline,hatchback,automatic,hybrid,5,2024,429.62,5.25,0,4.58,433,73.17
630.98,2,1,hatchback,manual,diesel,suv,manual,hybrid,7,2026,478.94,3.49,0,4.38,596,77.15
419.54,5,2,any,automatic,electric,sedan,automatic,gasoline,5,2025,321.36,5.78,0,4.83,934,79.35
172.61,18,7,sedan,automatic,gasoline,hatchback,automatic,hybrid,5,2026,292.48,3.92,0,3.66,173,43.01
890.93,13,1,hatchback,automatic,any,coupe,manual,gasoline,3,2025,1088.66,7.54,0,4.29,712,62.75
205.82,11,4,suv,manual,gasoline,hatchback,automatic,diesel,5,2026,263.19,6.94,0,4.21,251,55.19
485.16,4,1,sedan,automatic,any,van,automatic,gasoline,8,2018,476.44,6.02,0,3.85,460,70.75
340.96,3,2,suv,any,any,hatchback,automatic,gasoline,5,2022,344.24,9.21,0,3.89,893,68.06
872.43,3,3,coupe,automatic,any,suv,manual,gasoline,7,2021,683.84,7.68,0,4.77,415,61.43
255.42,2,1,sedan,any,any,sedan,automatic,gasoline,5,2021,246.33,6.35,0,3.85,751,82.63
584.28,1,2,hatchback,automatic,gasoline,sedan,automatic,hybrid,5,2024,476.22,6.07,0,4.52,370,73.99
1249.32,7,2,sedan,any,any,coupe,automatic,diesel,3,2024,1008.89,4.45,0,4.05,799,78.21
169.07,1,2,any,manual,diesel,hatchback,manual,electric,5,2016,177.57,0,221,4.45,109,67.56
345.22,3,1,sedan,manual,any,sedan,automatic,gasoline,5,2018,297.08,5.73,0,4.07,639,72.04
271.35,2,3,hatchback,any,electric,sedan,automatic,diesel,5,2020,214.71,6.75,0,3.74,811,62.96
499.64,2,1,suv,manual,any,sedan,automatic,gasoline,5,2019,437.57,9.75,0,3.89,344,56.5
854.45,2,4,any,manual,any,coupe,automatic,gasoline,4,2021,958.46,9.4,0,4.45,846,68.16
242.1,1,6,any,automatic,any,sedan,automatic,gasoline,5,2023,221.16,8.66,0,4.45,967,67.81
190.29,2,7,sedan,any,any,hatchback,automatic,gasoline,5,2024,207.41,8.58,0,4.64,300,58.28
219.0,19,1,hatchback,any,hybrid,hatchback,automatic,gasoline,5,2020,223.08,8.84,0,4.31,404,66.68
755.48,1,3,sedan,any,electric,suv,manual,diesel,7,2025,770.1,6.69,0,4.55,817,67.09
719.08,1,1,suv,automatic,gasoline,truck,manual,hybrid,5,2015,611.45,3.57,0,4.82,320,62.39
931.87,9,2,suv,any,diesel,van,manual,gasoline,8,2023,815.52,5.55,0,4.48,870,67.06
299.15,5,3,hatchback,manual,any,sedan,manual,gasoline,5,2017,242.95,9.38,0,3.51,534,62.72
291.49,1,3,any,manual,any,hatchback,manual,diesel,5,2019,207.32,6.22,0,4.7,464,79.43
509.54,1,1,sedan,automatic,diesel,sedan,manual,hybrid,5,2019,476.32,3.58,0,4.57,301,69.34
217.5,3,4,any,automatic,gasoline,hatchback,automatic,diesel,5,2023,204.91,6.23,0,5,542,81.49
523.2,18,2,any,manual,electric,suv,automatic,diesel,5,2023,360.14,5.73,0,4.54,139,76.09
534.52,3,3,van,any,gasoline,suv,automatic,electric,5,2019,507.95,0,279,3.75,139,62.98
219.57,5,3,hatchback,automatic,any,hatchback,manual,hybrid,5,2020,172.81,3.99,0,4.01,767,78.22
249.62,2,6,any,manual,hybrid,sedan,automatic,gasoline,5,2021,218.92,6.11,0,3.74,225,52.8
763.05,4,1,any,automatic,hybrid,truck,manual,gasoline,4,2019,621.6,7.57,0,4.67,798,64.09
660.83,2,2,suv,any,any,truck,automatic,diesel,3,2023,594.88,4.31,0,4.55,313,83.43
623.6,8,5,coupe,automatic,gasoline,van,manual,electric,7,2022,500.61,0,365,3.99,267,59.68
527.74,18,5,any,automatic,any,suv,automatic,electric,5,2023,444.96,0,461,3.24,95,88.03
381.45,6,1,sedan,any,gasoline,hatchback,automatic,gasoline,5,2023,377.5,6.6,0,4.41,141,74.52
656.69,9,2,coupe,any,diesel,van,automatic,gasoline,9,2023,775.47,6.77,0,4.32,259,66.07
386.29,6,5,van,manual,gasoline,sedan,automatic,gasoline,5,2025,259.72,5.86,0,4.18,420,75.8
246.97,2,3,hatchback,automatic,diesel,hatchback,automatic,diesel,5,2021,306.09,4.86,0,4.45,520,81.73
375.16,3,4,suv,any,electric,sedan,automatic,gasoline,5,2026,404.12,9.47,0,3.54,168,60.49
473.9,27,3,hatchback,any,diesel,van,automatic,gasoline,8,2021,460.9,7.03,0,4.19,190,63.76
1156.42,1,1,any,automatic,any,coupe,manual,diesel,2,2025,1092.53,6.86,0,3.76,782,83.46
540.17,2,1,any,automatic,any,suv,manual,gasoline,6,2022,413.31,7.89,0,4.09,755,72.96
793.3,4,2,hatchback,automatic,any,truck,manual,diesel,2,2024,659.51,4.62,0,4.57,494,76.45
243.13,1,2,suv,any,gasoline,hatchback,manual,diesel,5,2026,295.2,4.47,0,4.91,108,72.58
333.75,29,4,suv,manual,any,suv,manual,gasoline,7,2025,340.9,8.42,0,4.3,199,88.28
377.4,2,2,suv,manual,gasoline,hatchback,automatic,diesel,5,2025,354.08,6.0,0,4.05,92,64.01
449.73,1,2,any,manual,diesel,suv,manual,gasoline,7,2020,490.34,7.51,0,4.96,932,72.91
382.48,6,5,any,any,electric,sedan,automatic,electric,5,2023,486.98,0,376,4.4,1071,82.15
497.54,3,1,hatchback,any,electric,sedan,automatic,gasoline,5,2018,463.1,6.83,0,4.09,1107,61.34
753.35,1,3,any,automatic,any,truck,manual,diesel,5,2021,634.17,5.24,0,4.04,475,76.15
826.17,4,4,any,manual,diesel,van,automatic,electric,7,2023,936.2,0,328,3.92,571,66.03
218.76,7,2,coupe,any,any,sedan,automatic,diesel,5,2019,221.17,5.67,0,4.36,746,74.41
425.3,3,3,suv,any,diesel,sedan,manual,gasoline,5,2019,424.29,5.55,0,4.85,201,63.56
807.3,3,2,sedan,any,gasoline,coupe,manual,gasoline,4,2025,617.97,9.63,0,3.82,476,73.89
747.23,4,2,suv,automatic,any,suv,automatic,gasoline,6,2022,550.87,8.41,0,3.37,226,77.9
464.54,4,3,hatchback,automatic,gasoline,truck,manual,gasoline,3,2026,424.09,8.49,0,4.22,599,66.4
454.4,3,1,sedan,automatic,any,suv,automatic,gasoline,5,2021,428.88,8.6,0,5,727,68.4
554.04,8,2,any,manual,gasoline,van,automatic,hybrid,9,2018,586.63,4.39,0,3.53,170,67.4
410.87,4,3,suv,any,electric,hatchback,manual,gasoline,5,2023,340.99,8.07,0,4.53,650,68.21
875.8,1,3,van,manual,gasoline,coupe,automatic,electric,3,2021,887.91,0,271,5,946,59.78
544.87,4,3,coupe,any,diesel,van,automatic,gasoline,8,2025,600.74,9.31,0,4.62,115,65.65
482.33,2,2,suv,automatic,any,sedan,manual,gasoline,5,2025,340.73,5.57,0,4.1,232,71.64
451.93,7,3,hatchback,manual,diesel,suv,manual,gasoline,5,2021,400.95,8.27,0,4.32,439,60.68
348.08,29,1,any,manual,gasoline,hatchback,automatic,diesel,5,2020,328.93,5.77,0,4.32,256,69.52
164.02,1,4,sedan,manual,gasoline,hatchback,manual,gasoline,5,2024,198.21,7.86,0,4.42,789,67.34
658.02,8,1,suv,manual,hybrid,coupe,manual,gasoline,4,2026,550.95,5.76,0,3.82,902,74.41
482.74,6,4,suv,automatic,any,sedan,automatic,gasoline,5,2025,421.15,9.42,0,3.89,531,76.79
332.27,4,2,any,automatic,diesel,hatchback,manual,diesel,5,2022,296.24,5.1,0,3.57,682,79.73
337.34,28,6,any,automatic,any,hatchback,automatic,gasoline,5,2025,342.1,6.78,0,3.84,500,75.31
612.0,2,1,any,automatic,any,sedan,automatic,hybrid,5,2025,515.97,4.88,0,4.43,323,89.32
399.23,2,4,suv,manual,gasoline,hatchback,automatic,diesel,5,2022,358.52,4.78,0,4.3,256,60.45
370.32,2,4,van,manual,gasoline,sedan,automatic,gasoline,5,2024,421.35,5.67,0,4.43,648,69.48
834.01,6,6,sedan,automatic,any,van,automatic,gasoline,9,2015,645.91,5.67,0,3.27,224,67.77
371.76,2,4,suv,automatic,hybrid,suv,manual,gasoline,7,2022,360.8,9.19,0,4.4,700,63.7
278.36,2,2,coupe,automatic,any,sedan,automatic,gasoline,5,2016,286.91,6.5,0,4.0,736,69.18
355.27,6,1,suv,automatic,any,suv,automatic,hybrid,6,2025,345.76,3.52,0,4.94,274,91.28
473.31,4,1,hatchback,automatic,gasoline,sedan,manual,gasoline,5,2020,366.31,7.46,0,3.05,818,62.7
542.58,22,4,sedan,manual,diesel,suv,automatic,gasoline,6,2023,592.26,8.55,0,4.34,130,53.74
282.75,2,1,sedan,automatic,electric,hatchback,automatic,hybrid,5,2023,374.21,4.05,0,2.8,343,63.47
780.82,4,3,hatchback,automatic,any,suv,automatic,gasoline,5,2025,634.28,5.92,0,4.04,696,81.96
579.67,24,1,hatchback,automatic,gasoline,hatchback,automatic,hybrid,5,2022,391.59,4.93,0,5,468,77.39
460.6,2,3,hatchback,automatic,gasoline,sedan,automatic,gasoline,5,2024,359.56,6.93,0,4.0,204,76.76
779.7,4,5,any,manual,hybrid,coupe,manual,gasoline,3,2018,625.52,7.3,0,4.48,659,52.14
172.25,29,5,coupe,manual,hybrid,hatchback,automatic,gasoline,5,2024,174.91,9.39,0,3.5,74,53.56
202.97,6,2,van,automatic,diesel,hatchback,automatic,gasoline,5,2025,249.35,7.98,0,3.33,543,63.88
213.52,4,1,van,manual,hybrid,sedan,manual,gasoline,5,2017,225.88,5.62,0,4.61,856,62.84
705.32,1,1,sedan,any,gasoline,truck,manual,electric,4,2026,819.83,0,271,3.92,272,67.33
292.49,20,3,sedan,manual,hybrid,hatchback,automatic,gasoline,5,2025,296.62,8.45,0,4.48,1024,61.28
234.22,2,3,coupe,manual,gasoline,sedan,manual,hybrid,5,2022,237.0,5.26,0,4.21,283,69.68
225.82,8,1,sedan,automatic,gasoline,sedan,manual,gasoline,5,2020,216.89,7.2,0,4.62,227,75.19
400.48,1,1,any,any,hybrid,suv,automatic,diesel,6,2017,306.45,4.88,0,4.86,623,72.2
303.32,1,1,suv,manual,gasoline,sedan,automatic,electric,5,2026,359.02,0,364,4.0,567,58.23
499.7,2,5,truck,any,any,sedan,manual,gasoline,5,2024,408.33,7.44,0,4.73,136,75.5
272.72,5,3,suv,manual,any,sedan,automatic,gasoline,5,2017,217.26,9.75,0,3.91,369,56.76
520.24,3,1,hatchback,automatic,any,hatchback,automatic,electric,5,2026,420.56,0,445,4.08,264,92.76
375.97,3,1,sedan,automatic,hybrid,sedan,automatic,diesel,5,2019,314.46,5.74,0,4.24,420,74.95
749.81,5,3,any,automatic,any,coupe,manual,diesel,3,2023,817.78,5.0,0,3.54,290,77.73
728.98,4,4,sedan,automatic,gasoline,suv,manual,diesel,5,2024,681.89,5.7,0,4.89,615,65.99
671.4,2,1,coupe,automatic,any,coupe,automatic,gasoline,3,2022,665.23,7.52,0,4.04,65,83.71
417.82,3,4,any,manual,electric,sedan,automatic,hybrid,5,2021,440.62,3.52,0,4.89,617,75.68
313.02,3,3,coupe,any,gasoline,hatchback,manual,gasoline,5,2017,205.81,5.7,0,4.5,455,74.39
476.97,11,3,any,any,diesel,hatchback,manual,gasoline,5,2019,318.39,8.55,0,4.16,41,67.14
233.48,30,3,any,any,any,hatchback,manual,diesel,5,2023,268.98,7.24,0,4.67,263,78.83
293.63,3,1,sedan,any,gasoline,hatchback,automatic,diesel,5,2023,349.34,5.36,0,5,446,69.62
334.03,5,2,any,manual,hybrid,truck,manual,diesel,5,2018,458.42,4.69,0,4.42,253,63.65
808.53,2,1,coupe,automatic,gasoline,coupe,automatic,gasoline,4,2023,895.95,9.61,0,4.57,184,80.13
304.59,3,2,any,automatic,diesel,hatchback,manual,gasoline,5,2020,287.9,9.08,0,4.24,386,60.52
213.5,1,1,any,manual,hybrid,hatchback,automatic,gasoline,5,2024,189.65,7.8,0,4.2,928,67.79
661.71,4,5,suv,any,any,sedan,manual,gasoline,5,2024,476.34,9.52,0,4.79,179,72.0
422.45,3,2,coupe,manual,diesel,sedan,manual,gasoline,5,2022,362.94,8.31,0,3.89,676,62.15
197.84,5,2,suv,automatic,any,sedan,automatic,gasoline,5,2020,229.19,8.07,0,4.6,353,62.56
861.77,2,6,any,automatic,any,suv,manual,diesel,7,2026,765.79,6.89,0,4.72,196,79.92
189.74,1,1,suv,manual,any,sedan,manual,electric,5,2015,260.05,0,252,4.84,194,62.84
339.95,1,1,sedan,automatic,hybrid,hatchback,automatic,gasoline,5,2025,287.22,6.48,0,3.96,874,69.1
296.7,2,1,hatchback,manual,gasoline,sedan,automatic,hybrid,5,2018,277.72,5.99,0,4.49,186,53.49
290.59,30,4,van,manual,any,hatchback,automatic,gasoline,5,2026,296.84,6.41,0,4.21,607,70.94
624.56,7,6,coupe,any,any,van,manual,gasoline,8,2018,592.52,9.58,0,3.96,453,62.39
194.63,1,2,coupe,automatic,diesel,sedan,manual,hybrid,5,2024,219.42,4.36,0,5,162,66.98
324.57,7,2,suv,automatic,hybrid,van,automatic,gasoline,7,2019,407.12,6.81,0,4.23,130,54.09
204.0,20,3,coupe,any,hybrid,hatchback,automatic,diesel,5,2022,156.35,4.94,0,4.43,286,68.2
353.42,30,2,sedan,any,diesel,hatchback,manual,diesel,5,2023,343.43,6.09,0,4.86,393,75.0
260.14,17,4,sedan,any,hybrid,sedan,automatic,electric,5,2017,267.39,0,464,4.87,363,76.07
534.01,2,1,any,any,gasoline,van,manual,diesel,9,2024,633.79,6.86,0,4.18,660,70.99
473.7,2,4,suv,manual,hybrid,van,automatic,diesel,8,2019,525.88,6.92,0,4.6,147,51.48
1245.63,3,4,suv,automatic,any,van,automatic,electric,9,2024,1041.22,0,310,5,609,80.44
791.0,3,2,suv,automatic,any,suv,manual,gasoline,7,2021,586.65,8.72,0,5,71,70.43
364.68,5,1,sedan,manual,gasoline,sedan,automatic,gasoline,5,2023,415.59,9.72,0,4.95,344,68.89
584.36,2,2,any,manual,any,suv,manual,hybrid,5,2025,463.72,5.84,0,3.94,323,93.21
173.71,8,3,any,any,gasoline,hatchback,manual,gasoline,5,2020,174.13,5.91,0,4.4,462,85.97
155.97,12,6,van,automatic,gasoline,sedan,automatic,diesel,5,2015,231.93,6.2,0,4.68,440,35.82
199.1,22,1,hatchback,automatic,diesel,hatchback,automatic,gasoline,5,2021,163.28,8.96,0,4.5,490,68.28
150,26,3,hatchback,any,gasoline,hatchback,manual,gasoline,5,2024,228.88,8.02,0,3.87,510,67.48
293.41,3,1,sedan,automatic,gasoline,hatchback,automatic,diesel,5,2022,252.0,4.45,0,3.44,182,71.28
308.54,27,1,any,automatic,gasoline,hatchback,automatic,electric,5,2019,262.87,0,340,3.82,30,68.65
388.09,3,3,sedan,any,gasoline,sedan,automatic,diesel,5,2023,358.28,4.34,0,4.89,742,83.5
1199.16,3,1,any,automatic,gasoline,truck,manual,electric,3,2025,942.29,0,419,4.5,406,79.78
379.9,3,1,suv,any,gasoline,sedan,manual,hybrid,5,2022,293.21,3.51,0,4.23,353,74.73
646.2,30,1,any,automatic,hybrid,truck,automatic,gasoline,5,2021,597.26,5.94,0,4.51,118,79.65
735.99,25,2,any,automatic,any,suv,automatic,gasoline,5,2026,701.53,8.47,0,5,194,89.27
690.45,1,1,any,manual,gasoline,suv,manual,diesel,6,2020,495.36,7.14,0,4.64,604,70.05
150,4,5,coupe,automatic,gasoline,hatchback,automatic,electric,5,2024,181.65,0,268,4.39,513,67.57
770.58,12,2,any,any,gasoline,van,automatic,diesel,7,2023,847.94,6.09,0,4.16,398,77.79
295.18,4,1,any,automatic,diesel,sedan,automatic,diesel,5,2016,224.03,4.74,0,4.48,282,83.04
350.67,2,2,hatchback,automatic,any,sedan,manual,hybrid,5,2017,325.91,4.14,0,4.67,750,66.48
454.34,3,5,any,manual,any,suv,automatic,gasoline,7,2021,486.7,6.34,0,4.16,225,73.93
475.31,1,1,any,manual,diesel,sedan,manual,gasoline,5,2023,398.67,6.73,0,3.86,711,73.78
211.4,13,4,sedan,automatic,any,sedan,automatic,gasoline,5,2020,268.67,7.35,0,4.28,938,76.73
390.73,1,1,sedan,any,diesel,hatchback,automatic,gasoline,5,2025,329.57,6.3,0,4.47,443,68.57
530.73,15,3,van,manual,diesel,truck,manual,electric,5,2017,641.12,0,376,4.3,740,59.89
224.13,1,7,van,automatic,gasoline,sedan,manual,gasoline,5,2017,189.94,9.48,0,3.8,453,42.97
737.2,9,6,hatchback,automatic,gasoline,suv,automatic,gasoline,5,2024,682.33,7.01,0,3.57,420,60.03
590.67,3,6,sedan,any,gasoline,sedan,automatic,electric,5,2025,600.76,0,413,3.52,924,66.82
461.75,15,1,any,any,gasoline,suv,manual,gasoline,5,2019,546.34,8.52,0,4.06,173,74.24
150,1,1,sedan,automatic,gasoline,hatchback,manual,diesel,5,2015,179.17,7.14,0,4.56,602,48.96
622.66,3,1,any,any,electric,suv,manual,electric,6,2025,534.67,0,417,4.11,674,95.48
906.4,7,2,hatchback,any,any,coupe,automatic,electric,2,2023,960.65,0,341,3.32,513,76.2
394.63,19,2,sedan,manual,any,suv,automatic,diesel,6,2022,342.07,6.79,0,4.39,379,65.81
507.19,4,3,sedan,any,electric,sedan,automatic,hybrid,5,2016,360.3,4.83,0,3.48,703,72.83
234.76,1,2,truck,automatic,gasoline,suv,automatic,gasoline,5,2021,292.62,9.04,0,4.28,183,63.76
533.05,6,2,any,manual,electric,sedan,manual,gasoline,5,2022,446.66,7.15,0,4.74,399,75.29
348.54,4,2,hatchback,automatic,any,sedan,automatic,diesel,5,2022,330.47,7.29,0,4.79,373,71.03
699.7,15,2,any,automatic,gasoline,suv,automatic,hybrid,6,2025,789.27,5.41,0,4.16,1145,76.82
369.7,4,3,any,manual,any,suv,manual,gasoline,6,2022,305.74,6.99,0,3.72,772,78.89
234.13,5,3,suv,automatic,hybrid,hatchback,automatic,gasoline,5,2022,221.55,9.53,0,3.61,457,63.53
238.56,1,4,any,automatic,any,hatchback,automatic,gasoline,5,2026,185.56,7.76,0,4.56,394,89.23
608.24,5,4,sedan,automatic,any,van,automatic,diesel,7,2024,545.15,6.66,0,4.66,251,76.1
393.91,2,1,coupe,automatic,gasoline,suv,automatic,gasoline,5,2024,557.3,7.33,0,4.26,238,62.7
728.04,4,1,any,any,any,suv,automatic,hybrid,6,2022,683.67,6.03,0,3.6,318,81.81
515.67,25,3,any,automatic,electric,suv,automatic,hybrid,6,2021,565.62,4.43,0,4.26,304,79.59
1157.81,18,2,sedan,automatic,any,coupe,automatic,hybrid,3,2019,896.37,3.58,0,4.72,33,76.46
987.71,8,1,coupe,manual,diesel,van,automatic,electric,9,2024,740.61,0,361,4.35,683,62.62
239.74,2,1,coupe,any,hybrid,suv,automatic,gasoline,7,2016,265.3,6.86,0,3.62,507,57.82
169.28,1,5,any,any,diesel,hatchback,automatic,hybrid,5,2026,254.0,5.95,0,3.92,619,71.24
733.02,1,3,coupe,any,gasoline,truck,automatic,gasoline,4,2021,639.59,6.53,0,4.89,611,76.98
307.69,1,1,truck,automatic,any,hatchback,automatic,hybrid,5,2020,297.46,5.19,0,4.35,384,74.38
248.94,7,1,hatchback,automatic,electric,sedan,automatic,electric,5,2016,266.23,0,445,4.29,383,70.62
425.99,1,6,suv,manual,any,sedan,automatic,gasoline,5,2019,337.18,6.31,0,4.26,503,46.39
376.22,9,3,suv,any,gasoline,sedan,automatic,gasoline,5,2017,404.67,5.71,0,4.21,647,69.94
779.12,3,3,sedan,manual,gasoline,truck,manual,gasoline,4,2021,619.82,9.35,0,4.11,331,65.29
351.53,1,9,any,automatic,hybrid,sedan,automatic,diesel,5,2023,402.05,5.54,0,4.11,595,61.95
484.28,2,6,suv,any,gasoline,sedan,manual,gasoline,5,2021,359.89,7.7,0,4.62,437,56.59
150,8,2,any,automatic,hybrid,hatchback,automatic,diesel,5,2019,183.21,6.06,0,3.91,1023,68.38
790.79,7,1,any,manual,gasoline,van,automatic,diesel,9,2022,669.43,4.87,0,4.24,709,74.48
229.56,1,5,suv,any,diesel,hatchback,automatic,gasoline,5,2024,235.47,9.71,0,3.98,482,62.3
585.8,2,4,suv,automatic,any,van,manual,gasoline,9,2020,528.83,6.82,0,3.68,258,62.56
713.05,20,4,suv,manual,gasoline,sedan,automatic,diesel,5,2023,501.81,5.7,0,4.15,466,64.2
318.37,4,2,sedan,automatic,gasoline,hatchback,manual,hybrid,5,2023,235.4,5.82,0,5,576,66.14
406.45,2,6,any,any,any,hatchback,automatic,gasoline,5,2021,368.19,5.59,0,3.91,656,68.5
468.12,4,3,hatchback,any,any,sedan,automatic,gasoline,5,2023,468.83,8.0,0,4.4,143,72.8
396.48,1,4,any,automatic,diesel,sedan,manual,gasoline,5,2025,453.54,9.59,0,3.33,326,62.84
806.05,5,2,sedan,automatic,any,suv,automatic,hybrid,6,2024,625.84,5.97,0,4.24,817,78.14
476.74,1,2,suv,any,electric,hatchback,automatic,diesel,5,2021,351.55,4.53,0,4.41,851,66.16
297.28,6,3,any,any,electric,hatchback,automatic,gasoline,5,2025,266.94,5.56,0,4.16,689,85.01
333.84,5,2,suv,any,diesel,sedan,automatic,diesel,5,2024,380.8,7.09,0,4.8,818,74.11
498.67,3,1,sedan,manual,gasoline,sedan,automatic,gasoline,5,2025,387.37,9.26,0,4.67,423,75.23
520.52,8,5,suv,automatic,diesel,sedan,manual,hybrid,5,2021,470.72,5.25,0,4.62,658,60.52
226.13,3,2,suv,manual,gasoline,sedan,manual,gasoline,5,2019,281.74,9.6,0,4.38,147,61.53
544.15,6,1,suv,manual,diesel,suv,manual,gasoline,7,2025,412.33,9.58,0,3.7,603,76.48
269.0,1,1,any,any,gasoline,sedan,manual,diesel,5,2024,260.63,6.78,0,4.35,637,80.79
189.68,1,1,any,automatic,gasoline,hatchback,manual,diesel,5,2024,209.43,4.8,0,4.76,360,70.94
725.05,1,2,coupe,automatic,hybrid,suv,automatic,gasoline,5,2022,624.41,6.58,0,3.17,223,62.82
502.98,1,4,sedan,any,diesel,sedan,manual,diesel,5,2021,363.38,5.17,0,3.89,296,86.75
527.51,5,8,van,any,diesel,suv,automatic,gasoline,6,2020,524.55,9.77,0,3.81,121,42.05
629.12,2,3,any,automatic,gasoline,suv,automatic,gasoline,6,2023,684.57,7.64,0,4.35,445,83.87
333.41,3,2,sedan,automatic,gasoline,truck,automatic,gasoline,3,2021,334.98,7.51,0,4.56,736,73.69
237.68,5,3,sedan,manual,any,sedan,manual,diesel,5,2020,212.17,6.22,0,4.47,436,83.86
525.71,2,8,suv,automatic,gasoline,truck,manual,diesel,3,2017,413.08,5.37,0,4.34,939,41.09
295.29,2,1,any,automatic,any,sedan,manual,diesel,5,2022,355.78,7.23,0,3.32,247,67.7
529.8,3,2,any,manual,diesel,truck,automatic,hybrid,5,2019,501.15,5.95,0,4.61,422,66.81
232.3,24,4,hatchback,automatic,gasoline,hatchback,automatic,gasoline,5,2023,201.61,6.84,0,4.6,415,89.21
430.96,1,2,van,manual,any,sedan,manual,gasoline,5,2023,426.24,7.06,0,3.87,167,76.01
616.46,2,1,coupe,automatic,gasoline,truck,manual,gasoline,4,2020,506.93,8.08,0,4.93,537,65.63
831.51,9,8,any,automatic,gasoline,coupe,automatic,diesel,3,2023,673.19,6.56,0,5,466,65.52
524.29,1,3,any,manual,gasoline,suv,automatic,gasoline,6,2024,622.2,9.1,0,4.07,245,70.43
1025.22,1,3,sedan,any,any,coupe,automatic,hybrid,4,2026,837.33,4.14,0,3.73,675,85.8
803.5,9,3,suv,automatic,any,van,manual,diesel,9,2025,616.53,7.26,0,3.76,226,69.89
354.09,3,2,any,any,any,hatchback,automatic,hybrid,5,2024,263.7,4.06,0,4.14,169,88.69
328.64,3,1,coupe,manual,any,hatchback,manual,gasoline,5,2026,314.48,8.38,0,4.44,608,78.67
194.82,4,4,suv,any,any,sedan,automatic,diesel,5,2021,251.45,6.52,0,3.61,161,63.88
337.44,2,2,van,automatic,any,sedan,automatic,hybrid,5,2022,249.37,3.81,0,4.25,321,78.46
361.66,2,2,any,any,diesel,van,automatic,gasoline,9,2023,451.22,8.7,0,3.99,175,64.89
389.64,1,3,coupe,manual,diesel,sedan,automatic,electric,5,2021,402.87,0,281,4.59,909,57.1
565.62,6,2,any,manual,any,suv,manual,hybrid,5,2024,754.7,5.61,0,4.92,673,81.76
642.09,21,1,suv,automatic,hybrid,suv,manual,diesel,6,2022,691.09,5.46,0,4.81,490,73.93
1111.57,1,1,suv,manual,any,van,automatic,gasoline,8,2023,798.96,9.56,0,3.51,371,62.58
775.54,1,4,suv,manual,hybrid,van,automatic,hybrid,7,2026,833.68,5.37,0,3.61,535,74.56
262.77,1,3,hatchback,any,any,sedan,manual,gasoline,5,2024,318.81,6.03,0,3.61,245,73.39
207.99,7,3,suv,automatic,gasoline,hatchback,automatic,gasoline,5,2025,238.83,8.42,0,4.44,448,72.84
265.45,1,3,any,any,gasoline,hatchback,automatic,diesel,5,2021,366.5,4.66,0,4.47,162,68.01
957.29,2,3,any,automatic,any,van,automatic,gasoline,9,2023,839.14,8.73,0,4.51,682,82.39
825.03,1,1,any,automatic,gasoline,suv,manual,hybrid,5,2021,743.78,4.46,0,3.6,798,70.08
839.75,1,4,sedan,automatic,electric,suv,automatic,diesel,7,2023,667.24,4.55,0,3.54,254,72.15
329.22,2,4,van,manual,electric,sedan,automatic,diesel,5,2026,288.5,7.17,0,5,200,61.37
545.84,26,5,van,automatic,any,suv,manual,electric,6,2021,406.28,0,331,3.73,528,66.8
770.66,1,5,suv,automatic,diesel,truck,manual,gasoline,4,2024,856.05,5.81,0,4.12,702,45.72
437.44,17,3,sedan,any,any,hatchback,automatic,gasoline,5,2023,353.63,9.64,0,3.58,824,73.63
291.98,1,3,any,manual,gasoline,suv,automatic,gasoline,7,2018,298.64,8.84,0,3.98,123,64.57
240.83,2,2,hatchback,automatic,electric,hatchback,automatic,gasoline,5,2025,338.51,7.41,0,4.26,712,69.04
442.65,2,3,any,automatic,diesel,sedan,automatic,gasoline,5,2024,436.97,9.05,0,3.28,89,75.74
434.44,1,6,hatchback,automatic,any,hatchback,automatic,gasoline,5,2021,356.57,9.29,0,4.27,274,61.93
390.64,18,4,hatchback,automatic,gasoline,suv,manual,gasoline,6,2025,367.91,6.96,0,3.79,601,72.97
546.41,27,5,truck,automatic,gasoline,van,automatic,electric,9,2024,726.93,0,305,3.88,721,60.65
317.85,29,1,suv,any,hybrid,sedan,manual,gasoline,5,2026,301.8,9.23,0,4.52,807,67.33
770.52,9,2,sedan,automatic,gasoline,suv,manual,diesel,5,2024,719.63,5.84,0,4.43,290,60.92
957.22,1,3,suv,any,diesel,van,automatic,diesel,8,2025,735.71,6.43,0,3.41,181,79.83
388.36,4,2,sedan,any,diesel,hatchback,automatic,hybrid,5,2025,323.75,4.39,0,4.01,123,73.75
461.0,2,3,hatchback,manual,any,sedan,automatic,gasoline,5,2021,386.71,8.14,0,3.93,362,64.14
619.98,2,2,suv,any,any,suv,manual,diesel,6,2026,540.82,7.25,0,4.44,75,91.24
208.89,3,1,hatchback,automatic,gasoline,hatchback,manual,gasoline,5,2019,208.43,9.41,0,4.38,540,67.5
308.59,2,2,sedan,automatic,gasoline,hatchback,automatic,hybrid,5,2023,371.51,5.35,0,3.53,700,65.45
167.58,12,4,any,any,any,sedan,automatic,hybrid,5,2022,230.34,5.68,0,3.95,604,73.44
1073.1,10,2,truck,any,diesel,coupe,automatic,gasoline,3,2025,840.27,8.55,0,3.66,257,69.23
207.07,25,3,any,manual,hybrid,hatchback,automatic,hybrid,5,2021,245.23,4.99,0,4.55,342,73.65
297.05,2,3,any,manual,hybrid,hatchback,automatic,gasoline,5,2023,326.45,7.47,0,4.59,323,68.93
1040.1,2,2,van,automatic,electric,van,automatic,gasoline,8,2023,866.44,6.06,0,4.82,152,82.4
541.65,30,6,sedan,any,gasoline,sedan,manual,gasoline,5,2023,435.93,8.87,0,5,590,65.68
150,15,3,any,any,any,hatchback,automatic,diesel,5,2017,150,4.31,0,5,226,83.05
249.03,27,4,coupe,manual,any,hatchback,automatic,gasoline,5,2017,302.86,8.05,0,4.16,387,54.18
282.54,2,4,hatchback,automatic,gasoline,hatchback,automatic,gasoline,5,2024,186.0,9.49,0,4.61,338,81.48
583.95,1,2,suv,automatic,gasoline,van,automatic,gasoline,8,2023,538.74,8.51,0,4.7,195,69.38
359.92,4,2,suv,any,diesel,hatchback,automatic,electric,5,2022,320.96,0,396,4.25,802,67.37
304.38,2,1,any,automatic,gasoline,sedan,automatic,gasoline,5,2021,285.85,9.57,0,4.33,292,76.59
535.83,1,3,suv,any,any,sedan,automatic,hybrid,5,2022,446.66,4.18,0,4.32,470,81.81
487.82,20,1,any,any,any,hatchback,automatic,hybrid,5,2019,361.61,5.51,0,4.44,418,85.54
275.06,2,4,any,automatic,electric,hatchback,automatic,electric,5,2022,397.19,0,389,4.12,457,75.31
435.25,1,4,suv,manual,gasoline,suv,automatic,gasoline,6,2022,408.6,5.5,0,4.99,680,82.49
673.37,5,3,suv,automatic,gasoline,suv,manual,gasoline,5,2026,574.76,9.09,0,4.2,214,73.82
602.9,2,4,sedan,any,any,van,manual,electric,9,2023,656.91,0,378,4.21,989,73.29
334.1,2,4,suv,any,diesel,hatchback,automatic,diesel,5,2021,324.12,6.41,0,5,998,73.01
251.92,5,1,hatchback,any,diesel,hatchback,automatic,diesel,5,2020,239.71,5.7,0,3.55,519,78.8
874.9,8,2,sedan,automatic,gasoline,coupe,automatic,gasoline,4,2016,631.44,8.38,0,4.52,300,62.97
561.6,1,1,van,any,electric,suv,automatic,electric,6,2025,708.31,0,300,4.14,720,76.59
206.02,2,2,any,any,hybrid,hatchback,manual,gasoline,5,2018,296.7,8.1,0,3.41,569,55.48
188.26,1,2,suv,automatic,gasoline,sedan,manual,hybrid,5,2025,268.67,5.03,0,3.71,706,58.12
671.25,1,1,sedan,manual,hybrid,truck,manual,hybrid,4,2020,627.15,5.37,0,4.75,412,77.08
280.15,1,7,hatchback,any,gasoline,hatchback,automatic,gasoline,5,2023,338.66,7.57,0,4.68,823,67.1
656.37,3,2,suv,automatic,diesel,suv,automatic,electric,7,2025,481.45,0,385,4.65,145,82.66
495.73,1,1,any,any,diesel,sedan,automatic,gasoline,5,2024,465.28,8.03,0,4.0,46,73.57
282.5,4,2,truck,manual,diesel,hatchback,automatic,diesel,5,2024,223.83,5.58,0,4.48,53,71.38
273.29,2,2,suv,automatic,hybrid,hatchback,automatic,hybrid,5,2024,201.66,4.46,0,3.52,141,82.86
251.46,8,1,suv,any,gasoline,hatchback,automatic,hybrid,5,2016,310.26,3.48,0,4.82,430,63.24
716.45,4,1,any,manual,diesel,sedan,automatic,electric,5,2023,504.03,0,243,4.52,635,69.99
163.1,1,5,sedan,automatic,hybrid,hatchback,automatic,gasoline,5,2022,150,6.3,0,4.2,597,66.11
783.51,2,1,sedan,any,gasoline,suv,automatic,gasoline,7,2026,593.81,6.24,0,4.55,648,81.25
150,2,5,any,automatic,gasoline,hatchback,automatic,gasoline,5,2021,225.52,8.11,0,4.23,39,68.67
284.69,1,1,sedan,any,electric,hatchback,automatic,gasoline,5,2023,204.08,9.1,0,4.74,193,64.85
256.82,1,4,coupe,any,gasoline,hatchback,manual,electric,5,2020,248.2,0,460,3.93,147,67.3
398.01,3,7,any,automatic,diesel,truck,manual,gasoline,3,2026,470.13,7.43,0,4.29,449,50.51
617.71,16,1,any,automatic,any,truck,automatic,diesel,2,2022,481.93,6.5,0,4.69,303,88.31
150,4,2,sedan,automatic,gasoline,hatchback,manual,diesel,5,2018,176.25,7.23,0,4.9,555,50.42
169.66,1,4,hatchback,automatic,any,hatchback,automatic,hybrid,5,2024,238.68,3.65,0,4.58,471,80.84
399.35,22,1,hatchback,automatic,any,hatchback,manual,electric,5,2020,311.66,0,318,3.58,301,76.49
592.3,10,3,hatchback,any,gasoline,suv,automatic,electric,6,2024,815.0,0,436,4.61,157,63.73
603.81,1,2,suv,manual,any,truck,manual,hybrid,2,2022,584.94,4.83,0,2.81,1076,78.29
576.78,7,1,hatchback,automatic,diesel,suv,automatic,gasoline,5,2021,539.89,5.75,0,4.03,321,63.12
373.6,3,3,any,automatic,gasoline,sedan,automatic,gasoline,5,2023,308.16,7.07,0,4.41,535,88.18
815.46,12,3,van,automatic,any,suv,manual,diesel,6,2021,661.35,5.93,0,4.8,870,67.83
723.31,4,4,sedan,any,gasoline,van,automatic,gasoline,7,2021,765.4,8.52,0,4.01,203,64.62
585.27,4,9,hatchback,manual,gasoline,coupe,manual,gasoline,2,2019,646.08,6.38,0,4.34,588,51.61
477.28,3,3,any,automatic,any,van,manual,electric,9,2021,538.69,0,352,4.21,116,78.11
834.08,25,1,hatchback,manual,diesel,coupe,manual,diesel,4,2018,740.25,6.09,0,4.65,209,72.73
743.06,4,3,truck,manual,any,van,automatic,gasoline,8,2016,618.17,8.22,0,4.01,312,59.31
342.2,9,3,suv,any,gasoline,hatchback,automatic,hybrid,5,2026,277.37,4.28,0,4.67,271,79.04
621.03,1,1,sedan,automatic,diesel,van,automatic,diesel,9,2017,575.7,6.7,0,3.6,247,69.13
267.33,2,1,any,automatic,hybrid,hatchback,automatic,electric,5,2022,299.47,0,276,4.91,578,72.95
731.38,4,1,hatchback,any,gasoline,suv,manual,hybrid,7,2023,632.77,4.5,0,4.37,412,75.59
242.07,3,3,sedan,any,diesel,sedan,manual,gasoline,5,2020,252.67,8.33,0,4.19,378,67.9
617.19,2,1,hatchback,manual,electric,suv,manual,electric,7,2025,584.09,0,233,4.21,703,75.26
726.75,1,4,sedan,any,gasoline,truck,automatic,gasoline,4,2021,655.35,7.41,0,3.67,205,73.79
437.42,24,5,van,manual,any,hatchback,automatic,hybrid,5,2021,363.31,4.03,0,4.33,428,73.01
590.26,1,3,sedan,any,any,suv,automatic,diesel,5,2024,451.94,5.04,0,4.43,181,78.2
210.95,6,5,sedan,any,hybrid,hatchback,automatic,electric,5,2019,217.1,0,429,5,604,64.06
305.02,3,2,any,automatic,gasoline,hatchback,automatic,gasoline,5,2025,300.7,7.75,0,3.86,357,84.02
167.14,22,2,sedan,any,gasoline,hatchback,automatic,gasoline,5,2017,150,8.91,0,4.1,1098,66.89
335.06,3,5,hatchback,automatic,any,hatchback,automatic,electric,5,2023,384.29,0,289,4.17,170,81.85
860.38,4,5,any,automatic,any,coupe,automatic,gasoline,2,2025,945.65,7.02,0,4.74,616,69.91
733.19,1,3,any,automatic,any,suv,automatic,electric,6,2022,621.35,0,334,4.06,407,87.45
434.08,7,1,any,any,electric,sedan,manual,electric,5,2023,434.25,0,322,4.41,1056,85.61
475.77,3,1,suv,any,any,hatchback,manual,hybrid,5,2023,389.16,4.77,0,3.69,336,75.26
953.52,10,1,van,automatic,hybrid,suv,manual,electric,5,2025,886.04,0,356,4.26,736,66.49
772.05,16,1,van,any,diesel,van,automatic,gasoline,7,2022,794.49,8.85,0,4.79,831,74.99
614.13,1,1,suv,any,gasoline,coupe,automatic,diesel,4,2019,579.31,5.54,0,4.3,346,65.77
405.84,20,2,hatchback,manual,electric,van,automatic,gasoline,8,2015,437.52,9.68,0,3.94,296,45.61
446.75,1,6,any,any,any,sedan,manual,diesel,5,2023,459.39,7.24,0,4.03,829,67.82
735.2,2,4,coupe,manual,any,suv,manual,hybrid,7,2023,799.62,3.76,0,4.81,333,82.17
288.38,4,1,any,any,gasoline,sedan,automatic,gasoline,5,2019,229.48,9.74,0,5,494,73.41
374.99,1,8,any,any,diesel,sedan,automatic,gasoline,5,2021,456.42,6.44,0,4.4,134,54.58
532.35,1,9,any,manual,hybrid,suv,automatic,diesel,5,2025,410.18,7.21,0,4.11,184,59.95
218.0,1,1,sedan,any,any,hatchback,automatic,gasoline,5,2023,182.94,6.36,0,4.15,156,74.98
496.91,1,5,hatchback,automatic,diesel,suv,automatic,gasoline,6,2025,459.79,7.7,0,3.46,243,69.76
174.14,6,1,coupe,any,gasoline,hatchback,manual,gasoline,5,2025,260.48,8.28,0,4.03,371,65.14
419.91,3,1,any,automatic,diesel,suv,automatic,gasoline,5,2015,533.51,8.92,0,4.5,344,56.75
857.32,5,3,any,automatic,gasoline,van,automatic,gasoline,8,2021,652.89,7.17,0,4.35,185,79.06
320.76,1,3,sedan,any,gasoline,hatchback,automatic,gasoline,5,2026,355.67,5.87,0,3.77,317,79.74
409.54,2,1,hatchback,manual,any,suv,manual,hybrid,5,2026,397.24,3.46,0,3.84,498,84.33
704.58,4,1,any,automatic,gasoline,coupe,automatic,diesel,4,2026,449.81,6.79,0,4.15,240,82.48
222.5,26,2,truck,manual,electric,sedan,automatic,gasoline,5,2021,212.64,8.24,0,4.45,541,57.27
277.94,8,2,sedan,automatic,any,sedan,automatic,gasoline,5,2019,261.19,7.72,0,4.35,266,78.57
547.67,2,1,hatchback,automatic,gasoline,suv,automatic,diesel,5,2026,498.35,5.97,0,4.02,581,73.25
765.87,4,2,any,automatic,diesel,van,automatic,diesel,9,2020,611.93,6.39,0,4.59,172,83.67
421.73,4,5,suv,automatic,gasoline,sedan,automatic,gasoline,5,2023,399.44,7.76,0,5,716,77.09
525.64,9,2,sedan,automatic,any,truck,automatic,gasoline,3,2019,563.71,6.44,0,4.69,398,70.35
758.48,2,1,sedan,manual,diesel,suv,automatic,hybrid,7,2020,687.42,3.52,0,3.38,217,61.33
503.19,25,1,any,automatic,gasoline,suv,automatic,hybrid,5,2023,384.83,4.27,0,3.62,943,79.64
407.14,1,3,suv,any,gasoline,sedan,automatic,electric,5,2025,293.56,0,271,4.34,238,72.83
240.48,2,3,hatchback,manual,gasoline,sedan,manual,diesel,5,2024,299.65,6.11,0,4.12,495,62.37
221.11,4,3,hatchback,automatic,diesel,sedan,automatic,gasoline,5,2023,201.89,8.08,0,3.9,247,65.8
471.94,22,7,hatchback,automatic,hybrid,sedan,manual,hybrid,5,2024,471.66,5.5,0,4.59,781,56.39
585.87,3,2,van,automatic,gasoline,suv,manual,hybrid,6,2020,531.79,4.46,0,4.63,455,59.52
209.81,14,1,suv,automatic,any,hatchback,automatic,electric,5,2022,239.62,0,472,4.22,150,75.3
296.98,21,1,any,manual,gasoline,hatchback,automatic,gasoline,5,2026,314.73,8.82,0,4.22,1126,77.11
306.45,20,5,coupe,automatic,gasoline,sedan,automatic,hybrid,5,2017,369.51,4.09,0,3.39,555,61.37
833.32,4,4,suv,manual,electric,truck,automatic,hybrid,5,2023,636.96,3.84,0,4.35,697,63.89
245.13,12,5,suv,any,gasoline,hatchback,manual,gasoline,5,2015,213.14,9.23,0,4.56,611,64.23
729.36,2,3,sedan,automatic,any,coupe,automatic,hybrid,3,2025,661.11,5.16,0,4.52,508,78.96
294.56,1,1,suv,automatic,gasoline,hatchback,manual,hybrid,5,2020,261.75,5.73,0,3.88,529,56.68
764.16,25,4,hatchback,any,any,van,manual,hybrid,8,2022,678.47,4.61,0,4.23,492,79.24
835.25,15,3,hatchback,automatic,gasoline,suv,automatic,electric,6,2023,648.13,0,344,4.17,239,70.3
932.03,3,6,sedan,any,gasoline,van,automatic,gasoline,8,2020,793.06,6.74,0,4.55,594,71.55
414.95,28,1,hatchback,any,electric,hatchback,automatic,gasoline,5,2023,300.17,9.18,0,4.81,173,73.59
596.16,26,3,any,manual,gasoline,truck,manual,gasoline,2,2024,540.04,8.2,0,3.44,47,65.36
337.61,11,3,any,any,gasoline,hatchback,automatic,diesel,5,2024,294.63,6.18,0,4.71,618,80.32
200.97,2,1,van,automatic,hybrid,hatchback,automatic,diesel,5,2025,219.65,5.54,0,4.15,225,68.73
532.73,6,5,suv,automatic,hybrid,hatchback,automatic,diesel,5,2026,414.87,5.22,0,4.24,61,75.82
283.78,4,2,van,any,gasoline,sedan,automatic,diesel,5,2023,274.78,6.3,0,3.48,649,68.06
302.07,2,3,van,any,gasoline,hatchback,automatic,hybrid,5,2024,352.66,4.53,0,3.71,441,68.71
282.86,2,5,sedan,automatic,gasoline,sedan,automatic,diesel,5,2021,278.29,5.24,0,3.97,784,78.39
286.55,2,1,truck,automatic,hybrid,sedan,automatic,gasoline,5,2024,244.73,7.24,0,4.85,675,66.69
1146.98,17,2,truck,manual,any,coupe,automatic,diesel,2,2024,1043.39,5.26,0,4.47,690,72.46
339.76,6,2,suv,any,gasoline,hatchback,automatic,electric,5,2023,403.08,0,324,4.59,484,62.22
508.19,2,1,any,automatic,gasoline,suv,manual,diesel,7,2021,462.45,5.67,0,4.3,211,72.99
160.68,5,2,suv,any,gasoline,hatchback,manual,diesel,5,2023,166.39,4.95,0,4.29,941,70.15
521.78,1,1,sedan,manual,any,sedan,manual,electric,5,2022,417.87,0,305,4.02,1060,85.21
388.61,1,1,any,manual,any,sedan,automatic,diesel,5,2020,436.21,4.55,0,3.77,810,75.79
438.29,2,8,any,manual,any,van,automatic,gasoline,9,2023,461.86,7.35,0,4.45,247,79.86
561.27,7,2,any,any,any,sedan,automatic,gasoline,5,2025,427.09,5.86,0,4.28,492,88.29
526.01,5,5,any,any,gasoline,suv,automatic,hybrid,5,2023,405.01,5.05,0,3.46,225,78.08
380.42,15,1,suv,any,diesel,truck,manual,gasoline,4,2020,338.7,6.22,0,4.31,307,67.1
608.24,3,2,any,manual,any,suv,manual,hybrid,5,2019,654.22,5.68,0,4.33,443,79.96
536.88,7,1,suv,automatic,hybrid,hatchback,automatic,hybrid,5,2024,368.4,5.03,0,4.96,570,85.12
341.47,1,3,any,any,diesel,sedan,automatic,diesel,5,2021,318.31,5.65,0,5,237,88.11
369.9,2,3,any,automatic,any,sedan,automatic,diesel,5,2021,456.58,5.39,0,3.84,940,81.77
269.05,6,4,sedan,automatic,any,hatchback,manual,gasoline,5,2020,215.99,9.5,0,4.45,191,58.3
537.67,1,3,hatchback,automatic,diesel,suv,manual,gasoline,6,2018,394.27,9.08,0,4.74,335,50.07
980.33,3,1,suv,manual,diesel,coupe,manual,hybrid,4,2023,966.08,3.82,0,3.38,633,70.7
363.36,1,2,suv,manual,diesel,sedan,automatic,gasoline,5,2020,380.85,9.71,0,4.92,334,52.06
357.24,4,1,coupe,manual,electric,van,manual,gasoline,7,2021,429.34,8.86,0,4.07,514,56.84
705.04,3,2,hatchback,manual,electric,truck,manual,gasoline,3,2020,503.35,6.71,0,3.94,230,65.65
345.05,9,2,any,any,gasoline,sedan,automatic,gasoline,5,2023,356.47,9.14,0,3.38,295,76.82
224.64,3,5,van,automatic,diesel,hatchback,automatic,gasoline,5,2023,179.16,6.58,0,4.61,896,67.71
364.58,26,1,suv,any,any,van,automatic,diesel,7,2023,486.68,5.72,0,4.17,351,67.64
724.51,2,3,van,automatic,diesel,suv,manual,diesel,7,2022,576.55,6.61,0,4.5,622,70.63
327.35,3,2,van,automatic,gasoline,hatchback,automatic,gasoline,5,2024,366.52,9.38,0,4.69,457,67.17
187.55,3,4,sedan,automatic,electric,hatchback,automatic,gasoline,5,2018,201.07,6.41,0,4.28,356,61.58
319.86,1,4,sedan,automatic,any,hatchback,manual,hybrid,5,2024,273.84,5.91,0,4.63,326,74.76
414.26,4,2,suv,automatic,diesel,sedan,automatic,hybrid,5,2024,420.91,5.74,0,4.13,631,70.98
336.4,23,4,suv,any,any,hatchback,automatic,diesel,5,2019,299.49,5.23,0,3.88,457,74.54
444.96,1,1,van,automatic,electric,hatchback,automatic,hybrid,5,2025,315.83,5.07,0,3.83,415,71.29
518.33,2,2,suv,automatic,diesel,truck,automatic,gasoline,4,2025,455.93,6.86,0,4.19,191,72.13
224.48,1,1,hatchback,any,diesel,sedan,manual,diesel,5,2022,232.05,4.8,0,3.86,700,79.01
358.27,4,1,sedan,automatic,gasoline,sedan,automatic,gasoline,5,2021,406.7,7.95,0,4.43,211,77.63
457.51,29,3,any,automatic,gasoline,sedan,manual,electric,5,2024,399.57,0,496,4.72,104,77.41
359.58,4,6,sedan,automatic,any,sedan,manual,diesel,5,2026,414.09,5.62,0,4.9,133,67.93
227.84,3,6,suv,manual,gasoline,hatchback,automatic,diesel,5,2024,249.3,5.82,0,3.66,683,44.52
614.33,12,3,any,automatic,electric,suv,automatic,hybrid,7,2022,562.08,3.97,0,4.69,215,81.06
241.57,4,5,sedan,any,diesel,sedan,automatic,gasoline,5,2025,237.68,5.72,0,4.25,342,86.45
830.71,2,1,hatchback,automatic,hybrid,suv,automatic,hybrid,5,2026,798.34,4.04,0,3.67,861,79.22
557.59,5,6,sedan,manual,any,truck,manual,hybrid,3,2017,423.17,5.89,0,3.96,125,54.24
252.16,1,5,hatchback,any,any,hatchback,automatic,diesel,5,2015,195.17,4.58,0,3.55,1104,78.31
677.07,4,3,sedan,manual,gasoline,coupe,manual,hybrid,4,2025,771.98,5.62,0,4.17,132,70.05
1215.67,8,4,suv,automatic,gasoline,coupe,automatic,hybrid,3,2023,964.75,4.02,0,4.46,451,60.01
240.75,11,4,sedan,any,gasoline,hatchback,manual,gasoline,5,2017,251.26,9.31,0,4.46,174,64.74
609.68,1,3,sedan,any,any,suv,manual,gasoline,6,2021,476.19,8.81,0,5,413,71.8
678.51,1,1,suv,automatic,any,van,automatic,gasoline,9,2020,770.57,7.66,0,4.41,221,66.59
566.82,3,1,sedan,automatic,any,suv,automatic,gasoline,5,2024,495.59,8.98,0,4.35,636,73.21
246.94,2,1,any,automatic,electric,hatchback,manual,hybrid,5,2022,262.59,5.81,0,4.2,915,71.49
167.13,5,4,sedan,manual,diesel,hatchback,automatic,gasoline,5,2024,150,8.4,0,4.89,147,60.8
218.27,9,3,coupe,any,diesel,sedan,manual,gasoline,5,2024,241.37,7.5,0,4.96,251,66.91
710.17,4,2,suv,automatic,diesel,van,automatic,gasoline,8,2024,562.3,6.33,0,3.83,395,71.93
569.54,3,9,sedan,manual,gasoline,coupe,automatic,gasoline,4,2022,673.46,9.66,0,4.53,894,43.34
541.57,7,1,coupe,any,diesel,coupe,automatic,hybrid,2,2020,530.29,5.41,0,4.89,377,78.89
358.61,4,2,hatchback,manual,gasoline,hatchback,automatic,diesel,5,2025,258.45,4.72,0,4.39,212,77.9
427.45,7,1,suv,automatic,any,suv,manual,gasoline,5,2025,431.87,5.99,0,3.56,132,80.87
329.83,1,1,any,automatic,diesel,sedan,manual,gasoline,5,2026,279.2,5.89,0,3.63,47,74.08
313.89,2,5,sedan,automatic,gasoline,sedan,manual,gasoline,5,2022,222.17,8.17,0,4.77,423,74.11
314.96,4,2,any,manual,diesel,hatchback,automatic,hybrid,5,2021,290.47,3.85,0,3.87,239,70.97
404.72,1,3,sedan,automatic,electric,sedan,manual,gasoline,5,2024,285.33,5.59,0,4.02,250,75.03
515.51,2,3,any,any,hybrid,suv,automatic,diesel,6,2025,422.83,7.29,0,4.95,251,80.41
579.7,6,6,any,any,gasoline,sedan,automatic,hybrid,5,2022,473.42,4.01,0,4.77,650,66.57
446.88,3,2,any,automatic,gasoline,hatchback,automatic,electric,5,2021,292.92,0,438,3.63,894,79.96
611.43,27,4,any,automatic,diesel,van,automatic,gasoline,9,2026,839.24,7.19,0,4.86,671,69.95
751.45,6,3,sedan,manual,any,van,automatic,gasoline,9,2022,758.25,7.9,0,3.7,245,61.37
545.08,13,1,hatchback,automatic,any,suv,manual,diesel,7,2019,508.49,6.17,0,3.69,973,64.88
603.51,4,9,sedan,any,diesel,suv,manual,diesel,7,2020,554.03,6.44,0,4.18,113,56.63
670.19,2,2,suv,automatic,electric,suv,automatic,gasoline,5,2024,644.58,7.63,0,4.8,145,81.27
364.48,8,3,hatchback,automatic,gasoline,hatchback,manual,gasoline,5,2022,275.46,6.46,0,4.55,435,80.9
226.57,3,1,any,any,diesel,hatchback,manual,gasoline,5,2021,178.01,7.82,0,4.39,19,68.57
276.77,5,7,sedan,manual,electric,hatchback,automatic,diesel,5,2023,308.1,6.82,0,4.14,223,44.59
520.66,2,1,suv,automatic,hybrid,sedan,manual,gasoline,5,2021,449.69,5.69,0,2.98,856,57.67
362.14,7,6,any,automatic,diesel,sedan,automatic,gasoline,5,2025,351.04,5.82,0,4.48,737,66.54
275.44,29,1,van,any,any,hatchback,automatic,diesel,5,2018,269.45,5.22,0,3.28,246,73.3
643.48,7,6,any,any,gasoline,van,automatic,electric,9,2024,597.2,0,467,4.4,360,81.31
446.45,1,1,van,manual,any,suv,manual,gasoline,6,2026,496.55,8.86,0,4.48,345,69.75
1065.8,28,2,any,manual,gasoline,coupe,automatic,diesel,3,2024,999.23,4.65,0,3.28,328,73.32
814.8,1,6,hatchback,any,hybrid,van,manual,gasoline,9,2016,639.82,8.82,0,4.74,889,56.11
207.31,1,2,any,manual,gasoline,hatchback,manual,gasoline,5,2023,170.57,8.81,0,3.86,426,81.42
774.0,1,1,suv,any,electric,van,automatic,hybrid,7,2024,800.47,3.42,0,4.27,1015,70.8
362.69,4,1,suv,any,any,sedan,automatic,gasoline,5,2024,441.74,8.25,0,4.6,425,70.01
328.61,27,3,sedan,automatic,any,hatchback,automatic,diesel,5,2023,300.63,5.51,0,4.4,230,80.02
765.87,13,4,suv,automatic,gasoline,coupe,manual,gasoline,3,2025,572.72,8.39,0,4.26,334,52.28
498.11,12,7,coupe,automatic,any,sedan,automatic,gasoline,5,2022,441.73,8.33,0,4.14,667,54.67
707.52,1,1,van,manual,any,suv,automatic,gasoline,7,2026,774.77,5.74,0,5,156,71.98
393.13,1,3,any,manual,any,coupe,manual,gasoline,3,2019,378.18,9.47,0,4.3,546,73.07
899.35,3,1,hatchback,manual,any,van,automatic,gasoline,9,2025,716.76,6.74,0,4.81,499,74.12
320.65,25,1,hatchback,any,hybrid,hatchback,manual,diesel,5,2024,247.18,6.73,0,5,521,78.63
312.69,22,3,any,manual,any,hatchback,manual,gasoline,5,2022,218.48,5.77,0,5,251,85.72
401.07,2,6,coupe,manual,gasoline,suv,manual,diesel,6,2016,336.84,5.65,0,4.54,483,62.34
337.61,4,2,sedan,automatic,any,suv,automatic,gasoline,7,2019,396.31,5.94,0,4.73,239,65.24
752.3,4,4,hatchback,automatic,gasoline,van,automatic,diesel,8,2026,871.01,4.84,0,4.75,786,71.37
416.94,1,2,sedan,automatic,hybrid,hatchback,automatic,hybrid,5,2023,299.2,4.25,0,4.17,896,82.52
489.5,22,2,truck,automatic,electric,truck,automatic,hybrid,3,2023,557.44,4.83,0,4.91,286,78.96
487.55,4,2,any,manual,any,hatchback,automatic,hybrid,5,2025,381.5,3.68,0,4.45,818,90.17
549.74,1,6,any,any,electric,sedan,automatic,hybrid,5,2023,486.9,5.84,0,5,404,64.66
464.06,8,1,suv,automatic,diesel,truck,manual,gasoline,2,2021,538.98,7.52,0,4.74,487,52.56
352.5,6,4,any,any,any,hatchback,automatic,diesel,5,2026,375.14,6.84,0,4.1,455,83.52
216.46,6,4,any,automatic,any,sedan,manual,gasoline,5,2021,301.87,7.14,0,4.85,1070,66.79
272.62,7,1,hatchback,automatic,diesel,hatchback,automatic,gasoline,5,2022,283.25,7.74,0,3.18,126,74.46
229.82,7,4,sedan,manual,any,hatchback,manual,diesel,5,2025,233.12,7.39,0,4.69,380,77.85
285.96,5,4,any,any,any,hatchback,automatic,gasoline,5,2023,197.81,8.96,0,3.98,468,78.86
797.17,2,4,any,automatic,any,van,automatic,hybrid,8,2023,875.89,5.44,0,4.79,779,84.7
775.06,7,1,suv,any,any,suv,automatic,diesel,7,2021,618.23,7.34,0,4.81,680,83.77
150,5,4,sedan,manual,any,hatchback,automatic,gasoline,5,2020,170.16,6.3,0,5,115,60.59
665.55,2,1,any,any,electric,suv,manual,diesel,7,2024,641.54,4.49,0,4.18,208,87.3
793.16,5,5,sedan,automatic,hybrid,coupe,manual,gasoline,2,2024,692.59,6.77,0,4.44,784,48.23
213.95,1,4,suv,any,diesel,hatchback,automatic,gasoline,5,2015,158.66,7.43,0,4.85,376,61.41
282.44,27,1,sedan,any,any,hatchback,automatic,electric,5,2022,297.1,0,244,4.86,159,73.72
409.02,1,1,sedan,automatic,hybrid,hatchback,automatic,hybrid,5,2025,292.56,4.67,0,3.75,876,79.78
207.99,2,3,any,automatic,diesel,sedan,automatic,gasoline,5,2025,242.0,7.61,0,4.95,375,76.55
196.6,5,2,any,manual,gasoline,sedan,automatic,gasoline,5,2020,238.36,8.42,0,3.82,370,68.17
762.31,1,4,sedan,automatic,electric,coupe,manual,gasoline,4,2019,821.08,7.88,0,4.45,742,48.54
466.9,3,3,any,manual,any,sedan,automatic,diesel,5,2023,356.34,4.47,0,3.74,826,80.52
150,3,4,any,automatic,hybrid,sedan,automatic,gasoline,5,2020,194.7,7.22,0,4.05,554,67.39
861.25,19,2,any,manual,gasoline,suv,manual,electric,5,2025,728.52,0,431,4.44,97,84.71
259.13,8,3,sedan,any,any,hatchback,manual,gasoline,5,2024,317.62,8.38,0,4.17,517,65.83
654.99,1,2,any,automatic,any,suv,manual,gasoline,7,2024,725.87,9.19,0,5,418,76.45
535.72,25,4,hatchback,any,gasoline,sedan,manual,gasoline,5,2025,430.17,5.99,0,4.48,291,77.55
681.99,2,5,hatchback,automatic,any,van,automatic,gasoline,7,2024,693.46,8.26,0,3.99,190,76.25
830.0,2,1,suv,automatic,any,van,automatic,hybrid,8,2020,785.99,3.77,0,2.65,500,75.28
607.54,20,3,sedan,automatic,gasoline,coupe,automatic,gasoline,4,2025,736.83,9.03,0,3.57,538,65.59
598.21,1,6,coupe,any,gasoline,suv,automatic,diesel,6,2022,476.53,7.26,0,4.18,759,67.85
349.96,2,4,sedan,any,diesel,hatchback,automatic,hybrid,5,2019,326.41,6.08,0,4.67,876,63.48
347.3,2,5,suv,manual,gasoline,suv,manual,electric,6,2021,397.56,0,317,4.39,152,70.82
815.32,12,2,suv,automatic,any,van,manual,gasoline,9,2026,868.57,9.02,0,4.42,226,63.9
553.83,6,7,any,automatic,diesel,suv,manual,gasoline,6,2025,442.11,9.08,0,4.23,176,53.62
385.73,3,3,hatchback,automatic,electric,van,manual,diesel,8,2022,539.46,5.8,0,4.61,556,50.19
960.96,1,4,any,manual,diesel,van,automatic,diesel,8,2025,919.72,4.48,0,4.42,663,85.8
466.8,1,3,any,any,any,suv,manual,electric,6,2025,387.85,0,435,4.83,239,95.27
375.49,10,3,any,manual,any,sedan,automatic,gasoline,5,2025,388.99,8.38,0,3.73,555,75.92
293.29,3,5,any,any,any,hatchback,manual,diesel,5,2024,234.84,4.97,0,4.32,728,88.04
430.28,5,2,any,manual,hybrid,suv,automatic,gasoline,7,2019,328.86,9.72,0,4.12,195,60.25
324.0,26,2,truck,any,any,hatchback,automatic,diesel,5,2018,275.03,7.38,0,3.65,335,67.96
246.0,19,2,any,any,diesel,sedan,manual,diesel,5,2016,286.85,5.64,0,4.15,490,73.93
598.92,1,3,any,automatic,hybrid,suv,manual,diesel,6,2018,556.31,6.62,0,3.84,561,61.46
291.55,2,5,coupe,manual,diesel,sedan,automatic,diesel,5,2026,284.61,6.75,0,4.42,622,72.03
414.58,6,3,sedan,automatic,hybrid,hatchback,manual,gasoline,5,2022,299.27,9.67,0,4.17,552,52.84
655.94,4,8,sedan,automatic,any,suv,manual,gasoline,6,2022,550.71,8.91,0,3.75,774,45.99
295.7,1,4,sedan,automatic,electric,hatchback,automatic,electric,5,2022,341.92,0,240,4.26,740,68.12
338.56,28,1,suv,any,hybrid,sedan,automatic,electric,5,2023,430.54,0,245,5,453,60.29
549.96,1,1,suv,automatic,any,suv,manual,electric,7,2021,471.97,0,413,4.86,626,76.56
601.98,5,1,suv,any,diesel,van,manual,gasoline,8,2018,477.67,6.58,0,3.82,388,59.47
783.41,5,3,any,automatic,diesel,suv,manual,gasoline,7,2020,579.71,8.79,0,4.22,193,61.0
250.39,13,4,hatchback,manual,gasoline,hatchback,automatic,diesel,5,2025,272.02,4.41,0,3.97,399,74.62
825.8,4,2,truck,manual,any,suv,automatic,gasoline,6,2021,612.04,8.3,0,4.09,87,61.27
494.52,3,2,any,manual,hybrid,coupe,automatic,gasoline,3,2018,367.38,7.77,0,4.88,139,62.83
208.24,1,4,coupe,automatic,electric,hatchback,automatic,gasoline,5,2023,223.97,9.06,0,5,257,61.33
683.94,3,3,hatchback,automatic,any,suv,manual,diesel,7,2024,596.99,6.03,0,4.64,158,70.68
558.76,1,7,any,automatic,any,suv,manual,gasoline,6,2019,463.0,9.39,0,4.85,97,56.06
370.53,23,2,hatchback,any,electric,hatchback,manual,gasoline,5,2023,342.13,9.54,0,4.25,342,71.14
353.21,1,9,sedan,automatic,gasoline,hatchback,automatic,gasoline,5,2022,354.17,7.13,0,4.76,448,59.36
302.36,5,3,sedan,any,hybrid,sedan,automatic,diesel,5,2026,357.97,6.86,0,3.12,189,71.03
556.2,3,1,suv,automatic,diesel,van,automatic,gasoline,8,2023,456.64,9.52,0,4.82,870,61.79
333.98,1,3,van,automatic,hybrid,sedan,automatic,gasoline,5,2024,361.53,8.1,0,4.24,159,65.64
431.65,1,5,suv,manual,gasoline,van,manual,diesel,7,2018,400.22,4.49,0,4.51,179,64.07
229.94,4,3,hatchback,manual,gasoline,hatchback,automatic,gasoline,5,2023,219.23,7.41,0,4.0,459,74.0
310.76,2,2,sedan,any,diesel,hatchback,manual,gasoline,5,2026,329.84,8.58,0,4.64,715,65.58
174.98,4,1,suv,automatic,diesel,sedan,automatic,gasoline,5,2025,275.65,5.54,0,4.36,420,57.4
734.59,7,3,hatchback,automatic,any,truck,automatic,gasoline,3,2021,611.18,8.48,0,3.17,297,67.96
175.29,3,2,sedan,automatic,any,hatchback,manual,diesel,5,2019,264.54,6.27,0,4.19,209,48.78
339.29,7,3,sedan,any,any,hatchback,automatic,gasoline,5,2022,320.18,9.28,0,3.99,703,67.35
337.79,2,4,truck,any,diesel,sedan,automatic,gasoline,5,2022,242.35,7.6,0,3.92,459,63.34
553.53,1,1,any,automatic,electric,van,manual,gasoline,8,2018,530.79,6.5,0,4.03,297,64.59
401.31,3,4,any,any,any,suv,automatic,gasoline,6,2020,333.61,7.28,0,4.58,261,81.22
269.11,2,2,hatchback,any,diesel,hatchback,automatic,gasoline,5,2025,240.4,8.42,0,3.54,356,73.57
927.21,11,2,suv,automatic,gasoline,coupe,automatic,diesel,4,2025,867.34,5.31,0,4.54,331,76.11
320.69,2,3,coupe,any,any,hatchback,automatic,gasoline,5,2024,300.68,8.43,0,3.63,211,72.42
592.4,5,1,hatchback,automatic,any,suv,automatic,gasoline,6,2021,536.78,7.69,0,3.48,825,71.27
150,14,3,any,any,any,hatchback,automatic,gasoline,5,2017,150,8.95,0,4.51,761,76.36
1285.63,2,1,any,automatic,gasoline,coupe,manual,gasoline,3,2023,977.81,8.05,0,3.81,258,78.61
410.29,2,2,sedan,manual,diesel,hatchback,manual,gasoline,5,2021,296.22,8.67,0,4.16,536,61.45
366.31,3,5,any,automatic,any,truck,automatic,gasoline,3,2024,353.14,7.04,0,4.6,251,68.48
542.56,1,5,suv,automatic,electric,truck,automatic,diesel,2,2021,674.64,4.43,0,4.49,221,48.27
635.62,2,6,any,automatic,gasoline,truck,manual,gasoline,4,2026,877.5,9.47,0,3.54,227,51.83
523.77,1,1,hatchback,manual,gasoline,suv,automatic,hybrid,6,2022,402.18,4.11,0,3.86,582,64.42
267.79,2,4,hatchback,manual,gasoline,hatchback,automatic,gasoline,5,2025,172.2,9.09,0,3.58,357,72.31
912.3,7,5,sedan,any,any,suv,automatic,gasoline,6,2026,687.41,6.92,0,5,609,83.06
242.37,12,3,any,manual,electric,hatchback,automatic,hybrid,5,2019,298.43,3.56,0,4.18,279,63.39
348.81,1,4,suv,manual,gasoline,hatchback,manual,diesel,5,2022,265.88,4.66,0,4.52,562,74.19
219.04,2,1,suv,automatic,diesel,hatchback,manual,gasoline,5,2020,225.36,5.84,0,4.36,145,56.87
223.34,13,1,any,automatic,electric,hatchback,automatic,gasoline,5,2026,215.0,6.51,0,3.8,631,77.6
706.32,1,1,any,any,diesel,van,automatic,gasoline,9,2024,775.48,7.79,0,2.79,343,70.08
889.5,2,9,sedan,manual,gasoline,coupe,automatic,gasoline,2,2024,938.84,8.86,0,4.76,476,50.43
265.6,8,3,suv,manual,gasoline,hatchback,manual,gasoline,5,2024,274.06,8.5,0,3.95,584,75.28
296.61,18,1,sedan,automatic,any,hatchback,automatic,hybrid,5,2022,308.8,6.0,0,3.77,632,75.19
188.65,1,1,suv,automatic,gasoline,hatchback,automatic,gasoline,5,2025,250.08,5.77,0,3.53,761,70.18
358.8,5,5,any,any,gasoline,hatchback,manual,hybrid,5,2019,339.71,4.48,0,3.29,560,74.49
692.23,1,2,coupe,manual,gasoline,suv,automatic,diesel,5,2024,609.58,6.83,0,4.2,1065,63.67
207.72,29,1,any,automatic,any,hatchback,manual,gasoline,5,2017,208.33,8.04,0,4.1,576,71.97
193.6,1,1,sedan,automatic,any,hatchback,automatic,gasoline,5,2018,150,9.7,0,4.95,435,68.01
341.47,2,4,suv,any,gasoline,hatchback,automatic,electric,5,2026,304.8,0,392,4.02,416,75.5
494.71,5,3,any,any,any,suv,automatic,gasoline,6,2023,422.27,7.19,0,3.88,811,82.56
337.05,2,2,van,automatic,any,hatchback,automatic,gasoline,5,2017,289.73,6.17,0,4.22,621,70.14
989.88,1,3,sedan,any,gasoline,van,automatic,hybrid,9,2026,786.86,5.2,0,4.48,556,71.33
780.36,4,1,any,any,gasoline,truck,automatic,hybrid,5,2024,932.66,3.74,0,3.79,501,75.46
327.07,30,3,sedan,manual,diesel,hatchback,automatic,gasoline,5,2018,239.96,8.28,0,4.4,898,50.41
620.42,17,3,hatchback,any,any,suv,manual,gasoline,6,2022,551.28,6.15,0,4.45,303,72.89
706.52,2,5,van,any,any,coupe,automatic,gasoline,4,2021,646.58,7.61,0,4.25,180,55.28
295.73,2,1,suv,automatic,gasoline,hatchback,manual,electric,5,2021,345.21,0,374,4.09,952,58.74
327.3,11,4,van,manual,hybrid,hatchback,automatic,gasoline,5,2025,306.02,9.19,0,4.53,607,57.57
391.26,5,3,hatchback,automatic,gasoline,suv,automatic,hybrid,5,2019,347.35,3.77,0,4.87,198,66.62
734.98,6,4,suv,automatic,any,van,automatic,hybrid,8,2020,645.65,5.67,0,4.06,802,74.07
218.31,4,2,any,any,electric,hatchback,automatic,diesel,5,2015,197.62,7.17,0,4.41,356,68.12
779.76,2,2,any,manual,any,van,automatic,gasoline,9,2023,741.6,6.89,0,4.6,389,77.49
213.83,7,6,hatchback,any,electric,hatchback,manual,electric,5,2026,256.82,0,343,3.81,635,72.19
150,6,6,hatchback,automatic,any,hatchback,automatic,hybrid,5,2019,175.02,5.2,0,4.6,376,62.74
331.71,18,1,suv,automatic,electric,hatchback,automatic,gasoline,5,2025,339.07,6.33,0,4.39,270,69.96
262.79,6,3,any,manual,diesel,sedan,automatic,electric,5,2016,316.18,0,313,3.4,88,58.74
293.81,3,2,coupe,manual,any,sedan,manual,electric,5,2023,285.64,0,320,4.28,685,75.13
320.51,8,3,any,any,electric,hatchback,manual,diesel,5,2023,241.27,6.52,0,3.68,407,75.59
324.48,4,5,coupe,manual,any,hatchback,automatic,hybrid,5,2026,299.0,4.0,0,4.22,380,77.17
324.93,2,3,sedan,automatic,gasoline,suv,manual,gasoline,5,2019,314.43,7.77,0,3.96,339,63.13
505.25,10,1,any,manual,any,suv,manual,electric,5,2020,543.81,0,337,4.62,523,85.1
358.79,30,4,suv,manual,diesel,hatchback,automatic,gasoline,5,2024,322.66,9.32,0,3.84,679,54.39
832.2,1,7,sedan,automatic,any,coupe,automatic,hybrid,4,2023,775.2,3.95,0,3.85,664,65.55
1075.28,1,3,sedan,manual,gasoline,coupe,automatic,electric,3,2026,1306.34,0,307,3.2,595,55.67
552.31,1,2,any,automatic,any,sedan,manual,electric,5,2026,603.93,0,405,3.9,392,81.07
150,2,1,any,automatic,hybrid,hatchback,manual,gasoline,5,2020,173.54,5.97,0,3.76,511,64.61
665.38,2,2,any,automatic,gasoline,sedan,automatic,electric,5,2024,584.24,0,407,4.33,530,78.93
270.88,5,3,van,automatic,any,hatchback,automatic,diesel,5,2020,256.8,6.25,0,4.56,450,75.61
168.6,8,4,van,automatic,gasoline,hatchback,automatic,gasoline,5,2020,220.51,9.15,0,4.23,177,59.97
1097.95,3,5,any,any,any,van,automatic,diesel,9,2023,897.61,7.32,0,3.78,460,85.75
594.36,2,2,hatchback,automatic,gasoline,coupe,manual,gasoline,4,2021,476.89,7.57,0,3.86,257,66.42
847.78,1,2,hatchback,any,electric,van,automatic,electric,7,2024,1031.31,0,292,3.91,664,71.28
368.82,3,6,suv,any,hybrid,hatchback,automatic,gasoline,5,2023,311.52,9.16,0,4.84,328,49.06
433.77,5,3,suv,automatic,gasoline,sedan,automatic,gasoline,5,2024,414.77,7.48,0,4.25,179,74.25
636.12,9,2,suv,automatic,gasoline,coupe,automatic,gasoline,2,2024,765.19,9.03,0,4.26,331,67.58
562.8,5,6,any,automatic,gasoline,coupe,manual,hybrid,3,2021,481.0,5.07,0,4.8,476,58.55
506.18,1,2,any,manual,electric,sedan,automatic,gasoline,5,2025,409.28,9.54,0,3.84,344,69.1
315.75,2,1,sedan,manual,hybrid,suv,automatic,gasoline,6,2023,297.28,7.03,0,4.62,1103,60.58
368.84,1,2,suv,any,any,sedan,automatic,gasoline,5,2024,446.57,6.99,0,4.38,77,70.26
215.22,10,1,any,any,hybrid,hatchback,automatic,gasoline,5,2017,241.95,7.08,0,4.46,348,67.46
788.79,2,9,hatchback,manual,any,suv,manual,hybrid,5,2021,674.04,4.95,0,3.52,542,57.62
493.93,5,1,sedan,automatic,any,sedan,manual,hybrid,5,2024,463.39,5.35,0,4.57,505,86.33
266.91,2,5,coupe,automatic,any,hatchback,manual,gasoline,5,2026,282.65,9.68,0,3.75,346,64.81
823.76,1,1,suv,any,electric,suv,automatic,diesel,6,2026,707.44,5.84,0,3.92,327,83.76
569.25,18,7,any,any,electric,suv,manual,diesel,5,2018,506.17,5.19,0,3.84,258,60.17
386.88,2,1,hatchback,any,any,suv,manual,hybrid,6,2019,369.2,5.76,0,4.62,394,74.04
427.23,14,3,suv,automatic,any,suv,automatic,gasoline,6,2016,437.1,8.65,0,4.84,102,76.65
733.14,2,1,any,any,diesel,van,automatic,gasoline,9,2020,615.39,6.31,0,3.46,490,73.95
382.53,1,9,van,automatic,gasoline,suv,automatic,electric,7,2016,303.03,0,413,4.17,306,51.27
735.17,3,6,any,automatic,diesel,truck,automatic,gasoline,2,2021,611.69,5.96,0,4.72,137,60.05
386.89,3,4,suv,manual,any,hatchback,manual,hybrid,5,2021,306.81,5.0,0,3.52,794,73.17
433.08,7,2,suv,automatic,any,sedan,automatic,hybrid,5,2026,327.57,3.58,0,3.19,225,81.72
192.03,23,3,any,manual,gasoline,sedan,automatic,gasoline,5,2015,249.58,8.82,0,4.57,320,57.99
190.16,1,1,any,automatic,any,sedan,automatic,gasoline,5,2021,317.29,8.67,0,3.92,311,62.73
231.33,20,3,any,manual,diesel,hatchback,automatic,diesel,5,2024,169.21,6.69,0,4.37,92,79.68
447.44,4,1,sedan,manual,any,sedan,automatic,diesel,5,2026,494.93,5.76,0,4.61,125,83.09
378.35,8,3,any,any,any,hatchback,automatic,electric,5,2016,297.11,0,215,4.52,452,76.16
247.59,1,4,suv,any,any,hatchback,manual,gasoline,5,2025,227.68,7.66,0,3.46,719,72.2
223.35,2,2,suv,manual,electric,sedan,automatic,gasoline,5,2022,281.63,8.49,0,3.49,249,49.33
191.19,3,1,sedan,any,gasoline,hatchback,manual,diesel,5,2020,174.05,7.28,0,3.92,282,61.68
293.37,2,4,suv,automatic,diesel,sedan,automatic,gasoline,5,2023,259.69,8.27,0,3.66,805,62.18
261.99,2,2,suv,any,gasoline,sedan,manual,gasoline,5,2022,251.69,5.57,0,3.95,587,73.67
363.36,6,7,any,manual,gasoline,hatchback,automatic,gasoline,5,2023,365.98,9.75,0,3.01,618,55.46
251.5,1,2,van,manual,gasoline,sedan,automatic,diesel,5,2023,259.5,6.35,0,3.98,484,61.29
366.59,4,2,suv,manual,gasoline,hatchback,automatic,gasoline,5,2024,248.33,8.38,0,4.22,398,67.89
553.06,29,2,suv,automatic,gasoline,sedan,automatic,electric,5,2020,458.45,0,280,4.78,207,66.36
422.78,1,1,suv,any,gasoline,suv,automatic,hybrid,7,2022,399.61,4.83,0,4.18,362,81.09
1111.87,1,4,any,any,gasoline,van,manual,diesel,7,2026,894.76,5.93,0,4.23,580,84.72
480.1,4,2,any,any,diesel,sedan,manual,gasoline,5,2022,439.78,8.55,0,4.39,118,70.25
1031.2,2,2,hatchback,automatic,gasoline,coupe,automatic,diesel,3,2023,917.22,7.05,0,3.55,526,63.01
617.77,1,2,sedan,any,any,coupe,automatic,gasoline,3,2024,700.71,8.75,0,3.91,54,66.85
479.48,23,1,suv,automatic,any,suv,automatic,gasoline,7,2025,414.98,7.11,0,4.35,131,85.22
233.32,10,1,any,automatic,electric,sedan,automatic,hybrid,5,2023,258.05,5.67,0,4.2,638,80.68
839.32,4,1,any,any,gasoline,suv,automatic,diesel,7,2024,643.0,5.13,0,4.3,656,84.43
251.75,4,4,coupe,automatic,gasoline,hatchback,manual,gasoline,5,2021,305.88,9.2,0,3.65,583,56.13
572.95,5,8,hatchback,automatic,gasoline,suv,automatic,gasoline,5,2026,676.89,7.05,0,4.59,444,55.97
209.44,7,3,suv,automatic,hybrid,hatchback,automatic,gasoline,5,2026,274.75,8.88,0,4.77,686,60.84
922.51,13,3,suv,automatic,diesel,van,automatic,electric,8,2026,739.55,0,309,4.53,533,72.48
205.65,5,2,sedan,any,diesel,hatchback,automatic,hybrid,5,2026,309.69,3.57,0,4.28,320,61.16
249.62,5,7,hatchback,automatic,diesel,hatchback,automatic,hybrid,5,2025,298.62,4.68,0,4.65,622,63.54
537.25,1,1,coupe,automatic,any,suv,automatic,gasoline,7,2026,441.67,8.36,0,3.91,231,75.12
596.85,3,7,suv,automatic,diesel,van,automatic,electric,8,2016,494.54,0,302,4.03,1175,63.37
371.16,4,7,van,automatic,gasoline,hatchback,manual,diesel,5,2023,315.31,5.06,0,3.71,221,46.14
462.05,28,1,suv,automatic,gasoline,sedan,manual,hybrid,5,2021,422.38,6.08,0,3.95,337,56.3
763.06,3,1,sedan,automatic,hybrid,suv,automatic,gasoline,7,2025,719.33,5.99,0,3.84,726,68.95
185.39,2,2,suv,automatic,gasoline,sedan,manual,gasoline,5,2018,180.12,8.47,0,4.47,278,57.26
567.18,1,2,any,any,any,truck,automatic,gasoline,5,2018,441.53,6.35,0,4.97,423,83.83
208.28,2,1,any,any,gasoline,hatchback,automatic,diesel,5,2020,220.71,5.8,0,4.41,343,74.37
1060.97,5,1,hatchback,manual,hybrid,van,automatic,electric,7,2023,946.97,0,264,4.57,126,62.07
417.3,1,3,suv,automatic,hybrid,coupe,automatic,diesel,4,2018,453.94,4.4,0,4.27,299,63.07
453.29,2,1,sedan,automatic,electric,truck,automatic,hybrid,4,2020,572.84,4.47,0,4.16,408,59.35
629.94,4,3,suv,automatic,diesel,suv,automatic,electric,6,2023,575.89,0,341,4.68,644,79.75
730.43,2,4,sedan,manual,any,van,manual,gasoline,8,2022,777.14,5.88,0,4.74,536,77.86
371.17,2,6,suv,automatic,gasoline,hatchback,automatic,gasoline,5,2020,313.28,9.58,0,4.25,259,53.24
539.87,1,1,coupe,automatic,any,coupe,automatic,hybrid,3,2024,599.01,5.48,0,3.9,736,83.89
1383.57,4,4,suv,automatic,any,coupe,manual,hybrid,2,2025,1182.23,4.26,0,3.41,569,61.75
289.97,10,2,suv,manual,any,hatchback,manual,gasoline,5,2025,210.56,5.93,0,4.13,586,81.71
421.8,2,1,van,any,any,suv,automatic,gasoline,7,2020,390.77,9.39,0,3.96,188,68.91
251.86,3,1,any,automatic,diesel,hatchback,automatic,gasoline,5,2022,210.46,6.73,0,4.12,314,75.44
337.08,1,4,suv,automatic,gasoline,sedan,automatic,electric,5,2020,394.96,0,348,4.58,555,61.89
594.55,4,3,suv,any,any,sedan,manual,gasoline,5,2019,439.59,9.7,0,4.53,416,68.72
294.15,1,2,sedan,any,any,hatchback,automatic,gasoline,5,2026,306.22,6.47,0,4.18,743,74.34
406.21,7,2,sedan,any,any,hatchback,automatic,gasoline,5,2024,362.52,6.09,0,4.38,352,75.96
195.87,4,3,any,any,diesel,hatchback,automatic,diesel,5,2025,158.76,5.95,0,4.41,638,94.45
388.81,3,3,van,manual,diesel,suv,automatic,gasoline,6,2021,380.92,6.47,0,4.59,948,56.52
707.34,2,1,sedan,manual,hybrid,suv,automatic,gasoline,5,2026,650.06,6.66,0,3.87,564,62.69
198.5,5,2,sedan,manual,electric,hatchback,manual,hybrid,5,2018,275.08,5.42,0,4.59,436,53.33
494.44,24,5,suv,any,gasoline,van,manual,gasoline,7,2020,592.11,8.32,0,4.49,224,63.3
244.88,1,5,any,manual,any,sedan,automatic,gasoline,5,2021,297.78,5.55,0,4.09,402,70.99
316.37,5,3,sedan,manual,any,sedan,automatic,gasoline,5,2026,258.63,5.56,0,4.77,647,83.66
322.6,4,1,sedan,manual,any,sedan,automatic,gasoline,5,2023,266.35,7.75,0,3.77,655,77.11
1071.85,8,2,suv,automatic,diesel,truck,automatic,gasoline,4,2026,857.49,7.14,0,4.02,433,69.43
505.86,1,3,any,any,hybrid,truck,manual,hybrid,5,2025,507.85,4.75,0,3.39,151,93.13
633.07,3,2,sedan,automatic,any,sedan,automatic,electric,5,2025,566.23,0,310,4.68,572,88.87
297.48,4,4,sedan,any,any,hatchback,automatic,hybrid,5,2021,308.82,4.06,0,3.72,290,77.68
435.58,8,7,any,automatic,any,hatchback,manual,diesel,5,2021,344.04,5.99,0,3.75,393,60.49
262.02,1,1,any,automatic,any,sedan,automatic,diesel,5,2016,223.58,5.51,0,3.97,68,76.71
565.19,1,2,suv,automatic,gasoline,suv,manual,diesel,7,2025,518.03,5.95,0,3.92,534,77.93
399.07,1,5,any,automatic,diesel,sedan,manual,hybrid,5,2019,336.44,5.01,0,4.2,761,65.46
729.7,15,4,any,any,gasoline,van,automatic,gasoline,9,2025,550.5,8.28,0,4.02,987,83.78
443.39,2,2,hatchback,any,gasoline,sedan,manual,hybrid,5,2026,362.27,4.62,0,5,391,74.98
828.93,5,2,sedan,automatic,electric,suv,manual,diesel,5,2026,668.74,7.17,0,3.27,951,60.7
586.06,1,2,truck,manual,gasoline,suv,automatic,electric,7,2022,486.41,0,234,5,422,61.13
623.92,19,2,any,automatic,electric,sedan,manual,electric,5,2025,467.28,0,351,3.82,954,85.45
330.2,13,4,hatchback,automatic,electric,hatchback,automatic,gasoline,5,2020,238.29,5.64,0,4.13,824,72.3
278.62,2,1,any,automatic,gasoline,suv,manual,gasoline,6,2019,292.11,6.98,0,4.37,213,69.32
256.4,3,5,coupe,manual,any,hatchback,automatic,diesel,5,2015,259.41,5.26,0,3.14,595,62.54
694.68,5,4,any,automatic,electric,suv,manual,electric,6,2025,720.34,0,247,4.38,350,80.47
384.22,3,2,sedan,manual,hybrid,sedan,manual,gasoline,5,2017,368.47,7.57,0,4.55,832,66.56
252.56,3,3,van,automatic,hybrid,hatchback,manual,hybrid,5,2025,223.46,4.83,0,4.82,332,76.06
150,3,2,hatchback,automatic,diesel,hatchback,automatic,hybrid,5,2022,249.01,4.8,0,4.03,564,66.23
598.31,2,1,hatchback,automatic,any,sedan,automatic,gasoline,5,2023,486.51,6.49,0,5,876,78.96
639.4,1,1,any,manual,any,suv,manual,hybrid,5,2025,669.31,3.62,0,4.33,314,91.62
202.35,4,6,suv,automatic,any,hatchback,automatic,gasoline,5,2018,185.92,7.31,0,5,405,53.65
749.74,2,2,any,manual,gasoline,truck,manual,hybrid,3,2023,605.54,5.54,0,4.4,192,77.03
802.7,3,3,hatchback,automatic,electric,van,automatic,diesel,9,2021,557.16,4.35,0,3.36,145,68.29
442.83,1,3,sedan,manual,diesel,coupe,manual,gasoline,4,2023,408.64,6.14,0,4.52,491,67.29
281.02,6,4,sedan,any,diesel,hatchback,automatic,diesel,5,2021,261.88,5.92,0,4.62,270,77.1
188.27,5,2,any,any,any,sedan,automatic,gasoline,5,2020,215.66,7.15,0,3.52,266,76.19
235.26,2,5,any,any,diesel,sedan,manual,diesel,5,2018,195.48,5.18,0,4.98,542,84.04
329.64,1,2,sedan,manual,any,suv,automatic,gasoline,5,2022,431.35,9.16,0,3.59,776,52.27
712.48,2,1,sedan,automatic,gasoline,suv,automatic,electric,6,2023,600.86,0,206,4.21,267,65.59
380.05,3,2,van,automatic,diesel,hatchback,automatic,diesel,5,2023,374.52,5.12,0,3.72,707,75.26
421.14,4,2,suv,manual,any,sedan,manual,electric,5,2024,387.33,0,376,4.44,174,79.3
568.61,7,3,any,manual,gasoline,van,automatic,diesel,8,2020,491.43,5.69,0,3.9,450,67.79
557.64,7,1,truck,manual,electric,suv,manual,hybrid,7,2022,410.9,4.09,0,3.94,230,73.17
296.99,1,7,any,manual,gasoline,hatchback,automatic,diesel,5,2024,317.75,6.12,0,3.64,805,58.45
451.88,2,4,hatchback,automatic,gasoline,suv,automatic,gasoline,7,2022,438.52,7.82,0,4.16,403,72.99
200.36,24,1,any,automatic,any,hatchback,automatic,diesel,5,2023,260.37,5.6,0,4.19,160,80.12
272.85,7,4,suv,any,any,suv,manual,gasoline,5,2020,256.3,9.11,0,4.96,410,78.36
287.42,4,2,any,automatic,any,sedan,automatic,gasoline,5,2026,259.86,7.86,0,4.39,574,82.46
503.11,25,5,suv,any,gasoline,van,manual,gasoline,9,2021,470.66,6.74,0,4.2,906,70.75
179.28,5,4,hatchback,automatic,any,hatchback,manual,gasoline,5,2021,164.55,8.86,0,4.09,682,68.69
584.02,1,1,hatchback,any,hybrid,van,automatic,hybrid,9,2022,590.21,5.89,0,4.49,154,75.52
994.07,1,8,sedan,automatic,diesel,van,manual,hybrid,7,2026,917.73,6.17,0,5,379,48.57
710.21,3,1,sedan,automatic,gasoline,coupe,automatic,gasoline,4,2018,718.66,5.63,0,4.1,655,72.1
709.47,1,3,any,automatic,diesel,suv,automatic,diesel,6,2025,569.55,4.55,0,4.5,153,97.38
847.26,1,3,any,manual,any,van,automatic,electric,9,2022,957.0,0,355,5,804,77.69
230.64,2,6,any,manual,any,hatchback,automatic,gasoline,5,2023,216.45,7.15,0,3.9,779,63.77
170.79,12,3,sedan,manual,any,sedan,manual,gasoline,5,2015,221.04,9.09,0,4.56,38,65.5
442.11,3,1,any,any,any,truck,automatic,gasoline,5,2022,394.03,9.47,0,4.7,408,78.17
1145.15,27,1,suv,automatic,gasoline,coupe,manual,electric,3,2019,946.27,0,327,3.64,378,54.64
430.21,6,4,any,manual,diesel,van,automatic,gasoline,9,2020,456.62,8.54,0,4.2,470,59.03
696.58,4,1,any,manual,gasoline,sedan,automatic,diesel,5,2025,511.44,7.09,0,4.0,457,72.45
197.12,2,2,sedan,automatic,hybrid,hatchback,automatic,gasoline,5,2026,239.11,8.37,0,4.05,217,62.63
406.63,5,2,any,automatic,electric,suv,manual,gasoline,7,2025,317.81,9.62,0,4.44,148,70.24
261.71,5,8,suv,automatic,diesel,hatchback,automatic,hybrid,5,2021,246.31,3.94,0,3.94,216,57.23
454.5,2,6,sedan,automatic,gasoline,van,automatic,electric,8,2015,410.11,0,461,3.93,366,62.5
779.72,20,1,any,manual,gasoline,van,automatic,gasoline,7,2018,630.78,9.69,0,3.49,268,62.97
317.62,1,1,any,any,any,hatchback,automatic,gasoline,5,2023,285.75,6.55,0,4.05,872,82.8
193.87,15,2,suv,automatic,any,hatchback,manual,gasoline,5,2023,200.24,8.58,0,4.39,554,61.65
256.2,1,1,any,any,gasoline,hatchback,automatic,diesel,5,2026,243.25,6.81,0,4.08,846,77.42
375.4,6,1,coupe,automatic,any,suv,manual,gasoline,7,2017,512.89,7.94,0,4.58,175,48.15
267.44,1,3,suv,manual,any,hatchback,automatic,gasoline,5,2025,328.2,8.98,0,5,84,62.11
851.8,19,2,suv,manual,any,suv,automatic,electric,7,2022,770.5,0,323,3.91,1052,77.53
481.35,24,1,any,manual,gasoline,sedan,manual,diesel,5,2021,448.16,4.97,0,3.75,17,76.43
596.81,2,1,sedan,any,hybrid,coupe,automatic,diesel,2,2022,613.97,6.62,0,4.42,580,66.5
675.19,2,1,van,automatic,gasoline,suv,manual,gasoline,5,2018,614.07,6.58,0,4.18,329,61.99
299.36,3,3,any,automatic,hybrid,suv,automatic,hybrid,6,2022,439.87,5.88,0,4.33,783,74.34
661.64,3,2,hatchback,manual,gasoline,truck,automatic,electric,4,2019,553.07,0,315,4.49,214,57.61
292.0,2,3,any,any,any,hatchback,automatic,hybrid,5,2023,242.67,4.75,0,3.83,606,91.43
607.97,5,4,coupe,manual,any,coupe,manual,diesel,3,2021,531.65,6.7,0,3.53,389,67.93
317.63,6,2,sedan,automatic,any,sedan,automatic,gasoline,5,2015,266.07,9.67,0,4.09,802,73.58
217.08,17,2,suv,any,hybrid,hatchback,automatic,gasoline,5,2021,192.27,8.94,0,4.8,98,60.41
418.28,1,1,hatchback,manual,diesel,coupe,manual,diesel,3,2026,492.77,5.19,0,3.72,728,80.15
592.84,18,1,sedan,automatic,gasoline,van,manual,gasoline,7,2024,668.81,6.67,0,4.85,389,69.55
514.69,2,1,van,automatic,diesel,sedan,automatic,gasoline,5,2021,470.03,9.25,0,4.53,536,60.12
840.05,3,3,suv,any,any,coupe,automatic,diesel,4,2022,623.24,5.46,0,4.64,363,79.42
609.69,1,2,van,manual,gasoline,sedan,manual,gasoline,5,2025,524.72,6.14,0,4.13,962,77.57
672.21,3,1,suv,automatic,any,van,automatic,hybrid,8,2024,619.28,5.21,0,4.68,505,81.07
733.31,2,3,suv,automatic,electric,suv,automatic,gasoline,7,2026,726.21,9.05,0,4.48,369,79.11
465.31,3,1,any,automatic,diesel,hatchback,manual,diesel,5,2024,390.38,5.1,0,4.81,908,81.75
514.38,29,4,suv,any,diesel,suv,automatic,diesel,5,2019,521.52,5.36,0,3.75,440,79.67
453.7,20,2,any,automatic,any,hatchback,automatic,gasoline,5,2025,372.19,9.14,0,4.98,579,88.43
324.85,1,2,suv,any,gasoline,sedan,automatic,gasoline,5,2025,360.13,5.65,0,4.33,106,75.12
249.15,1,3,suv,any,diesel,hatchback,automatic,diesel,5,2026,287.79,6.72,0,4.53,666,72.98
150,6,2,hatchback,manual,electric,sedan,manual,diesel,5,2019,216.24,6.33,0,5,135,52.4
747.61,3,1,any,any,electric,van,automatic,hybrid,7,2017,707.75,3.47,0,3.51,513,76.56
433.22,8,2,any,any,electric,suv,automatic,diesel,6,2019,415.04,5.87,0,4.24,321,73.81
282.29,2,3,suv,manual,diesel,sedan,manual,electric,5,2024,287.53,0,448,3.61,303,71.9
717.87,4,2,coupe,automatic,hybrid,coupe,automatic,diesel,2,2024,797.5,5.78,0,3.64,373,73.94
492.78,3,3,hatchback,manual,electric,sedan,automatic,gasoline,5,2024,450.82,7.4,0,4.54,353,58.82
742.85,2,4,suv,automatic,any,suv,automatic,gasoline,7,2023,672.73,7.83,0,4.48,720,87.49
692.12,4,5,sedan,manual,electric,van,automatic,diesel,9,2026,819.31,6.73,0,3.94,251,58.85
793.46,2,2,sedan,automatic,gasoline,van,manual,gasoline,7,2023,750.38,5.57,0,4.4,367,72.69
541.11,6,2,hatchback,any,gasoline,van,automatic,gasoline,9,2025,458.35,7.2,0,4.01,279,73.84
302.15,3,3,suv,automatic,gasoline,sedan,automatic,gasoline,5,2021,220.61,8.36,0,5,296,73.49
268.31,1,3,suv,automatic,hybrid,hatchback,automatic,diesel,5,2023,302.23,7.36,0,4.07,496,61.85
152.09,30,2,any,automatic,gasoline,hatchback,manual,gasoline,5,2017,167.85,6.73,0,4.59,110,72.14
162.64,3,2,hatchback,any,any,hatchback,automatic,hybrid,5,2026,201.13,5.7,0,4.13,140,87.84
1061.1,2,1,sedan,any,diesel,suv,manual,electric,6,2024,823.96,0,440,4.49,315,74.28
979.1,26,1,any,automatic,gasoline,coupe,automatic,gasoline,2,2019,734.88,8.78,0,5,616,73.46
701.77,1,4,suv,automatic,gasoline,van,manual,diesel,7,2026,937.01,4.67,0,4.94,64,58.98
1144.95,1,4,sedan,automatic,any,coupe,manual,electric,4,2023,977.1,0,356,4.34,1013,68.65
320.47,1,3,sedan,manual,gasoline,sedan,automatic,gasoline,5,2020,289.37,8.42,0,5,899,69.33
342.78,1,8,truck,automatic,gasoline,sedan,automatic,gasoline,5,2026,365.28,9.25,0,3.41,145,55.96
238.23,4,2,hatchback,manual,diesel,hatchback,automatic,gasoline,5,2022,221.37,7.32,0,3.91,347,69.53
585.36,8,4,any,automatic,any,suv,automatic,diesel,6,2021,585.19,6.48,0,5,1030,87.78
613.81,1,2,hatchback,automatic,gasoline,coupe,manual,gasoline,3,2021,509.06,7.63,0,3.8,1024,64.26
525.44,2,5,suv,automatic,gasoline,suv,automatic,gasoline,7,2025,499.29,8.55,0,4.39,177,86.57
756.52,1,8,sedan,manual,diesel,suv,automatic,hybrid,6,2017,668.94,5.93,0,3.58,419,41.02
259.0,6,1,sedan,manual,gasoline,sedan,automatic,electric,5,2022,236.02,0,419,4.64,64,73.11
425.64,3,1,van,manual,any,sedan,manual,electric,5,2022,519.94,0,502,4.17,126,77.7
352.59,7,5,van,automatic,gasoline,hatchback,automatic,electric,5,2022,336.5,0,274,4.06,459,69.42
455.53,18,2,suv,any,gasoline,van,automatic,diesel,7,2019,386.11,6.08,0,4.0,575,61.12
345.81,5,2,sedan,any,any,hatchback,automatic,diesel,5,2025,246.03,7.08,0,4.19,856,75.12
416.26,3,6,coupe,automatic,diesel,sedan,automatic,gasoline,5,2017,399.85,6.58,0,4.8,459,45.3
387.41,2,3,suv,automatic,any,sedan,automatic,hybrid,5,2021,320.41,5.22,0,3.47,407,73.22
174.64,19,5,any,any,hybrid,sedan,automatic,diesel,5,2026,254.12,5.06,0,4.85,212,76.09
318.93,1,3,truck,automatic,hybrid,sedan,manual,gasoline,5,2023,279.43,6.87,0,4.88,340,59.22
643.67,1,2,truck,any,any,van,automatic,electric,8,2023,673.92,0,276,4.02,225,73.15
326.22,1,4,suv,manual,any,suv,automatic,hybrid,5,2019,385.99,4.23,0,4.77,241,72.71
813.65,5,9,hatchback,any,diesel,truck,manual,hybrid,2,2016,603.68,3.92,0,3.64,462,49.82
819.99,14,1,any,any,gasoline,van,automatic,gasoline,9,2024,767.89,6.64,0,4.3,571,83.79
486.83,5,2,coupe,automatic,hybrid,truck,manual,gasoline,5,2017,332.17,8.43,0,4.32,530,51.3
365.41,3,1,any,automatic,any,hatchback,manual,gasoline,5,2022,337.74,9.2,0,4.47,101,73.84
174.71,4,1,any,manual,any,hatchback,automatic,diesel,5,2023,187.13,6.03,0,4.8,905,79.08
666.81,1,4,coupe,manual,gasoline,sedan,automatic,gasoline,5,2026,503.48,8.81,0,4.17,822,65.18
255.74,7,3,hatchback,automatic,gasoline,sedan,manual,gasoline,5,2024,205.15,5.73,0,4.18,51,68.16
227.79,2,2,any,automatic,any,sedan,automatic,hybrid,5,2022,267.71,5.15,0,4.77,73,80.49
224.98,8,5,any,any,gasoline,hatchback,automatic,hybrid,5,2020,231.64,5.82,0,4.0,528,71.03
289.46,2,1,truck,automatic,gasoline,hatchback,manual,hybrid,5,2021,212.11,4.54,0,5,909,62.51
271.58,1,2,van,automatic,hybrid,hatchback,automatic,gasoline,5,2022,247.19,7.57,0,3.81,567,64.44
318.91,2,3,suv,any,hybrid,sedan,automatic,electric,5,2021,348.88,0,287,3.99,465,65.94
150,1,2,hatchback,manual,hybrid,hatchback,manual,diesel,5,2019,205.83,4.67,0,4.22,487,65.86
1040.59,4,2,suv,any,any,suv,automatic,electric,7,2021,835.65,0,374,3.61,135,82.29
741.22,1,2,suv,any,any,coupe,automatic,diesel,2,2017,771.01,6.27,0,3.78,508,64.48
260.45,2,2,van,any,diesel,sedan,automatic,diesel,5,2018,221.43,5.02,0,3.62,171,71.46
949.68,1,3,sedan,any,gasoline,suv,automatic,gasoline,5,2026,688.73,6.41,0,4.06,325,77.33
392.9,18,3,van,automatic,any,sedan,manual,gasoline,5,2023,271.49,5.57,0,3.39,284,67.02
401.06,4,3,any,manual,diesel,hatchback,automatic,electric,5,2023,361.4,0,306,4.69,781,71.73
254.95,2,3,hatchback,automatic,hybrid,sedan,manual,diesel,5,2019,305.98,4.32,0,4.48,1061,52.42
668.06,28,2,sedan,automatic,gasoline,van,automatic,electric,7,2022,588.41,0,397,4.45,387,72.33
503.83,1,3,hatchback,automatic,gasoline,sedan,manual,gasoline,5,2025,397.22,5.74,0,3.59,964,72.1
598.04,3,3,sedan,automatic,gasoline,sedan,automatic,gasoline,5,2021,397.58,8.57,0,4.34,60,78.68
448.43,2,1,suv,automatic,any,sedan,automatic,gasoline,5,2020,287.97,7.18,0,3.41,771,69.11
217.91,2,4,sedan,automatic,any,hatchback,manual,diesel,5,2026,251.85,4.35,0,4.12,336,75.63
540.28,5,9,suv,manual,any,coupe,manual,diesel,2,2022,537.86,6.03,0,4.27,657,59.14
531.97,3,1,suv,manual,gasoline,suv,automatic,hybrid,5,2019,582.81,5.84,0,3.87,965,61.24
637.48,4,2,suv,manual,hybrid,coupe,manual,gasoline,4,2023,619.05,5.65,0,3.11,734,67.0
611.78,1,3,hatchback,automatic,diesel,coupe,automatic,gasoline,4,2021,564.48,9.66,0,4.6,777,61.06
970.46,2,2,hatchback,automatic,diesel,van,manual,electric,7,2023,911.82,0,265,3.9,723,62.64
497.82,20,2,any,automatic,electric,sedan,manual,electric,5,2020,533.6,0,352,3.27,812,71.58
281.99,2,5,truck,any,diesel,sedan,automatic,hybrid,5,2025,312.17,4.9,0,4.4,556,68.49
395.04,23,4,van,any,electric,sedan,manual,gasoline,5,2025,294.9,7.08,0,4.44,234,71.54
840.82,3,5,any,automatic,gasoline,coupe,manual,hybrid,4,2023,668.2,5.91,0,4.04,487,58.71
601.65,3,2,hatchback,any,any,sedan,automatic,gasoline,5,2022,435.05,9.22,0,3.57,649,67.01
518.9,5,1,sedan,manual,diesel,truck,manual,gasoline,5,2020,400.08,9.71,0,5,500,60.3
285.88,2,1,sedan,automatic,gasoline,hatchback,manual,diesel,5,2023,288.88,5.89,0,4.11,467,62.42
970.25,8,1,any,any,gasoline,van,automatic,hybrid,9,2026,989.74,4.74,0,3.74,350,84.1
228.66,6,3,any,automatic,diesel,suv,automatic,diesel,5,2020,300.34,6.66,0,5,52,75.24
814.44,1,4,coupe,automatic,diesel,suv,automatic,gasoline,6,2025,642.2,9.3,0,4.08,656,64.24
485.49,3,2,hatchback,automatic,gasoline,sedan,automatic,hybrid,5,2022,456.87,5.7,0,3.88,385,64.49
477.49,22,4,any,any,gasoline,suv,automatic,gasoline,7,2023,512.79,9.66,0,4.26,59,82.77
597.02,7,3,any,automatic,any,suv,automatic,gasoline,7,2019,587.53,5.74,0,5,117,79.08
319.07,2,3,any,manual,gasoline,hatchback,manual,hybrid,5,2016,294.96,4.77,0,4.6,344,74.99
625.06,2,1,any,any,electric,van,automatic,gasoline,9,2022,824.16,6.15,0,3.74,649,65.33
214.42,1,2,any,automatic,hybrid,sedan,automatic,diesel,5,2019,309.41,6.54,0,4.81,264,61.84
536.32,2,1,any,automatic,electric,van,manual,hybrid,8,2025,700.78,5.87,0,4.11,285,65.2
467.05,19,6,any,any,gasoline,suv,automatic,gasoline,6,2021,347.02,6.8,0,3.61,439,82.87
479.36,2,2,any,automatic,gasoline,sedan,manual,hybrid,5,2026,389.29,4.03,0,4.16,333,76.96
618.26,1,3,any,automatic,any,truck,automatic,diesel,5,2026,504.8,4.38,0,4.03,512,90.21
497.17,2,2,sedan,automatic,gasoline,hatchback,manual,electric,5,2024,456.82,0,370,5,22,60.96
289.38,9,3,truck,automatic,any,suv,automatic,gasoline,6,2023,333.74,6.5,0,3.92,482,70.96
215.1,12,2,suv,manual,gasoline,sedan,automatic,diesel,5,2024,268.94,5.77,0,4.48,506,57.91
261.34,2,1,hatchback,automatic,any,sedan,automatic,gasoline,5,2024,295.35,6.14,0,3.31,574,72.27
280.38,9,3,sedan,automatic,electric,hatchback,automatic,gasoline,5,2016,150.78,5.6,0,3.62,419,60.59
197.57,30,2,any,manual,hybrid,sedan,automatic,diesel,5,2025,250.67,7.28,0,5,339,65.55
425.24,2,3,sedan,automatic,any,suv,manual,hybrid,6,2022,357.76,3.7,0,4.07,1171,75.38
213.37,2,3,any,manual,any,sedan,manual,gasoline,5,2025,321.8,6.79,0,4.61,396,73.48
300.81,4,1,truck,automatic,any,hatchback,automatic,diesel,5,2025,334.29,5.67,0,4.71,207,76.32
411.71,2,3,coupe,manual,diesel,hatchback,automatic,gasoline,5,2026,353.68,6.46,0,3.17,121,65.41
852.36,2,1,truck,automatic,electric,truck,automatic,hybrid,4,2022,807.7,5.01,0,3.81,77,76.1
441.57,17,4,suv,automatic,gasoline,sedan,automatic,gasoline,5,2021,387.25,7.41,0,5,287,74.3
294.91,1,3,suv,any,gasoline,suv,automatic,hybrid,7,2019,308.0,4.74,0,3.97,322,77.66
359.6,1,3,sedan,manual,diesel,sedan,automatic,hybrid,5,2020,401.25,4.77,0,4.29,169,68.3
356.69,3,1,suv,automatic,any,sedan,manual,hybrid,5,2022,349.11,5.61,0,3.98,824,71.85
621.78,3,1,sedan,any,any,truck,manual,gasoline,3,2026,577.6,9.64,0,4.22,578,70.65
405.21,6,6,sedan,any,gasoline,sedan,manual,diesel,5,2021,430.03,6.83,0,4.15,753,59.41
569.76,9,3,hatchback,manual,gasoline,suv,automatic,electric,5,2026,573.08,0,451,3.59,212,68.56
284.9,1,6,suv,automatic,any,sedan,automatic,gasoline,5,2024,194.5,7.95,0,4.53,601,57.61
556.47,4,1,any,automatic,any,coupe,manual,gasoline,2,2018,438.49,7.92,0,4.52,342,72.45
190.4,6,4,coupe,any,gasoline,hatchback,manual,gasoline,5,2021,233.81,6.67,0,4.74,316,67.11
467.72,3,4,hatchback,automatic,any,sedan,manual,hybrid,5,2021,366.48,5.0,0,4.84,500,69.97
220.27,2,2,any,automatic,any,hatchback,automatic,diesel,5,2026,315.39,4.39,0,4.11,355,82.96
267.9,3,4,van,any,hybrid,hatchback,automatic,gasoline,5,2025,246.79,7.74,0,3.82,175,67.7
678.32,6,2,hatchback,automatic,diesel,suv,automatic,hybrid,5,2022,590.64,5.81,0,4.35,709,65.21
171.77,5,2,suv,automatic,hybrid,sedan,automatic,hybrid,5,2022,234.09,4.25,0,4.69,233,69.3
1063.95,1,2,van,manual,diesel,truck,automatic,electric,5,2024,782.95,0,354,4.99,191,64.97
655.59,5,7,any,manual,diesel,suv,automatic,gasoline,5,2024,600.79,9.7,0,4.2,272,51.24
766.05,4,2,any,manual,gasoline,truck,manual,gasoline,4,2021,687.15,7.87,0,4.9,200,81.55
484.53,1,1,sedan,automatic,any,suv,manual,diesel,5,2024,461.02,6.24,0,4.95,355,70.67
211.7,5,1,hatchback,automatic,hybrid,hatchback,automatic,gasoline,5,2022,217.69,7.79,0,4.37,351,74.9
594.83,3,3,sedan,automatic,hybrid,sedan,automatic,electric,5,2026,528.49,0,364,3.87,248,86.07
672.69,15,2,hatchback,manual,electric,coupe,automatic,electric,2,2015,809.05,0,206,4.26,326,54.08
359.87,5,3,hatchback,automatic,gasoline,hatchback,manual,diesel,5,2024,283.67,7.35,0,4.04,316,70.77
360.03,2,5,any,any,any,sedan,automatic,gasoline,5,2023,394.8,6.08,0,4.42,148,82.11
240.24,3,1,sedan,automatic,gasoline,hatchback,automatic,gasoline,5,2018,150,7.84,0,4.69,1059,69.68
453.23,2,3,hatchback,automatic,any,suv,automatic,gasoline,5,2023,579.15,6.74,0,4.03,357,68.45
396.76,3,4,hatchback,any,diesel,sedan,automatic,electric,5,2026,342.45,0,332,3.95,311,75.44
887.28,4,2,sedan,automatic,gasoline,coupe,manual,gasoline,2,2019,688.07,7.29,0,4.8,239,60.54
422.02,3,2,hatchback,automatic,electric,sedan,automatic,diesel,5,2024,372.33,5.31,0,4.33,301,74.83
378.0,1,5,truck,any,any,hatchback,automatic,diesel,5,2025,375.19,6.19,0,4.1,473,81.11
261.07,5,2,suv,automatic,electric,hatchback,automatic,gasoline,5,2022,277.39,7.23,0,4.52,351,64.68
316.9,2,6,sedan,automatic,electric,hatchback,manual,gasoline,5,2019,286.98,7.88,0,4.1,323,37.76
301.94,2,3,suv,manual,gasoline,hatchback,automatic,diesel,5,2026,355.91,6.76,0,3.8,480,59.4
306.6,2,6,sedan,manual,hybrid,hatchback,automatic,gasoline,5,2024,355.49,7.88,0,5,481,41.1
383.44,3,2,sedan,any,diesel,hatchback,manual,hybrid,5,2015,284.55,3.7,0,3.93,49,68.07
295.51,4,1,sedan,any,gasoline,hatchback,automatic,gasoline,5,2021,252.46,7.93,0,4.42,674,70.77
363.11,10,2,any,automatic,gasoline,sedan,automatic,gasoline,5,2025,421.91,8.9,0,3.67,297,79.51
640.83,1,1,sedan,automatic,any,van,automatic,electric,9,2022,510.56,0,306,4.58,958,75.13
597.13,1,6,suv,automatic,gasoline,van,manual,electric,7,2016,650.11,0,424,4.09,375,57.61
157.57,1,1,sedan,any,hybrid,sedan,automatic,diesel,5,2022,239.8,5.99,0,3.97,563,65.88
356.27,1,1,coupe,automatic,gasoline,hatchback,automatic,gasoline,5,2024,346.72,7.92,0,4.81,669,78.72
212.95,2,1,van,any,diesel,sedan,automatic,gasoline,5,2020,178.41,5.57,0,3.78,665,61.98
242.37,7,1,any,manual,any,hatchback,manual,gasoline,5,2019,197.57,7.88,0,4.13,459,75.49
266.6,3,2,hatchback,any,any,sedan,manual,gasoline,5,2023,300.43,9.33,0,4.14,171,64.62
1110.64,1,1,suv,automatic,gasoline,coupe,manual,electric,2,2023,806.4,0,432,3.64,369,61.21
309.36,3,3,hatchback,any,hybrid,hatchback,manual,diesel,5,2026,279.91,5.45,0,4.42,91,84.4
695.94,2,1,suv,manual,gasoline,suv,automatic,electric,5,2026,634.58,0,407,3.71,592,79.65
1147.91,30,3,suv,manual,any,suv,automatic,electric,5,2023,849.92,0,247,4.54,514,75.87
546.9,9,9,suv,any,any,sedan,manual,hybrid,5,2025,461.18,6.09,0,4.02,257,62.25
276.08,3,1,truck,automatic,hybrid,sedan,automatic,diesel,5,2023,246.26,6.03,0,4.2,436,66.45
364.64,2,1,sedan,manual,any,hatchback,automatic,gasoline,5,2024,329.14,8.82,0,4.58,519,68.29
225.42,2,1,van,any,gasoline,sedan,automatic,hybrid,5,2026,287.29,3.74,0,4.1,856,71.21
625.14,5,6,any,automatic,gasoline,coupe,automatic,hybrid,3,2018,601.94,5.99,0,4.06,388,57.69
150,3,3,coupe,manual,any,hatchback,manual,gasoline,5,2024,200.21,9.23,0,4.26,661,66.85
688.74,4,1,sedan,any,diesel,suv,automatic,gasoline,7,2018,602.55,8.33,0,4.68,585,59.54
285.92,26,1,sedan,any,gasoline,hatchback,automatic,gasoline,5,2017,222.75,6.65,0,4.01,174,68.3
206.86,4,3,sedan,any,electric,hatchback,automatic,gasoline,5,2018,284.54,9.01,0,4.31,759,48.17
658.61,1,1,suv,automatic,any,suv,automatic,gasoline,6,2023,610.23,7.3,0,3.7,799,85.69
503.03,3,2,hatchback,automatic,electric,truck,manual,gasoline,3,2023,539.33,7.83,0,4.96,362,55.06
919.95,23,4,suv,any,gasoline,suv,manual,gasoline,6,2024,675.98,5.99,0,3.64,602,91.2
221.37,2,5,any,automatic,any,hatchback,automatic,hybrid,5,2017,176.05,3.54,0,4.67,407,86.85
157.73,2,5,any,manual,gasoline,hatchback,automatic,diesel,5,2015,150,5.21,0,4.38,591,68.1
658.68,1,2,any,automatic,diesel,coupe,automatic,diesel,2,2021,717.6,6.65,0,3.87,855,78.47
953.83,7,1,suv,automatic,any,coupe,manual,gasoline,4,2026,883.24,5.57,0,4.2,791,72.01
150,2,1,any,automatic,gasoline,hatchback,automatic,hybrid,5,2017,150,6.12,0,4.0,605,68.97
352.13,7,2,truck,any,gasoline,hatchback,automatic,gasoline,5,2024,298.2,6.7,0,4.63,1115,80.2
548.87,28,2,van,any,hybrid,suv,manual,gasoline,5,2026,569.35,5.82,0,5,181,72.98
393.6,1,1,suv,any,any,hatchback,manual,diesel,5,2020,319.47,4.44,0,3.5,32,71.84
558.95,2,6,hatchback,any,electric,sedan,manual,diesel,5,2023,466.05,4.47,0,3.96,512,57.09
290.02,16,1,hatchback,any,gasoline,hatchback,automatic,electric,5,2019,295.85,0,270,5,30,70.85
313.41,21,5,any,any,gasoline,sedan,automatic,diesel,5,2025,306.22,6.04,0,4.32,812,81.63
552.35,1,3,hatchback,any,electric,suv,automatic,gasoline,5,2021,473.52,7.85,0,4.06,300,61.76
223.42,5,1,suv,any,any,hatchback,automatic,electric,5,2023,235.94,0,275,3.9,165,75.07
429.18,2,4,suv,automatic,gasoline,hatchback,manual,gasoline,5,2019,310.56,6.32,0,3.98,785,61.96
506.01,8,2,truck,any,hybrid,suv,manual,diesel,5,2026,477.83,5.06,0,3.6,757,71.03
175.5,13,5,hatchback,automatic,gasoline,sedan,automatic,gasoline,5,2019,201.23,9.52,0,3.98,188,63.17
185.24,1,1,hatchback,automatic,gasoline,sedan,automatic,gasoline,5,2023,281.11,9.41,0,4.84,272,57.7
181.05,29,4,hatchback,manual,diesel,hatchback,automatic,gasoline,5,2021,150,7.85,0,3.97,662,63.5
294.87,1,1,van,automatic,any,suv,automatic,gasoline,7,2022,334.4,7.05,0,4.99,25,70.2
324.35,3,5,coupe,any,any,hatchback,automatic,hybrid,5,2022,282.3,3.82,0,4.58,399,82.86
324.15,21,2,hatchback,manual,gasoline,hatchback,automatic,electric,5,2022,293.29,0,291,3.7,123,71.25
786.27,26,3,any,automatic,hybrid,coupe,manual,hybrid,2,2021,811.46,4.36,0,4.21,493,62.32
1035.9,2,3,sedan,automatic,gasoline,suv,automatic,electric,5,2024,855.09,0,224,4.72,922,69.95
272.65,2,4,any,automatic,any,sedan,automatic,gasoline,5,2019,217.98,7.98,0,3.84,248,74.56
150,1,4,sedan,automatic,gasoline,hatchback,manual,hybrid,5,2023,212.24,5.67,0,3.85,683,52.64
345.5,4,2,suv,manual,any,sedan,automatic,gasoline,5,2023,370.78,8.77,0,4.25,496,61.54
495.22,1,1,suv,automatic,gasoline,sedan,manual,diesel,5,2023,387.17,7.22,0,4.45,503,58.39
306.26,19,3,any,any,any,hatchback,automatic,diesel,5,2015,225.49,6.59,0,3.46,406,76.01
627.69,6,4,suv,automatic,diesel,suv,automatic,gasoline,7,2022,523.36,8.95,0,4.68,721,71.35
760.3,6,1,hatchback,manual,any,truck,automatic,diesel,2,2024,630.39,5.58,0,4.29,453,73.15
465.21,1,2,coupe,automatic,any,sedan,automatic,electric,5,2026,368.24,0,249,4.08,347,82.27
1233.44,1,5,sedan,any,any,van,automatic,hybrid,9,2026,1011.61,3.7,0,4.09,329,86.79
299.38,1,6,any,any,hybrid,hatchback,automatic,hybrid,5,2026,349.21,3.71,0,3.35,192,74.87
225.14,3,1,any,manual,diesel,hatchback,automatic,hybrid,5,2022,259.33,6.06,0,4.74,212,68.57
542.34,1,4,any,automatic,diesel,coupe,manual,diesel,3,2020,483.07,6.5,0,3.93,389,59.89
470.86,1,9,suv,automatic,diesel,truck,manual,gasoline,2,2023,575.06,5.53,0,4.75,970,43.41
622.0,2,2,suv,automatic,gasoline,suv,automatic,gasoline,5,2023,567.1,8.71,0,4.43,197,79.19
283.18,24,3,coupe,any,hybrid,sedan,manual,hybrid,5,2022,257.3,6.1,0,5,465,77.61
336.14,3,6,suv,automatic,gasoline,hatchback,automatic,gasoline,5,2020,278.08,8.44,0,4.34,636,54.6
747.62,9,3,any,any,gasoline,suv,manual,electric,7,2026,568.99,0,354,3.54,454,79.94
305.66,14,1,sedan,any,diesel,hatchback,manual,gasoline,5,2022,279.3,9.19,0,3.9,163,63.98
239.68,2,4,van,manual,gasoline,hatchback,manual,diesel,5,2025,176.31,5.47,0,4.22,212,74.73
246.27,4,1,van,automatic,any,hatchback,automatic,diesel,5,2023,210.82,5.11,0,4.08,795,79.6
1049.13,1,3,suv,automatic,electric,van,manual,hybrid,8,2024,890.43,4.76,0,3.51,1120,66.86
645.76,3,4,suv,automatic,gasoline,van,automatic,hybrid,9,2017,705.72,3.9,0,4.46,358,61.15
357.1,7,1,suv,manual,gasoline,hatchback,automatic,diesel,5,2025,344.96,5.02,0,3.24,147,66.86
284.87,3,1,hatchback,automatic,hybrid,suv,manual,gasoline,6,2017,282.5,9.54,0,4.31,651,50.81
505.04,3,8,sedan,any,any,van,manual,electric,9,2020,451.68,0,289,4.53,729,73.19
704.89,5,3,any,automatic,any,van,manual,gasoline,7,2026,726.68,6.73,0,3.79,307,83.68
203.15,1,2,sedan,automatic,diesel,hatchback,automatic,gasoline,5,2026,184.32,5.85,0,4.26,370,73.59
655.26,1,4,van,automatic,any,truck,manual,hybrid,4,2019,608.59,4.39,0,4.05,719,65.52
297.61,20,9,van,automatic,gasoline,sedan,manual,gasoline,5,2015,196.28,6.95,0,5,672,48.63
583.75,1,2,truck,automatic,any,suv,automatic,hybrid,6,2021,523.92,6.12,0,4.19,433,74.2
335.81,4,6,any,any,gasoline,hatchback,manual,gasoline,5,2020,275.87,7.16,0,3.98,236,62.13
245.27,2,3,van,manual,gasoline,sedan,automatic,gasoline,5,2016,185.66,8.27,0,3.94,425,56.21
720.93,2,2,sedan,automatic,gasoline,van,automatic,diesel,7,2026,787.67,6.89,0,4.99,569,69.05
336.57,3,3,suv,automatic,gasoline,hatchback,manual,diesel,5,2023,280.0,5.25,0,4.23,734,65.25
268.73,5,3,any,automatic,any,hatchback,automatic,diesel,5,2018,241.72,6.57,0,4.58,146,79.14
150,7,2,truck,manual,gasoline,sedan,automatic,diesel,5,2026,214.8,6.84,0,3.86,622,53.57
673.99,3,3,sedan,automatic,gasoline,truck,automatic,gasoline,3,2023,585.16,9.1,0,4.11,235,72.61
929.93,4,4,van,automatic,hybrid,truck,automatic,hybrid,5,2024,813.97,3.59,0,5,397,84.82
613.22,22,3,any,automatic,hybrid,suv,manual,hybrid,6,2019,642.47,4.15,0,3.82,229,77.85
274.88,1,4,hatchback,automatic,gasoline,hatchback,manual,diesel,5,2025,219.35,5.81,0,4.38,99,75.46
755.58,1,1,suv,manual,gasoline,suv,automatic,hybrid,5,2018,656.28,3.89,0,4.55,123,67.53
486.42,2,9,sedan,any,diesel,sedan,automatic,electric,5,2023,375.5,0,352,4.65,526,63.13
370.24,17,1,suv,automatic,gasoline,hatchback,manual,hybrid,5,2026,406.17,4.05,0,4.26,905,69.23
270.02,5,4,suv,manual,gasoline,hatchback,automatic,hybrid,5,2025,293.39,4.63,0,4.93,358,65.08
917.36,1,3,suv,manual,any,van,manual,electric,9,2025,846.3,0,363,4.01,259,84.72
514.44,1,2,any,manual,electric,van,manual,diesel,7,2022,655.82,5.8,0,3.32,628,70.71
284.58,23,3,sedan,automatic,gasoline,hatchback,manual,gasoline,5,2016,244.52,8.13,0,4.02,611,56.29
863.15,17,1,suv,manual,any,van,automatic,electric,8,2018,624.19,0,350,3.96,110,62.27
472.95,18,2,suv,automatic,any,sedan,manual,diesel,5,2019,366.53,6.1,0,3.91,691,64.18
486.34,4,3,suv,automatic,any,suv,automatic,hybrid,6,2019,372.57,4.31,0,5,165,86.24
562.73,8,4,suv,any,hybrid,suv,automatic,gasoline,7,2023,529.22,9.71,0,4.34,1092,74.85
452.37,24,2,van,any,electric,sedan,automatic,diesel,5,2015,385.9,4.85,0,4.37,446,65.69
412.89,2,2,coupe,automatic,gasoline,suv,automatic,diesel,7,2019,500.07,6.13,0,4.39,608,58.25
885.49,5,4,suv,manual,hybrid,truck,manual,gasoline,3,2023,676.61,5.54,0,3.85,621,56.19
322.69,2,3,suv,automatic,any,hatchback,automatic,hybrid,5,2023,369.78,5.02,0,4.29,308,72.3
235.92,4,2,coupe,manual,any,sedan,automatic,diesel,5,2017,308.41,5.1,0,4.53,492,57.25
480.97,5,3,sedan,automatic,diesel,suv,automatic,gasoline,5,2017,446.15,8.91,0,3.93,389,57.53
264.85,1,1,any,automatic,any,sedan,automatic,diesel,5,2024,312.92,6.42,0,3.93,219,79.5
444.68,4,3,suv,automatic,gasoline,coupe,automatic,gasoline,4,2016,347.16,7.66,0,3.77,169,68.14
296.86,21,4,sedan,any,any,sedan,automatic,gasoline,5,2022,274.93,9.35,0,4.9,195,83.41
346.69,2,4,sedan,automatic,hybrid,hatchback,automatic,gasoline,5,2022,275.88,7.03,0,3.89,624,64.54
635.91,7,4,any,any,gasoline,sedan,automatic,hybrid,5,2026,530.98,5.03,0,4.09,650,84.0
520.9,3,2,any,automatic,any,van,automatic,gasoline,7,2022,656.34,6.34,0,4.08,525,81.03
242.13,2,3,suv,any,gasoline,hatchback,automatic,gasoline,5,2023,211.69,9.59,0,4.47,649,72.77
266.85,2,1,sedan,automatic,any,hatchback,manual,gasoline,5,2020,284.49,9.78,0,4.03,422,59.82
697.0,1,3,suv,any,gasoline,suv,manual,electric,7,2020,656.14,0,319,4.11,469,72.41
356.34,4,2,suv,any,hybrid,hatchback,automatic,electric,5,2021,299.49,0,385,4.78,609,71.06
541.76,7,1,sedan,manual,gasoline,truck,manual,gasoline,2,2024,395.1,8.31,0,5,1129,77.19
453.7,12,3,coupe,automatic,gasoline,suv,manual,diesel,7,2024,401.25,5.21,0,4.93,768,68.67
833.2,28,1,coupe,automatic,gasoline,coupe,automatic,hybrid,3,2026,1066.57,4.35,0,3.82,692,76.92
413.19,1,4,sedan,any,any,suv,manual,gasoline,5,2017,269.87,6.51,0,4.38,348,67.83
675.72,3,1,sedan,any,any,van,manual,gasoline,9,2024,555.97,9.17,0,4.88,468,70.26
443.99,2,2,any,manual,gasoline,hatchback,automatic,electric,5,2021,386.05,0,330,4.53,680,69.28
647.12,5,8,any,any,any,suv,automatic,gasoline,7,2018,579.16,8.11,0,4.01,1131,57.95
201.34,21,3,suv,automatic,gasoline,hatchback,automatic,gasoline,5,2019,154.03,7.87,0,4.72,92,67.78
230.83,24,4,any,automatic,diesel,hatchback,automatic,gasoline,5,2022,188.43,8.72,0,4.28,790,68.74
724.74,1,2,sedan,any,gasoline,van,automatic,gasoline,8,2021,577.95,6.73,0,4.5,606,72.56
576.53,5,5,sedan,any,diesel,van,automatic,gasoline,7,2025,448.82,5.78,0,4.9,281,70.75
676.33,16,2,van,automatic,any,van,manual,diesel,8,2021,787.11,6.03,0,4.0,246,72.6
493.33,12,2,any,automatic,gasoline,suv,automatic,hybrid,7,2021,500.46,4.61,0,3.84,425,75.02
827.99,20,9,any,automatic,gasoline,suv,automatic,gasoline,5,2021,582.76,6.18,0,4.74,392,70.35
841.74,1,2,suv,manual,hybrid,truck,manual,hybrid,3,2026,879.2,6.12,0,4.9,397,78.69
159.74,30,2,truck,any,gasoline,sedan,manual,gasoline,5,2017,261.95,6.22,0,3.5,486,53.76
859.44,1,2,any,any,gasoline,truck,automatic,diesel,5,2022,791.68,5.93,0,4.77,261,80.92
256.75,9,3,hatchback,automatic,gasoline,hatchback,automatic,gasoline,5,2020,266.12,5.84,0,4.23,204,83.1
420.95,9,1,van,automatic,hybrid,sedan,automatic,electric,5,2023,333.6,0,397,4.3,880,70.5
215.21,1,3,sedan,manual,hybrid,sedan,automatic,gasoline,5,2025,238.53,8.03,0,4.4,879,69.7
238.99,2,3,van,automatic,hybrid,sedan,automatic,gasoline,5,2023,248.97,6.63,0,3.91,173,63.44
501.78,1,5,sedan,automatic,any,sedan,automatic,diesel,5,2024,438.56,5.65,0,4.6,628,89.83
422.22,3,3,hatchback,manual,gasoline,hatchback,manual,gasoline,5,2019,318.33,6.4,0,4.74,754,78.81
765.87,1,2,any,automatic,gasoline,van,manual,diesel,9,2026,969.5,6.46,0,5,63,65.84
309.25,30,5,hatchback,any,gasoline,suv,manual,gasoline,7,2021,295.62,6.96,0,3.93,580,70.93
275.71,4,2,sedan,manual,diesel,hatchback,manual,gasoline,5,2021,265.2,8.21,0,4.01,284,60.8
612.81,2,4,suv,any,hybrid,suv,automatic,gasoline,7,2021,493.29,7.7,0,3.3,206,73.58
150,9,5,any,automatic,any,hatchback,manual,gasoline,5,2024,191.28,5.54,0,3.52,597,76.1
596.52,2,1,sedan,automatic,gasoline,van,automatic,gasoline,9,2022,700.75,8.46,0,3.6,895,62.21
744.64,2,1,sedan,automatic,any,van,manual,gasoline,9,2022,611.41,7.4,0,3.49,877,64.7
264.58,8,1,hatchback,automatic,diesel,hatchback,automatic,electric,5,2019,265.31,0,246,4.33,408,72.3
524.08,25,1,van,automatic,gasoline,suv,automatic,hybrid,5,2024,689.87,5.14,0,4.22,917,62.96
387.61,1,2,sedan,automatic,gasoline,hatchback,manual,gasoline,5,2026,294.31,5.86,0,4.05,242,75.44
1089.05,2,4,suv,manual,gasoline,coupe,automatic,gasoline,3,2025,817.21,6.21,0,4.63,334,60.34
364.82,8,6,any,manual,any,hatchback,automatic,hybrid,5,2019,331.32,5.05,0,4.53,117,60.53
471.07,5,1,van,automatic,gasoline,suv,automatic,electric,5,2026,567.49,0,470,3.78,201,71.95
769.94,5,2,hatchback,manual,hybrid,coupe,automatic,gasoline,3,2023,612.67,5.9,0,3.57,704,58.38
336.78,2,1,van,any,gasoline,hatchback,automatic,diesel,5,2021,295.23,6.61,0,4.21,596,65.25
343.35,24,2,truck,manual,any,sedan,manual,electric,5,2017,366.9,0,364,4.29,568,67.45
519.47,4,7,sedan,automatic,gasoline,suv,manual,diesel,5,2025,559.32,6.52,0,4.84,116,47.55
206.21,12,2,any,manual,any,hatchback,automatic,diesel,5,2024,192.75,5.43,0,4.56,442,81.09
233.37,3,2,any,any,hybrid,hatchback,automatic,diesel,5,2025,301.32,5.1,0,4.23,233,78.06
648.57,1,6,sedan,automatic,hybrid,sedan,manual,electric,5,2017,478.13,0,297,3.99,623,47.61
410.96,5,2,suv,any,gasoline,sedan,automatic,electric,5,2016,396.35,0,414,4.48,440,63.53
254.08,1,3,suv,manual,any,sedan,manual,gasoline,5,2019,247.97,8.32,0,3.8,287,65.42
930.81,5,2,sedan,automatic,hybrid,van,automatic,hybrid,8,2025,974.54,4.82,0,3.83,525,79.68
567.9,1,2,any,automatic,gasoline,sedan,automatic,hybrid,5,2023,422.75,4.12,0,3.84,1046,81.46
252.14,30,1,sedan,any,gasoline,hatchback,manual,gasoline,5,2025,276.91,9.67,0,4.35,280,73.03
314.52,3,3,sedan,automatic,electric,sedan,automatic,gasoline,5,2020,385.82,7.68,0,3.79,616,62.46
371.43,1,2,suv,manual,gasoline,hatchback,manual,gasoline,5,2018,307.48,9.18,0,4.04,503,66.47
1518.8,20,2,sedan,automatic,gasoline,coupe,manual,electric,3,2023,1204.65,0,318,3.3,448,59.51
834.07,1,2,sedan,any,any,truck,automatic,hybrid,5,2023,712.94,3.76,0,4.58,739,79.21
231.78,30,2,sedan,automatic,hybrid,hatchback,automatic,gasoline,5,2015,150,8.55,0,4.58,418,54.68
405.76,28,3,sedan,automatic,any,sedan,manual,diesel,5,2025,298.24,5.7,0,3.98,283,82.02
425.88,3,2,coupe,any,hybrid,hatchback,automatic,electric,5,2019,337.94,0,297,4.08,933,60.45
671.61,3,3,sedan,manual,diesel,coupe,automatic,diesel,2,2018,570.98,7.38,0,3.91,600,42.59
347.27,1,2,any,manual,any,suv,manual,gasoline,5,2021,339.22,7.44,0,4.46,231,78.5
331.01,2,1,suv,any,electric,hatchback,automatic,gasoline,5,2026,264.69,9.78,0,4.58,269,68.7
248.62,1,4,suv,automatic,gasoline,hatchback,manual,gasoline,5,2020,298.94,7.23,0,4.03,138,55.94
294.17,1,5,van,automatic,gasoline,hatchback,manual,electric,5,2023,251.07,0,471,4.34,184,68.62
214.78,1,2,hatchback,manual,diesel,hatchback,automatic,gasoline,5,2022,182.89,5.9,0,3.86,109,73.57
458.69,3,1,suv,manual,gasoline,sedan,manual,electric,5,2025,420.14,0,203,4.28,518,67.4
180.12,15,3,hatchback,automatic,electric,hatchback,automatic,gasoline,5,2023,238.29,9.75,0,4.36,201,64.47
340.62,6,1,any,manual,gasoline,sedan,automatic,electric,5,2020,424.92,0,274,4.68,176,63.73
178.26,2,3,any,manual,any,hatchback,automatic,gasoline,5,2026,201.68,5.88,0,3.96,182,79.46
382.78,3,2,any,automatic,diesel,sedan,automatic,gasoline,5,2025,397.42,9.12,0,4.63,579,78.59
394.61,1,3,any,any,electric,sedan,automatic,gasoline,5,2024,363.21,5.65,0,4.15,668,84.64
450.71,3,2,suv,automatic,diesel,sedan,automatic,gasoline,5,2021,446.75,8.17,0,3.9,189,60.21
812.41,2,2,suv,manual,any,coupe,automatic,electric,2,2020,923.6,0,247,3.29,276,57.74
686.39,5,3,suv,automatic,hybrid,van,automatic,gasoline,9,2022,586.85,6.87,0,3.44,774,66.73
639.29,5,2,hatchback,manual,diesel,suv,manual,electric,5,2026,788.87,0,314,4.03,573,68.04
504.79,1,3,sedan,any,diesel,sedan,manual,gasoline,5,2020,414.18,8.06,0,4.62,356,74.26
431.04,2,6,any,automatic,any,suv,automatic,diesel,7,2022,391.16,5.72,0,5,824,87.3
377.33,3,5,sedan,automatic,gasoline,sedan,manual,gasoline,5,2022,320.35,9.2,0,4.42,590,74.38
201.86,5,2,suv,automatic,diesel,hatchback,automatic,gasoline,5,2023,175.2,7.42,0,4.56,700,66.39
495.17,2,4,suv,automatic,any,hatchback,manual,electric,5,2023,424.8,0,383,4.54,157,69.92
710.44,7,2,suv,any,diesel,coupe,automatic,electric,2,2023,615.69,0,383,4.57,78,69.21
564.24,3,2,sedan,any,diesel,sedan,automatic,electric,5,2019,445.56,0,319,3.98,652,72.69
366.68,3,2,any,manual,gasoline,hatchback,automatic,gasoline,5,2025,352.0,6.76,0,4.9,290,86.38
807.96,8,4,truck,automatic,any,truck,manual,gasoline,4,2024,663.22,9.14,0,4.46,240,75.85
611.92,26,4,hatchback,automatic,any,coupe,manual,hybrid,2,2025,474.17,4.24,0,3.77,426,59.83
397.98,1,1,any,any,any,suv,manual,diesel,5,2023,357.99,4.8,0,4.38,325,90.4
263.64,14,3,sedan,any,any,sedan,automatic,diesel,5,2019,257.31,4.4,0,3.38,697,84.88
379.21,6,1,suv,any,diesel,hatchback,automatic,diesel,5,2026,305.1,6.33,0,3.33,625,81.12
440.66,2,9,sedan,any,gasoline,suv,manual,diesel,6,2019,549.42,6.89,0,4.68,615,42.49
373.87,8,4,hatchback,any,gasoline,sedan,automatic,gasoline,5,2020,325.66,6.66,0,3.83,354,70.18
412.82,3,4,sedan,manual,hybrid,suv,manual,diesel,5,2021,424.99,6.64,0,4.57,608,63.19
240.21,1,3,hatchback,automatic,gasoline,hatchback,automatic,gasoline,5,2024,262.51,8.39,0,4.19,92,84.43
502.29,1,2,suv,any,hybrid,sedan,automatic,electric,5,2021,432.9,0,244,3.46,294,61.11
972.85,30,4,any,automatic,gasoline,van,manual,gasoline,7,2026,792.32,9.29,0,4.02,667,73.97
563.41,1,2,sedan,any,gasoline,suv,automatic,diesel,5,2024,485.19,4.79,0,3.6,249,70.71
338.67,2,2,suv,any,gasoline,sedan,automatic,hybrid,5,2023,347.54,4.52,0,3.59,399,71.96
721.78,6,2,coupe,automatic,any,coupe,automatic,gasoline,4,2022,600.08,9.72,0,4.23,765,76.05
527.32,1,1,sedan,manual,any,sedan,manual,gasoline,5,2023,410.45,6.67,0,3.77,686,82.56
348.24,26,3,any,any,any,van,manual,hybrid,7,2018,400.94,3.99,0,4.5,605,80.72
268.4,8,1,truck,any,electric,hatchback,manual,electric,5,2017,313.51,0,285,4.45,912,65.62
411.06,3,9,any,any,any,hatchback,manual,diesel,5,2026,292.46,7.09,0,3.69,307,73.1
560.08,3,2,any,manual,diesel,sedan,automatic,gasoline,5,2024,432.48,8.69,0,4.58,1059,67.38
224.06,7,3,hatchback,any,gasoline,sedan,automatic,gasoline,5,2020,247.67,6.4,0,4.41,331,70.23
562.43,8,1,suv,manual,any,van,automatic,diesel,8,2024,778.07,5.65,0,3.78,774,62.4
488.78,4,4,any,any,any,suv,manual,diesel,6,2019,499.41,5.58,0,4.97,866,80.34
405.05,1,1,truck,manual,any,suv,manual,gasoline,7,2017,344.23,5.93,0,4.33,1040,71.89
429.23,5,4,coupe,automatic,electric,sedan,automatic,electric,5,2017,433.41,0,297,4.57,235,71.57
214.83,11,2,any,automatic,gasoline,hatchback,manual,gasoline,5,2023,246.1,6.96,0,4.74,358,71.58
884.69,11,4,hatchback,automatic,any,van,automatic,electric,9,2026,878.84,0,215,4.68,625,77.7
792.06,6,6,suv,automatic,gasoline,coupe,manual,electric,3,2016,671.18,0,402,5,549,44.39
646.43,27,9,suv,automatic,any,sedan,automatic,electric,5,2025,472.43,0,304,4.4,277,65.6
309.19,1,1,van,any,hybrid,sedan,automatic,gasoline,5,2022,439.67,5.51,0,3.0,798,53.67
206.63,7,1,suv,automatic,gasoline,hatchback,manual,diesel,5,2021,192.71,7.07,0,4.8,994,58.99
976.0,4,2,any,manual,gasoline,van,manual,gasoline,7,2019,707.84,9.39,0,4.13,879,73.87
875.65,2,1,any,automatic,any,suv,automatic,hybrid,5,2026,866.76,4.4,0,3.8,171,94.74
281.04,1,4,any,automatic,any,hatchback,manual,diesel,5,2023,310.63,5.45,0,4.48,573,82.46
656.45,2,3,any,automatic,diesel,van,automatic,diesel,7,2023,518.05,4.97,0,3.43,980,88.73
150,25,1,sedan,automatic,gasoline,hatchback,automatic,gasoline,5,2017,194.82,6.3,0,4.83,240,63.96
646.62,1,2,sedan,any,any,sedan,manual,diesel,5,2024,458.62,6.93,0,3.51,391,89.7
227.41,1,6,van,any,gasoline,hatchback,automatic,hybrid,5,2018,245.06,3.95,0,3.4,425,48.0
514.34,5,3,hatchback,automatic,gasoline,suv,manual,gasoline,5,2026,503.56,9.37,0,4.5,532,68.26
726.13,1,2,truck,automatic,any,van,automatic,diesel,7,2026,825.72,5.77,0,4.25,181,80.51
191.98,3,3,suv,manual,gasoline,hatchback,automatic,gasoline,5,2023,189.55,7.73,0,4.44,639,64.55
230.46,2,3,van,manual,any,sedan,automatic,diesel,5,2021,200.87,7.23,0,3.31,522,65.14
370.65,7,3,truck,automatic,diesel,hatchback,automatic,diesel,5,2020,302.12,5.18,0,4.44,1002,77.14
331.6,3,3,van,manual,hybrid,hatchback,manual,electric,5,2026,318.67,0,200,4.06,333,71.39
492.5,1,3,hatchback,automatic,gasoline,sedan,automatic,diesel,5,2021,416.88,5.63,0,4.92,168,70.01
571.52,3,3,van,automatic,hybrid,van,automatic,electric,7,2026,650.6,0,475,4.14,770,80.79
380.79,4,5,hatchback,any,gasoline,sedan,manual,gasoline,5,2022,299.54,7.66,0,3.94,568,68.71
755.26,28,3,suv,manual,diesel,coupe,automatic,gasoline,4,2020,546.96,9.16,0,4.32,559,54.38
628.47,3,2,hatchback,automatic,diesel,suv,manual,gasoline,5,2021,661.48,5.85,0,4.4,89,60.15
190.33,1,3,any,manual,hybrid,hatchback,manual,gasoline,5,2022,155.82,9.53,0,3.54,399,69.33
525.48,8,2,suv,automatic,gasoline,coupe,manual,diesel,2,2018,444.32,7.39,0,4.34,263,51.39
864.31,2,1,hatchback,automatic,hybrid,van,automatic,electric,9,2023,703.89,0,391,4.52,69,69.57
472.08,2,5,hatchback,automatic,any,suv,automatic,electric,6,2025,626.83,0,326,4.09,407,75.1
574.73,4,2,sedan,any,diesel,van,automatic,hybrid,7,2023,638.31,5.85,0,4.2,925,65.3
315.11,5,4,van,any,any,sedan,manual,gasoline,5,2025,245.19,9.43,0,3.59,183,74.34
353.22,22,4,any,manual,any,van,manual,gasoline,8,2024,450.65,6.7,0,4.19,444,76.68
637.42,5,1,van,automatic,electric,suv,automatic,diesel,6,2023,692.96,4.54,0,3.55,800,71.51
1044.26,2,1,hatchback,automatic,electric,coupe,manual,gasoline,4,2022,819.32,7.68,0,4.25,720,57.07
530.4,3,1,van,any,any,suv,automatic,gasoline,5,2024,440.53,6.2,0,4.24,393,81.06
255.21,2,3,sedan,manual,any,hatchback,manual,electric,5,2026,214.45,0,382,4.33,584,83.14
873.96,2,1,suv,any,gasoline,truck,manual,gasoline,5,2025,733.26,7.86,0,4.88,861,79.13
450.23,26,1,van,any,gasoline,suv,automatic,hybrid,5,2015,362.23,4.66,0,4.29,427,63.73
180.88,4,3,sedan,automatic,gasoline,hatchback,manual,hybrid,5,2023,189.44,3.68,0,4.69,389,66.87
466.04,2,5,hatchback,any,hybrid,suv,manual,gasoline,5,2020,437.33,5.9,0,4.59,809,63.16
361.59,1,6,hatchback,manual,hybrid,suv,automatic,gasoline,7,2019,398.58,9.55,0,4.15,421,48.93
292.88,17,2,suv,any,any,suv,automatic,diesel,6,2018,385.14,7.24,0,4.17,721,67.63
341.53,2,1,van,automatic,gasoline,hatchback,automatic,electric,5,2022,244.87,0,466,4.68,349,74.05
261.14,25,2,truck,any,hybrid,hatchback,automatic,diesel,5,2021,304.92,7.26,0,4.18,777,58.54
849.92,1,3,sedan,automatic,gasoline,suv,manual,gasoline,5,2023,647.25,8.24,0,5,856,65.96
319.25,1,7,sedan,any,any,hatchback,manual,gasoline,5,2024,270.7,8.35,0,4.0,141,58.74
673.63,2,2,hatchback,automatic,gasoline,suv,automatic,gasoline,6,2023,693.19,6.25,0,3.99,259,73.02
275.92,18,3,any,any,any,hatchback,manual,diesel,5,2024,276.39,4.77,0,3.23,157,85.9
508.2,1,3,any,automatic,diesel,truck,manual,hybrid,5,2025,582.08,6.01,0,5,346,75.62
531.42,5,1,van,any,electric,van,manual,diesel,8,2015,351.7,5.52,0,4.6,567,73.86
558.55,14,3,sedan,any,electric,van,automatic,gasoline,8,2021,596.18,6.48,0,4.09,377,60.97
296.29,1,4,sedan,any,gasoline,sedan,manual,gasoline,5,2024,353.41,5.95,0,4.28,169,82.72
1042.06,2,1,van,automatic,any,coupe,automatic,hybrid,2,2024,1047.72,5.16,0,4.12,142,81.78
799.75,5,1,sedan,automatic,any,van,manual,diesel,7,2021,688.21,7.33,0,4.55,644,63.27
482.02,1,1,suv,automatic,diesel,truck,automatic,gasoline,3,2021,385.17,7.84,0,4.37,54,59.76
498.89,8,1,sedan,automatic,diesel,suv,manual,electric,6,2021,478.17,0,254,4.23,224,55.51
1135.62,6,2,any,automatic,any,coupe,automatic,electric,4,2026,934.01,0,327,4.35,830,86.49
362.79,5,2,suv,manual,any,hatchback,automatic,gasoline,5,2021,282.17,7.82,0,4.17,370,66.52
757.32,22,4,suv,any,any,van,automatic,gasoline,9,2025,854.72,6.56,0,4.88,627,74.18
815.68,2,2,hatchback,automatic,electric,truck,automatic,electric,2,2020,695.43,0,300,4.32,740,73.61
834.19,2,2,any,automatic,any,van,manual,gasoline,9,2023,834.03,6.5,0,4.47,205,82.15
316.35,27,3,coupe,manual,any,sedan,automatic,gasoline,5,2023,401.54,6.83,0,4.12,582,62.6
492.93,1,3,any,any,diesel,sedan,automatic,gasoline,5,2025,520.83,6.33,0,4.6,504,78.16
373.49,2,1,any,any,any,hatchback,automatic,diesel,5,2018,256.77,4.57,0,4.48,310,79.62
800.1,7,2,truck,manual,gasoline,suv,manual,diesel,6,2021,630.55,6.51,0,4.81,391,67.93
331.16,26,1,van,manual,gasoline,sedan,automatic,gasoline,5,2018,332.16,7.38,0,4.85,957,60.44
305.98,3,4,suv,automatic,diesel,hatchback,manual,gasoline,5,2026,216.52,7.66,0,3.63,805,63.49
697.4,2,3,suv,any,gasoline,suv,automatic,gasoline,6,2026,624.21,5.64,0,4.22,310,94.16
380.85,3,2,sedan,automatic,diesel,hatchback,manual,diesel,5,2019,333.94,6.51,0,4.52,88,66.84
298.32,1,2,hatchback,automatic,gasoline,hatchback,automatic,diesel,5,2019,308.61,6.33,0,4.11,401,69.9
491.08,15,4,any,automatic,gasoline,sedan,automatic,hybrid,5,2020,424.96,3.9,0,4.59,316,82.37
544.76,7,9,coupe,manual,diesel,suv,automatic,gasoline,6,2020,514.13,7.77,0,4.94,228,41.5
937.68,2,1,any,manual,any,van,manual,hybrid,9,2019,847.94,3.69,0,4.26,731,82.36
241.94,3,6,hatchback,automatic,any,hatchback,automatic,electric,5,2023,188.85,0,240,4.13,287,71.36
823.8,2,6,sedan,any,diesel,suv,automatic,gasoline,6,2018,627.63,8.54,0,3.82,281,55.47
754.58,7,1,any,any,hybrid,van,automatic,gasoline,8,2022,747.96,6.65,0,3.85,385,73.04
575.96,7,1,sedan,automatic,any,van,manual,gasoline,7,2023,675.48,6.15,0,4.71,789,68.48
298.87,5,3,any,automatic,gasoline,sedan,manual,gasoline,5,2024,268.12,8.12,0,4.4,603,76.82
984.49,1,4,suv,manual,any,van,automatic,gasoline,9,2019,767.1,6.97,0,3.98,193,61.1
653.1,11,3,truck,any,any,coupe,automatic,gasoline,3,2019,659.39,6.8,0,4.75,406,68.04
457.83,25,2,van,automatic,gasoline,suv,automatic,hybrid,5,2021,444.02,4.34,0,3.5,188,71.9
336.28,2,2,suv,any,any,sedan,manual,gasoline,5,2020,423.69,8.47,0,3.86,700,59.07
544.54,1,5,van,automatic,any,suv,manual,gasoline,6,2022,417.29,5.6,0,4.08,548,70.09
449.75,22,2,suv,any,any,suv,automatic,diesel,7,2025,452.14,7.35,0,4.53,778,85.45
1167.97,6,6,coupe,any,any,coupe,manual,diesel,3,2022,906.91,7.12,0,3.1,271,64.22
443.91,3,2,any,any,gasoline,hatchback,automatic,hybrid,5,2023,322.8,4.52,0,4.86,474,80.2
1086.67,3,4,suv,automatic,hybrid,coupe,manual,gasoline,4,2024,921.56,7.45,0,4.17,649,58.66
424.27,2,6,sedan,any,hybrid,van,automatic,gasoline,7,2019,397.97,8.27,0,4.25,548,57.87
283.36,2,4,hatchback,automatic,gasoline,hatchback,manual,gasoline,5,2016,194.72,8.38,0,4.64,534,67.43
690.35,25,1,sedan,manual,diesel,coupe,automatic,electric,4,2025,750.52,0,288,4.04,581,63.22
323.73,13,1,any,manual,any,hatchback,automatic,gasoline,5,2019,248.24,8.7,0,4.9,355,67.47
294.72,17,3,sedan,any,electric,sedan,automatic,electric,5,2023,285.49,0,310,4.0,155,84.74
477.71,9,1,suv,any,gasoline,sedan,automatic,gasoline,5,2024,504.7,9.33,0,3.7,413,72.9
373.83,1,3,any,automatic,any,sedan,automatic,gasoline,5,2021,344.48,7.7,0,4.46,264,80.43
197.88,6,3,van,manual,hybrid,hatchback,manual,diesel,5,2021,168.64,4.87,0,4.68,204,70.13
318.82,17,4,any,automatic,any,truck,manual,gasoline,5,2022,437.3,8.0,0,4.36,324,66.03
709.69,2,1,van,automatic,gasoline,sedan,automatic,electric,5,2023,568.51,0,312,4.4,263,69.03
752.79,1,4,coupe,automatic,any,suv,manual,gasoline,7,2026,589.72,7.3,0,4.05,212,71.31
443.96,4,2,van,automatic,any,sedan,automatic,hybrid,5,2021,423.31,6.1,0,4.72,495,71.79
257.44,4,3,hatchback,any,any,hatchback,manual,gasoline,5,2018,322.65,7.51,0,4.18,386,70.04
347.59,1,9,van,any,hybrid,sedan,automatic,gasoline,5,2017,294.9,8.41,0,4.37,700,42.16
267.03,1,3,any,any,gasoline,hatchback,manual,electric,5,2021,373.68,0,268,3.66,856,65.19
186.78,8,3,suv,automatic,any,hatchback,automatic,diesel,5,2020,163.93,7.0,0,3.91,242,67.68
456.53,18,2,hatchback,any,any,van,automatic,hybrid,8,2015,574.76,4.2,0,3.65,522,64.45
618.43,17,4,suv,automatic,gasoline,sedan,manual,electric,5,2023,532.19,0,350,4.23,595,64.8
303.53,2,5,any,any,hybrid,sedan,automatic,diesel,5,2017,382.63,5.15,0,4.11,144,63.6
657.24,10,1,any,automatic,any,suv,automatic,gasoline,5,2024,660.07,5.57,0,4.35,996,91.29
453.45,12,1,any,manual,any,suv,automatic,hybrid,7,2024,446.64,4.37,0,4.68,347,86.22
277.1,4,2,sedan,automatic,gasoline,sedan,automatic,hybrid,5,2020,295.61,3.76,0,4.41,288,75.19
349.48,5,5,suv,automatic,any,hatchback,automatic,gasoline,5,2019,347.74,6.58,0,4.34,271,68.07
382.83,8,6,any,automatic,any,hatchback,manual,gasoline,5,2022,310.14,7.14,0,3.08,780,59.64
1116.88,15,1,suv,automatic,any,coupe,automatic,gasoline,3,2022,840.21,8.46,0,3.83,532,67.28
547.61,2,3,sedan,any,any,sedan,manual,hybrid,5,2025,438.67,5.64,0,3.88,486,86.98
408.26,2,3,sedan,any,any,suv,automatic,hybrid,5,2021,315.06,5.61,0,4.57,345,77.32
171.8,17,4,hatchback,manual,gasoline,hatchback,automatic,diesel,5,2021,175.97,5.77,0,4.18,452,68.0
312.36,30,2,suv,automatic,any,hatchback,automatic,electric,5,2022,383.42,0,346,4.3,1056,73.63
319.88,16,3,sedan,any,gasoline,sedan,manual,gasoline,5,2026,278.22,7.73,0,4.91,475,87.48
560.31,3,1,any,any,gasoline,suv,automatic,gasoline,7,2025,539.56,9.34,0,3.96,295,82.97
293.87,1,5,van,automatic,any,hatchback,manual,gasoline,5,2025,267.19,6.06,0,4.14,83,75.26
159.65,9,3,any,manual,hybrid,hatchback,manual,gasoline,5,2026,214.83,7.88,0,4.36,290,71.8
670.61,2,1,suv,any,gasoline,suv,automatic,diesel,7,2025,712.17,6.93,0,4.25,100,79.92
476.5,8,3,sedan,manual,gasoline,sedan,manual,diesel,5,2025,497.87,5.94,0,4.7,604,80.59
795.18,6,1,any,automatic,any,suv,manual,gasoline,5,2019,624.2,6.17,0,4.38,591,72.47
625.32,3,1,suv,any,diesel,suv,automatic,diesel,6,2023,713.4,4.76,0,3.48,729,87.55
484.31,2,1,hatchback,any,any,sedan,manual,electric,5,2024,372.08,0,356,5,974,76.93
538.91,1,3,coupe,manual,gasoline,suv,automatic,gasoline,5,2022,562.8,7.04,0,3.9,208,65.67
681.95,1,1,any,manual,any,suv,manual,gasoline,5,2020,535.95,9.4,0,4.45,591,73.39
788.36,1,4,hatchback,automatic,any,suv,manual,gasoline,5,2025,732.22,9.18,0,4.35,307,69.23
199.35,27,1,sedan,automatic,any,sedan,manual,diesel,5,2016,272.76,6.89,0,4.45,483,62.03
720.17,3,3,sedan,automatic,any,coupe,automatic,diesel,3,2023,783.76,6.1,0,4.34,538,72.19
413.68,8,2,sedan,manual,any,van,automatic,gasoline,9,2024,488.55,5.77,0,4.39,599,64.45
259.27,1,3,van,automatic,any,hatchback,manual,electric,5,2026,230.16,0,229,3.86,451,73.32
492.07,6,3,sedan,automatic,diesel,sedan,manual,electric,5,2025,610.66,0,449,4.68,394,73.66
343.61,7,2,hatchback,automatic,diesel,suv,manual,gasoline,6,2022,401.44,8.72,0,3.59,350,51.23
293.46,5,4,hatchback,automatic,hybrid,sedan,automatic,electric,5,2020,270.5,0,246,4.75,112,62.13
514.25,25,4,sedan,automatic,hybrid,sedan,manual,electric,5,2024,452.42,0,246,4.05,676,75.33
970.37,2,1,sedan,automatic,diesel,van,automatic,diesel,8,2025,723.3,5.11,0,4.06,64,78.08
526.26,7,4,van,manual,any,van,automatic,diesel,9,2020,698.11,4.67,0,4.48,273,70.38
434.86,8,5,suv,any,any,van,automatic,gasoline,7,2018,366.71,8.48,0,4.38,515,62.86
400.76,1,3,any,automatic,any,hatchback,manual,diesel,5,2025,402.78,5.45,0,4.08,631,81.08
742.2,1,1,hatchback,automatic,electric,suv,manual,hybrid,6,2022,616.08,5.25,0,4.83,660,61.59
431.22,11,6,sedan,any,diesel,suv,manual,gasoline,7,2022,464.75,6.41,0,4.29,547,64.12
656.37,1,5,hatchback,automatic,gasoline,suv,manual,hybrid,5,2020,598.65,5.88,0,3.26,440,57.66
506.71,2,5,sedan,automatic,any,suv,automatic,diesel,6,2023,548.12,5.69,0,3.47,761,75.76
315.09,18,1,coupe,automatic,any,suv,manual,gasoline,7,2021,309.72,7.73,0,4.39,175,61.45
316.39,12,2,van,automatic,any,hatchback,manual,electric,5,2026,248.07,0,305,4.15,760,71.15
376.05,1,2,hatchback,automatic,any,hatchback,manual,gasoline,5,2023,289.95,7.62,0,3.95,310,79.95
682.21,2,4,any,any,any,sedan,automatic,electric,5,2025,472.55,0,388,5,185,90.17
265.34,1,3,sedan,manual,diesel,hatchback,automatic,gasoline,5,2020,245.29,9.77,0,4.58,867,53.81
313.89,3,1,any,any,any,hatchback,automatic,hybrid,5,2022,354.43,5.6,0,4.01,932,86.06
290.11,1,6,truck,manual,any,hatchback,automatic,diesel,5,2026,257.99,6.33,0,5,368,59.16
189.12,5,2,hatchback,manual,gasoline,hatchback,automatic,gasoline,5,2020,210.12,7.82,0,4.28,343,65.96
513.12,1,4,any,manual,electric,suv,automatic,gasoline,5,2017,457.36,7.61,0,4.37,1085,63.04
245.36,1,1,any,any,electric,sedan,automatic,gasoline,5,2018,335.51,7.03,0,4.19,135,62.15
800.4,8,4,suv,automatic,any,suv,manual,hybrid,5,2022,633.38,3.73,0,4.2,237,85.63
526.34,2,2,sedan,automatic,any,van,manual,gasoline,8,2016,621.6,8.82,0,4.32,42,52.07
761.91,3,4,sedan,any,diesel,van,automatic,gasoline,9,2017,574.15,7.28,0,3.93,319,58.52
878.43,6,1,any,manual,diesel,coupe,manual,gasoline,3,2022,802.46,7.77,0,4.29,347,77.07
213.71,25,2,van,automatic,diesel,hatchback,manual,diesel,5,2026,249.26,6.98,0,4.56,188,67.07
277.43,1,1,sedan,any,gasoline,hatchback,manual,electric,5,2026,263.54,0,289,4.0,729,73.85
461.99,8,5,suv,any,diesel,sedan,manual,diesel,5,2020,406.68,7.17,0,3.73,522,71.52
636.88,4,2,suv,automatic,any,coupe,automatic,diesel,4,2018,732.16,5.27,0,4.4,538,65.97
460.38,6,1,any,automatic,electric,sedan,automatic,diesel,5,2023,407.06,6.25,0,3.58,233,75.7
473.73,23,1,hatchback,automatic,gasoline,sedan,automatic,electric,5,2026,421.75,0,247,4.42,1054,74.56
841.23,2,2,any,automatic,any,truck,automatic,diesel,5,2026,817.18,5.56,0,3.23,438,92.2
244.46,6,4,sedan,automatic,gasoline,hatchback,automatic,gasoline,5,2026,259.04,7.12,0,4.28,579,75.7
797.86,1,3,any,manual,gasoline,suv,automatic,hybrid,7,2025,780.22,3.95,0,3.91,491,81.98
433.92,1,1,any,manual,gasoline,suv,automatic,hybrid,6,2024,486.62,5.15,0,3.98,355,72.54
318.46,14,3,van,any,gasoline,sedan,manual,gasoline,5,2024,337.4,9.49,0,3.69,165,66.84
870.13,4,5,any,automatic,diesel,coupe,automatic,hybrid,2,2017,730.63,6.16,0,4.22,659,55.36
532.46,7,1,suv,automatic,gasoline,van,automatic,gasoline,8,2019,554.48,6.48,0,4.52,222,67.59
354.99,16,2,any,any,electric,suv,automatic,gasoline,5,2019,344.91,7.31,0,4.03,268,68.53
279.41,8,1,sedan,any,gasoline,hatchback,manual,diesel,5,2022,365.3,5.74,0,4.4,176,59.72
840.59,6,1,suv,manual,gasoline,van,automatic,hybrid,8,2023,772.07,3.79,0,4.41,834,66.77
696.31,4,1,hatchback,manual,any,van,automatic,diesel,9,2020,693.55,7.39,0,5,459,63.87
604.74,4,2,suv,any,electric,suv,manual,gasoline,5,2025,615.98,6.66,0,4.32,254,78.22
589.25,8,1,any,manual,gasoline,sedan,manual,gasoline,5,2026,533.02,6.73,0,4.21,349,84.88
161.03,2,1,van,automatic,any,hatchback,automatic,gasoline,5,2018,204.25,9.42,0,4.38,170,59.78
375.66,1,1,coupe,automatic,diesel,sedan,automatic,diesel,5,2022,443.92,6.25,0,3.59,554,66.96
645.07,9,1,hatchback,manual,hybrid,coupe,manual,diesel,4,2022,521.25,5.51,0,4.49,331,67.89
843.21,27,1,hatchback,any,any,coupe,automatic,hybrid,3,2023,867.56,5.79,0,4.56,862,80.58
487.62,4,6,sedan,automatic,gasoline,suv,automatic,gasoline,5,2021,495.76,7.66,0,3.45,781,53.45
491.86,1,2,any,automatic,any,van,manual,hybrid,9,2016,579.22,4.13,0,3.68,127,69.61
529.84,6,3,hatchback,any,any,suv,manual,hybrid,7,2025,403.93,4.6,0,3.94,512,80.66
477.78,8,6,any,manual,diesel,van,automatic,gasoline,7,2020,445.8,6.57,0,4.84,531,66.16
961.89,2,3,any,any,gasoline,suv,automatic,electric,6,2022,723.75,0,480,5,619,83.11
657.86,5,2,any,automatic,gasoline,van,manual,gasoline,9,2025,661.56,6.53,0,4.41,360,81.8
590.24,9,3,suv,automatic,electric,truck,automatic,gasoline,3,2023,680.34,5.61,0,5,447,68.18
516.63,2,3,hatchback,automatic,gasoline,truck,automatic,gasoline,5,2026,456.39,5.51,0,4.46,549,77.34
363.0,1,5,any,automatic,any,hatchback,manual,diesel,5,2025,335.5,4.49,0,4.76,782,85.03
462.09,13,1,truck,manual,gasoline,hatchback,automatic,gasoline,5,2026,392.41,8.61,0,4.85,357,71.49
369.84,3,1,van,automatic,gasoline,sedan,automatic,gasoline,5,2015,295.62,6.72,0,4.55,500,69.29
520.32,5,1,hatchback,any,diesel,suv,automatic,gasoline,5,2021,463.17,6.95,0,4.14,429,61.8
261.88,20,3,van,automatic,any,hatchback,automatic,electric,5,2018,235.9,0,366,4.45,612,73.52
550.37,20,3,sedan,any,gasoline,suv,manual,diesel,7,2020,393.75,4.74,0,4.21,286,66.83
792.45,24,5,any,any,hybrid,suv,manual,electric,5,2021,651.9,0,444,4.02,553,78.91
464.61,1,3,hatchback,automatic,any,truck,automatic,gasoline,5,2017,431.15,6.64,0,4.28,754,67.07
549.47,1,4,any,automatic,any,van,manual,gasoline,8,2019,718.51,7.62,0,4.0,169,65.51
367.26,29,4,any,manual,diesel,suv,automatic,gasoline,5,2021,440.65,5.97,0,2.81,252,64.05
625.65,5,2,any,automatic,electric,van,manual,gasoline,8,2016,671.97,6.73,0,4.05,443,61.47
346.28,13,2,sedan,automatic,gasoline,sedan,automatic,gasoline,5,2023,264.91,7.89,0,4.12,165,81.08
522.41,5,3,any,automatic,gasoline,sedan,manual,electric,5,2026,506.57,0,243,3.84,287,73.73
354.12,1,3,any,automatic,hybrid,hatchback,automatic,gasoline,5,2025,248.82,9.01,0,3.86,177,76.78
605.93,5,1,suv,any,any,suv,automatic,gasoline,5,2023,647.22,8.97,0,4.52,459,79.61
301.26,28,1,suv,manual,any,hatchback,automatic,hybrid,5,2020,304.95,4.64,0,3.9,262,68.07
485.0,4,2,van,manual,electric,van,automatic,gasoline,9,2020,500.51,7.63,0,3.98,161,63.5
449.87,1,3,hatchback,any,hybrid,coupe,manual,gasoline,2,2021,521.91,6.03,0,3.71,497,44.67
373.83,4,1,hatchback,any,gasoline,hatchback,automatic,electric,5,2022,298.13,0,485,4.75,460,78.68
453.42,2,1,coupe,automatic,electric,sedan,manual,hybrid,5,2021,421.8,4.18,0,4.15,223,62.96
761.27,5,2,any,automatic,gasoline,coupe,automatic,diesel,3,2023,833.36,5.39,0,3.76,645,76.89
893.28,8,1,sedan,any,gasoline,van,automatic,hybrid,8,2024,831.94,4.45,0,4.34,544,74.05
274.07,20,2,hatchback,automatic,any,sedan,automatic,gasoline,5,2023,262.16,8.4,0,4.29,201,71.98
315.25,17,3,sedan,automatic,any,sedan,automatic,gasoline,5,2020,327.45,6.78,0,4.24,1004,84.26
283.37,1,3,van,manual,any,hatchback,automatic,hybrid,5,2020,289.93,4.42,0,4.19,600,65.81
193.99,3,3,any,automatic,electric,hatchback,automatic,gasoline,5,2019,255.94,5.69,0,4.18,532,63.43
1040.84,3,1,sedan,manual,electric,coupe,manual,gasoline,2,2023,970.16,6.09,0,4.71,59,70.59
452.04,9,4,sedan,automatic,hybrid,suv,automatic,gasoline,7,2026,438.37,5.62,0,4.35,369,75.43
720.96,7,7,suv,automatic,electric,suv,manual,diesel,5,2023,619.88,4.86,0,4.25,199,58.18
977.04,5,3,sedan,automatic,diesel,van,manual,electric,7,2025,725.7,0,326,4.55,874,66.5
622.45,2,1,hatchback,any,any,van,manual,hybrid,8,2022,825.49,4.12,0,4.3,749,74.1
208.48,2,3,van,automatic,gasoline,hatchback,automatic,gasoline,5,2022,210.66,8.93,0,3.81,1097,70.75
641.08,4,3,van,any,any,truck,manual,gasoline,5,2019,669.18,5.79,0,3.58,127,67.17
424.64,9,2,hatchback,any,gasoline,sedan,automatic,diesel,5,2017,437.83,4.87,0,4.66,126,64.52
367.83,3,1,hatchback,any,any,hatchback,automatic,gasoline,5,2024,355.76,9.49,0,4.12,229,78.25
358.59,3,1,coupe,manual,hybrid,suv,automatic,gasoline,5,2024,485.06,7.28,0,5,909,54.58
251.1,26,1,sedan,automatic,any,hatchback,automatic,gasoline,5,2026,239.49,5.55,0,5,656,78.27
451.19,3,1,any,any,any,coupe,automatic,diesel,2,2024,450.48,5.75,0,3.93,179,89.06
150,18,7,any,automatic,gasoline,hatchback,automatic,diesel,5,2022,206.58,5.84,0,4.16,691,52.22
571.89,4,5,suv,any,any,van,automatic,gasoline,7,2021,556.31,5.5,0,4.6,927,75.9
391.65,2,7,sedan,automatic,hybrid,suv,automatic,gasoline,6,2018,474.73,7.34,0,4.29,343,37.53
723.91,11,1,hatchback,any,gasoline,suv,automatic,diesel,6,2024,713.23,6.94,0,4.95,648,71.88
551.17,2,5,suv,any,diesel,suv,automatic,diesel,6,2023,489.16,6.34,0,4.87,856,83.37
386.04,8,2,any,automatic,gasoline,truck,manual,gasoline,3,2023,524.53,6.28,0,4.46,823,72.51
642.5,2,1,sedan,any,gasoline,truck,automatic,diesel,5,2022,554.07,5.49,0,4.69,622,72.23
744.42,1,3,any,automatic,gasoline,van,automatic,gasoline,7,2023,836.64,8.34,0,5,265,82.2
249.64,3,4,any,manual,gasoline,sedan,automatic,gasoline,5,2025,274.83,6.01,0,4.71,602,78.66
313.88,6,1,coupe,automatic,gasoline,hatchback,manual,gasoline,5,2018,263.79,6.1,0,4.24,624,60.85
755.32,5,1,hatchback,automatic,gasoline,van,manual,diesel,7,2022,798.07,6.24,0,4.58,281,56.4
315.86,9,1,van,automatic,any,hatchback,manual,diesel,5,2024,324.76,4.65,0,4.24,996,72.34
218.03,1,2,truck,automatic,gasoline,hatchback,automatic,gasoline,5,2020,150,6.15,0,3.5,283,72.13
293.56,5,2,van,automatic,any,hatchback,automatic,diesel,5,2024,287.51,5.02,0,4.47,537,80.89
520.16,15,2,any,automatic,hybrid,van,automatic,gasoline,8,2025,565.21,8.59,0,4.29,691,73.37
246.2,13,4,any,automatic,any,hatchback,automatic,gasoline,5,2022,223.02,6.12,0,5,231,86.39
513.07,16,5,hatchback,automatic,gasoline,suv,manual,hybrid,6,2023,547.82,5.28,0,4.02,245,58.98
794.56,3,2,sedan,manual,hybrid,suv,automatic,diesel,5,2026,734.99,5.52,0,5,221,67.04
338.67,4,3,sedan,any,gasoline,hatchback,automatic,hybrid,5,2023,330.54,3.84,0,3.94,338,72.96
299.85,5,2,hatchback,manual,hybrid,hatchback,manual,hybrid,5,2025,229.99,4.34,0,4.41,337,97.64
377.63,8,1,coupe,automatic,any,sedan,automatic,hybrid,5,2020,315.0,4.9,0,3.61,111,74.76
391.34,2,1,any,manual,hybrid,hatchback,automatic,gasoline,5,2024,378.77,6.6,0,4.49,75,74.49
331.27,1,1,sedan,automatic,gasoline,sedan,automatic,diesel,5,2024,408.62,6.74,0,3.86,305,74.75
656.99,5,1,suv,manual,gasoline,suv,automatic,hybrid,5,2016,539.81,4.89,0,3.22,47,66.22
422.05,7,1,van,any,gasoline,sedan,manual,hybrid,5,2021,401.72,3.76,0,4.14,729,68.15
669.18,3,6,any,manual,gasoline,van,automatic,gasoline,8,2024,565.14,9.3,0,4.44,98,78.46
834.87,6,5,coupe,manual,electric,sedan,automatic,electric,5,2026,637.08,0,368,4.17,63,76.83
641.05,6,1,any,manual,hybrid,sedan,manual,diesel,5,2025,467.54,7.22,0,4.79,699,81.5
852.47,1,3,any,automatic,any,suv,manual,gasoline,7,2023,694.95,8.14,0,4.72,555,78.61
631.01,3,2,suv,manual,any,suv,automatic,gasoline,7,2020,591.47,7.38,0,3.93,579,73.55
589.78,23,5,any,automatic,any,sedan,automatic,gasoline,5,2020,396.64,8.49,0,3.98,1032,76.87
440.4,7,1,any,automatic,gasoline,hatchback,manual,gasoline,5,2022,336.87,9.53,0,4.2,235,73.57
283.46,6,1,any,manual,any,hatchback,manual,gasoline,5,2025,268.94,5.5,0,3.74,436,88.15
374.0,1,2,hatchback,any,gasoline,sedan,automatic,gasoline,5,2024,327.21,8.5,0,3.85,176,76.52
250.68,4,6,hatchback,manual,gasoline,hatchback,manual,diesel,5,2021,224.0,5.91,0,4.51,569,59.75
251.36,1,2,suv,any,gasoline,hatchback,automatic,diesel,5,2020,299.8,6.85,0,3.67,226,57.53
218.22,4,4,any,automatic,diesel,hatchback,automatic,diesel,5,2021,191.81,5.8,0,4.24,1038,85.06
184.57,2,4,suv,manual,gasoline,hatchback,automatic,electric,5,2020,232.8,0,358,4.46,66,55.29
667.54,1,2,any,automatic,diesel,suv,manual,hybrid,5,2020,572.98,6.19,0,4.62,727,68.48
757.62,3,5,suv,any,any,van,manual,hybrid,9,2023,629.18,3.98,0,4.29,556,81.32
598.04,7,2,sedan,automatic,any,sedan,manual,gasoline,5,2023,416.77,8.29,0,4.16,644,75.08
360.11,3,1,any,manual,any,sedan,automatic,electric,5,2020,325.16,0,297,3.83,86,72.64
169.66,3,8,hatchback,manual,any,hatchback,manual,gasoline,5,2019,190.8,6.87,0,4.26,397,59.93
361.87,1,4,coupe,automatic,any,hatchback,manual,diesel,5,2019,330.68,6.58,0,5,601,64.31
363.02,8,1,hatchback,manual,gasoline,sedan,manual,hybrid,5,2020,443.35,4.79,0,4.88,847,63.03
483.44,1,3,sedan,manual,any,hatchback,automatic,gasoline,5,2022,345.56,7.89,0,4.67,321,62.4
151.87,2,3,any,any,any,hatchback,automatic,diesel,5,2025,175.42,5.94,0,4.26,242,82.6
572.98,1,1,suv,automatic,gasoline,van,automatic,diesel,9,2021,479.1,4.82,0,4.3,625,70.91
304.0,1,3,any,automatic,any,hatchback,automatic,hybrid,5,2017,219.49,5.69,0,4.41,655,83.29
348.41,1,3,van,manual,hybrid,sedan,manual,gasoline,5,2023,386.13,6.7,0,3.84,606,61.72
237.25,21,1,hatchback,automatic,diesel,hatchback,automatic,diesel,5,2024,250.0,4.55,0,4.06,410,88.17
644.29,2,2,suv,manual,gasoline,suv,automatic,diesel,7,2025,541.53,6.31,0,4.68,211,74.34
441.56,4,1,any,manual,electric,hatchback,manual,gasoline,5,2025,383.5,6.53,0,5,625,80.88
357.09,3,2,any,manual,any,suv,manual,gasoline,7,2020,449.08,9.46,0,4.11,411,67.75
399.42,2,1,any,any,any,hatchback,automatic,electric,5,2019,364.09,0,356,4.75,575,86.26
583.65,5,2,suv,manual,electric,suv,automatic,diesel,6,2023,650.74,5.71,0,3.33,374,70.69
586.63,3,4,sedan,automatic,any,suv,manual,gasoline,6,2026,752.72,5.99,0,4.68,534,66.66
422.13,1,2,hatchback,automatic,any,sedan,manual,diesel,5,2021,350.33,6.31,0,4.42,437,69.82
300.14,22,3,van,any,gasoline,hatchback,automatic,gasoline,5,2021,300.53,7.9,0,4.26,170,73.15
966.2,5,6,van,automatic,hybrid,truck,automatic,gasoline,2,2025,860.52,8.7,0,3.37,262,48.83
319.49,1,7,suv,any,electric,sedan,manual,gasoline,5,2024,293.03,9.14,0,4.01,400,47.93
268.28,6,3,hatchback,any,gasoline,sedan,automatic,gasoline,5,2022,278.32,7.98,0,4.03,348,68.42
376.84,4,3,hatchback,automatic,gasoline,suv,manual,gasoline,5,2021,406.47,6.27,0,4.34,327,64.49
437.78,2,1,sedan,any,gasoline,suv,manual,gasoline,5,2018,306.0,8.47,0,4.11,682,63.38
745.16,2,5,hatchback,manual,any,truck,manual,gasoline,3,2020,712.57,8.87,0,4.52,848,52.48
575.13,5,2,sedan,any,diesel,van,manual,diesel,7,2018,626.3,5.73,0,4.52,217,70.52
574.54,3,1,any,any,diesel,suv,manual,hybrid,5,2020,732.84,4.98,0,4.45,215,67.41
261.26,1,3,hatchback,automatic,gasoline,hatchback,manual,electric,5,2022,283.07,0,395,4.68,494,72.12
417.57,3,2,suv,manual,hybrid,suv,automatic,gasoline,7,2024,321.84,8.91,0,3.97,510,67.01
829.36,4,4,sedan,any,diesel,van,manual,diesel,9,2025,698.09,5.96,0,4.24,217,80.79
281.33,3,2,any,any,gasoline,suv,manual,diesel,5,2018,374.74,5.62,0,4.14,349,63.31
442.62,4,5,any,any,diesel,suv,automatic,diesel,7,2024,426.9,5.78,0,3.92,707,90.12
250.14,6,4,sedan,automatic,gasoline,sedan,automatic,hybrid,5,2018,219.61,5.29,0,3.44,753,70.0
150,8,3,truck,any,diesel,hatchback,manual,gasoline,5,2022,187.73,5.54,0,3.99,159,61.0
178.98,4,2,any,any,electric,sedan,automatic,hybrid,5,2022,246.32,4.73,0,3.94,281,73.3
409.95,4,3,coupe,any,any,sedan,manual,gasoline,5,2021,386.7,7.76,0,4.98,564,71.54
541.16,2,1,suv,any,gasoline,suv,automatic,gasoline,5,2021,466.35,7.05,0,5,1076,84.29
371.41,1,2,any,automatic,any,coupe,automatic,gasoline,3,2021,413.64,9.32,0,4.76,920,76.52
887.77,2,3,van,automatic,electric,coupe,manual,electric,2,2022,1058.22,0,325,3.68,577,46.85
463.24,1,1,any,automatic,gasoline,suv,automatic,diesel,7,2023,537.1,5.8,0,4.62,26,71.32
332.37,9,1,hatchback,automatic,hybrid,hatchback,automatic,electric,5,2023,302.98,0,268,4.63,194,82.5
447.55,23,3,suv,any,diesel,truck,automatic,gasoline,5,2022,462.62,5.82,0,4.68,164,67.25
986.6,17,2,any,manual,gasoline,coupe,automatic,diesel,3,2024,825.4,6.41,0,4.52,799,74.49
734.11,6,3,suv,any,any,coupe,automatic,gasoline,3,2025,761.13,8.74,0,3.75,149,73.41
304.47,3,1,any,any,any,sedan,automatic,diesel,5,2017,275.22,7.04,0,4.78,583,80.46
299.58,10,7,coupe,automatic,gasoline,hatchback,automatic,hybrid,5,2024,271.36,4.01,0,4.73,228,59.77
204.66,15,2,suv,automatic,any,sedan,automatic,gasoline,5,2025,208.65,9.25,0,4.27,755,71.61
969.17,16,4,any,automatic,any,van,automatic,hybrid,7,2019,752.63,4.22,0,4.11,410,87.44
156.29,3,3,suv,automatic,gasoline,hatchback,manual,diesel,5,2019,150,4.5,0,3.87,655,60.79
508.6,1,2,hatchback,automatic,any,hatchback,manual,gasoline,5,2025,353.12,7.79,0,4.89,975,78.87
207.25,3,2,hatchback,automatic,any,hatchback,manual,diesel,5,2025,202.27,6.19,0,4.98,692,85.49
560.85,2,7,hatchback,manual,gasoline,suv,automatic,gasoline,5,2020,514.33,7.81,0,3.62,27,44.61
484.04,30,2,hatchback,manual,gasoline,sedan,manual,hybrid,5,2020,476.47,5.41,0,4.42,272,65.26
517.89,3,1,suv,any,any,suv,manual,gasoline,7,2025,397.27,6.77,0,4.73,374,88.01
364.69,3,2,suv,automatic,any,coupe,automatic,electric,4,2020,510.99,0,266,4.59,252,62.77
809.63,1,1,coupe,any,any,van,automatic,gasoline,7,2018,727.82,6.01,0,4.9,187,74.25
400.43,1,1,truck,automatic,diesel,suv,automatic,diesel,6,2026,417.1,5.92,0,4.64,178,77.31
543.5,8,8,hatchback,manual,gasoline,suv,automatic,gasoline,7,2026,397.52,5.65,0,3.62,353,59.77
183.74,3,6,suv,manual,any,hatchback,automatic,diesel,5,2018,255.58,6.47,0,3.62,273,36.62
367.2,3,1,sedan,any,gasoline,sedan,manual,diesel,5,2025,388.95,4.63,0,4.58,854,87.7
413.33,1,5,sedan,automatic,electric,sedan,automatic,diesel,5,2023,389.2,5.93,0,3.91,120,80.22
181.23,12,4,coupe,automatic,hybrid,sedan,automatic,gasoline,5,2015,245.03,7.18,0,4.38,521,48.94
383.81,1,1,any,manual,hybrid,truck,automatic,diesel,2,2025,451.97,7.01,0,3.97,170,70.13
481.21,7,4,hatchback,automatic,gasoline,suv,automatic,gasoline,6,2023,653.12,7.62,0,3.97,154,64.56
511.61,21,3,coupe,automatic,any,van,automatic,diesel,7,2023,493.67,6.51,0,4.4,435,79.54
741.79,7,1,van,automatic,any,van,automatic,diesel,9,2026,597.79,6.05,0,4.73,775,92.63
303.92,3,3,sedan,any,gasoline,hatchback,automatic,diesel,5,2019,295.72,6.04,0,4.23,395,64.89
635.12,5,1,truck,automatic,hybrid,van,automatic,hybrid,7,2023,507.53,4.88,0,4.5,699,75.74
210.73,1,4,suv,automatic,diesel,hatchback,manual,gasoline,5,2018,185.04,9.47,0,4.33,497,47.92
265.96,3,1,coupe,any,gasoline,hatchback,manual,gasoline,5,2025,298.34,6.84,0,4.27,219,72.77
296.9,2,1,any,automatic,hybrid,sedan,manual,gasoline,5,2022,291.37,5.84,0,4.92,940,74.42
190.23,2,3,coupe,manual,gasoline,hatchback,automatic,hybrid,5,2021,231.73,5.36,0,4.43,150,57.63
267.48,9,3,sedan,automatic,gasoline,hatchback,manual,diesel,5,2022,258.68,6.55,0,3.8,190,60.72
358.67,2,5,hatchback,any,hybrid,coupe,manual,hybrid,2,2024,479.59,5.12,0,4.16,749,59.37
445.74,1,2,suv,any,diesel,sedan,manual,gasoline,5,2026,493.81,8.26,0,4.63,309,65.64
745.25,2,5,hatchback,automatic,diesel,van,automatic,gasoline,7,2026,749.6,6.0,0,4.42,176,75.55
530.04,3,1,truck,manual,hybrid,suv,automatic,gasoline,7,2022,602.09,6.95,0,3.5,933,54.67
623.85,4,3,any,automatic,any,sedan,automatic,diesel,5,2026,494.1,7.15,0,3.75,448,83.4
210.13,7,1,hatchback,automatic,any,hatchback,manual,electric,5,2026,228.94,0,444,4.72,590,87.57
308.61,2,2,sedan,automatic,diesel,suv,automatic,diesel,6,2018,349.27,6.7,0,4.07,311,68.25
279.15,5,1,any,manual,diesel,hatchback,automatic,diesel,5,2022,240.4,5.06,0,3.23,327,76.62
512.0,4,3,any,automatic,gasoline,suv,automatic,diesel,6,2019,383.56,6.49,0,4.39,341,74.75
642.2,5,2,sedan,automatic,any,suv,automatic,gasoline,6,2023,605.0,8.38,0,5,555,75.6
250.14,1,2,suv,automatic,gasoline,sedan,automatic,gasoline,5,2026,259.13,9.01,0,4.71,719,70.55
899.04,6,7,hatchback,any,diesel,suv,automatic,hybrid,6,2020,679.45,4.22,0,3.86,811,52.18
303.9,9,1,suv,manual,any,hatchback,automatic,gasoline,5,2021,324.43,9.54,0,3.68,99,61.68
260.87,19,3,any,any,diesel,sedan,automatic,hybrid,5,2025,357.46,4.6,0,4.85,483,78.09
677.6,3,3,van,manual,gasoline,suv,automatic,gasoline,5,2024,498.63,6.19,0,4.48,848,73.9
435.84,27,5,any,automatic,any,sedan,automatic,hybrid,5,2021,321.29,4.03,0,4.33,73,89.88
409.79,1,1,hatchback,automatic,any,suv,automatic,gasoline,6,2026,418.54,7.46,0,3.95,741,79.01
361.89,1,2,sedan,any,any,sedan,automatic,gasoline,5,2024,311.15,9.69,0,4.69,201,82.89
408.15,18,2,hatchback,manual,any,suv,automatic,gasoline,5,2024,440.59,7.84,0,3.82,64,67.59
612.59,2,9,hatchback,automatic,gasoline,sedan,automatic,electric,5,2015,442.07,0,447,3.91,540,51.8
610.65,28,4,suv,any,gasoline,van,automatic,diesel,9,2019,533.89,5.14,0,4.58,577,67.83
424.89,1,4,suv,manual,hybrid,van,automatic,gasoline,7,2022,476.05,8.19,0,4.82,291,55.9
385.84,21,1,hatchback,automatic,gasoline,sedan,automatic,diesel,5,2023,273.32,6.04,0,3.75,80,66.65
910.92,3,1,any,any,gasoline,van,automatic,gasoline,8,2024,843.37,6.49,0,4.07,151,89.68
751.5,3,1,coupe,automatic,any,sedan,automatic,electric,5,2026,567.93,0,304,4.05,174,76.71
343.54,4,3,truck,any,any,sedan,automatic,diesel,5,2024,328.49,7.18,0,3.52,309,73.54
292.23,4,4,sedan,manual,diesel,hatchback,automatic,diesel,5,2025,310.2,6.67,0,3.58,159,68.54
535.45,5,4,van,any,any,hatchback,automatic,electric,5,2023,418.09,0,403,5,718,78.75
357.66,3,2,any,automatic,gasoline,suv,automatic,diesel,6,2024,352.44,5.44,0,4.06,792,77.88
484.99,4,9,van,any,gasoline,suv,automatic,gasoline,5,2021,351.74,5.53,0,4.75,981,63.79
322.94,2,4,any,automatic,any,suv,manual,gasoline,6,2020,306.73,6.66,0,4.62,358,75.73
482.26,8,1,any,manual,gasoline,suv,automatic,gasoline,5,2026,360.83,8.59,0,3.93,807,75.38
411.64,3,3,any,any,diesel,hatchback,automatic,diesel,5,2021,321.25,4.86,0,4.04,265,89.66
670.22,5,2,van,automatic,diesel,suv,manual,diesel,6,2025,692.98,5.61,0,5,436,75.6
180.37,7,3,any,any,diesel,hatchback,automatic,gasoline,5,2025,242.54,5.63,0,5,182,74.01
756.19,4,2,suv,any,diesel,van,automatic,gasoline,7,2016,607.98,9.28,0,4.08,804,57.99
595.26,13,1,hatchback,any,electric,sedan,automatic,diesel,5,2026,508.39,5.46,0,4.27,791,70.54
200.12,3,2,sedan,manual,electric,sedan,manual,diesel,5,2019,199.01,4.38,0,4.5,77,79.39
1076.4,2,2,truck,any,electric,suv,manual,electric,6,2026,957.83,0,247,4.02,121,78.24
314.84,4,5,any,automatic,any,hatchback,automatic,gasoline,5,2023,295.25,8.49,0,3.37,177,79.27
621.31,13,6,any,automatic,gasoline,suv,automatic,gasoline,5,2026,724.25,7.59,0,4.4,662,70.98
297.2,1,1,any,manual,diesel,hatchback,automatic,gasoline,5,2025,280.88,7.7,0,4.92,407,71.99
226.41,1,1,hatchback,automatic,gasoline,hatchback,manual,hybrid,5,2026,364.29,3.86,0,3.63,764,65.24
177.18,3,4,sedan,any,hybrid,hatchback,manual,gasoline,5,2020,233.83,7.39,0,3.09,84,53.49
210.26,3,4,coupe,any,hybrid,hatchback,automatic,gasoline,5,2026,246.13,6.55,0,4.53,150,65.77
372.85,4,6,van,manual,gasoline,hatchback,automatic,electric,5,2021,389.2,0,300,3.87,604,43.28
782.58,4,3,any,any,hybrid,suv,manual,gasoline,6,2023,702.18,8.24,0,4.65,633,76.64
356.09,1,6,sedan,manual,any,sedan,automatic,diesel,5,2023,294.12,5.63,0,3.88,203,63.73
911.8,7,3,any,any,diesel,coupe,automatic,electric,4,2025,729.13,0,287,4.57,511,79.63
656.63,16,4,suv,automatic,gasoline,suv,automatic,gasoline,7,2023,605.12,7.96,0,5,1067,82.1
344.74,2,1,van,automatic,gasoline,hatchback,automatic,diesel,5,2024,309.85,5.44,0,4.02,442,73.35
489.8,12,3,suv,any,electric,truck,automatic,gasoline,3,2019,489.94,7.27,0,3.94,1018,60.06
290.63,29,4,hatchback,any,any,sedan,automatic,diesel,5,2015,378.14,6.94,0,4.21,234,61.47
536.48,1,2,any,any,any,truck,automatic,diesel,2,2023,633.95,5.52,0,3.98,290,84.14
457.09,1,2,sedan,automatic,gasoline,sedan,automatic,gasoline,5,2026,372.97,7.17,0,4.89,775,86.67
789.86,20,8,sedan,manual,gasoline,suv,automatic,hybrid,5,2023,747.21,6.11,0,3.98,154,48.17
501.29,1,5,any,any,any,hatchback,automatic,hybrid,5,2025,414.4,6.04,0,4.41,756,90.42
507.57,1,1,any,any,any,sedan,automatic,diesel,5,2022,498.99,4.9,0,4.03,495,90.11
206.47,1,3,sedan,any,diesel,hatchback,automatic,gasoline,5,2025,206.26,8.29,0,3.4,747,69.3
344.54,8,3,hatchback,automatic,any,hatchback,manual,gasoline,5,2022,337.2,8.87,0,3.98,291,71.7
179.31,1,3,suv,automatic,any,hatchback,manual,diesel,5,2021,227.68,6.87,0,4.32,339,57.18
454.93,4,2,sedan,manual,diesel,suv,automatic,gasoline,7,2025,387.82,9.35,0,3.25,178,54.71
1265.32,3,2,sedan,any,any,coupe,automatic,gasoline,2,2026,1075.82,9.36,0,4.61,127,72.96
598.38,8,6,suv,any,diesel,suv,manual,diesel,5,2026,576.75,4.68,0,5,744,76.31
528.5,1,5,any,automatic,any,sedan,manual,electric,5,2022,555.49,0,397,3.63,446,74.65
495.22,4,4,van,any,gasoline,suv,automatic,gasoline,6,2026,514.75,9.27,0,4.59,366,70.86
240.35,3,1,suv,automatic,any,hatchback,automatic,diesel,5,2025,261.81,6.49,0,3.55,244,79.01
334.64,22,1,any,automatic,electric,suv,automatic,gasoline,7,2026,324.28,8.1,0,4.55,312,74.29
556.98,29,2,any,automatic,gasoline,suv,automatic,gasoline,7,2021,437.71,8.35,0,4.17,79,76.26
965.11,2,2,van,any,gasoline,coupe,automatic,gasoline,4,2021,807.81,5.52,0,3.95,731,72.65
204.81,2,5,sedan,automatic,gasoline,hatchback,manual,gasoline,5,2023,275.95,5.82,0,4.18,284,59.73
181.72,3,5,hatchback,any,any,hatchback,automatic,gasoline,5,2026,259.8,9.27,0,4.62,959,75.74
289.86,2,2,sedan,automatic,gasoline,sedan,manual,gasoline,5,2022,380.84,6.42,0,4.72,595,71.59
429.15,1,1,suv,any,any,sedan,automatic,gasoline,5,2023,380.18,7.02,0,4.71,125,73.96
224.44,2,1,suv,automatic,hybrid,hatchback,manual,hybrid,5,2020,194.95,4.54,0,5,378,70.27
406.53,2,5,sedan,automatic,diesel,sedan,manual,gasoline,5,2025,471.48,6.93,0,4.2,853,70.9
738.0,13,2,sedan,any,diesel,suv,automatic,electric,7,2017,639.73,0,452,3.97,190,62.77
265.37,1,3,suv,any,gasoline,hatchback,automatic,electric,5,2022,242.3,0,453,4.68,175,69.29
273.18,2,3,any,automatic,gasoline,hatchback,automatic,gasoline,5,2023,282.81,7.74,0,3.68,377,78.1
150,3,1,any,any,any,hatchback,manual,gasoline,5,2018,227.7,7.21,0,3.48,921,61.63
433.38,4,3,any,any,any,suv,manual,electric,5,2017,436.24,0,235,4.07,265,81.76
419.28,1,3,any,automatic,any,hatchback,automatic,electric,5,2023,306.37,0,314,4.55,333,90.36
443.25,21,2,sedan,manual,gasoline,sedan,automatic,gasoline,5,2026,477.92,5.91,0,4.45,383,78.7
808.83,7,1,any,automatic,gasoline,coupe,manual,gasoline,4,2024,681.34,9.09,0,4.6,294,79.09
303.94,17,5,sedan,any,electric,hatchback,automatic,diesel,5,2026,285.76,6.35,0,4.76,123,74.5
929.47,1,1,suv,automatic,gasoline,truck,automatic,gasoline,4,2023,732.62,6.23,0,3.69,768,75.16
237.47,5,1,any,automatic,electric,hatchback,automatic,gasoline,5,2024,172.43,6.62,0,4.1,114,77.01
356.65,11,1,sedan,automatic,any,hatchback,automatic,gasoline,5,2025,291.56,9.8,0,3.31,500,73.87
1094.92,7,2,sedan,manual,any,van,manual,gasoline,7,2022,813.03,6.53,0,4.45,586,77.58
343.21,2,1,any,manual,electric,sedan,automatic,electric,5,2020,263.15,0,352,3.95,398,78.64
330.39,3,3,van,manual,gasoline,suv,automatic,gasoline,7,2019,364.39,5.8,0,4.35,510,62.96
647.1,1,1,van,any,any,van,manual,gasoline,7,2025,501.98,8.66,0,4.83,170,84.34
595.37,2,4,sedan,any,any,van,automatic,diesel,8,2018,763.86,5.3,0,3.99,393,60.95
398.09,4,2,any,any,gasoline,sedan,automatic,hybrid,5,2025,389.6,3.6,0,4.72,273,85.84
406.38,14,3,hatchback,automatic,gasoline,hatchback,automatic,diesel,5,2020,304.92,5.68,0,4.39,140,73.17
175.5,1,5,hatchback,any,diesel,hatchback,automatic,gasoline,5,2024,272.72,9.17,0,5,722,58.88
297.32,1,4,sedan,manual,hybrid,truck,automatic,gasoline,3,2025,337.36,5.62,0,4.06,496,49.34
458.85,1,3,suv,automatic,gasoline,suv,automatic,gasoline,7,2025,316.87,9.18,0,4.41,456,81.83
318.76,11,2,sedan,any,hybrid,hatchback,automatic,hybrid,5,2025,245.66,5.98,0,3.56,330,75.48
887.56,4,2,any,any,gasoline,coupe,automatic,gasoline,4,2024,717.38,7.57,0,4.02,123,84.27
565.71,6,4,sedan,any,any,suv,manual,diesel,5,2024,425.66,6.34,0,3.93,627,80.47
166.33,4,3,any,automatic,hybrid,hatchback,automatic,gasoline,5,2021,167.42,9.44,0,4.34,195,71.82
195.02,7,3,sedan,manual,gasoline,hatchback,manual,gasoline,5,2020,258.62,7.82,0,5,180,64.77
1035.99,3,3,any,manual,any,coupe,manual,gasoline,4,2020,767.78,6.57,0,4.72,507,80.32
304.67,1,2,sedan,any,diesel,sedan,manual,gasoline,5,2025,325.04,7.75,0,4.62,704,78.3
421.69,2,2,any,any,gasoline,hatchback,automatic,electric,5,2025,329.69,0,367,4.59,493,85.37
839.25,1,6,suv,manual,diesel,van,manual,gasoline,8,2024,890.07,6.08,0,4.22,639,71.64
742.1,1,1,sedan,manual,gasoline,van,automatic,electric,9,2021,544.11,0,309,3.32,1076,60.69
247.46,2,1,any,manual,hybrid,hatchback,automatic,hybrid,5,2026,255.56,4.06,0,2.89,766,87.89
348.84,4,2,coupe,manual,electric,sedan,automatic,gasoline,5,2021,300.55,6.35,0,4.6,216,60.75
208.49,15,1,sedan,automatic,any,sedan,automatic,gasoline,5,2016,207.83,5.81,0,4.37,256,78.51
302.6,3,1,sedan,manual,gasoline,hatchback,automatic,electric,5,2019,307.86,0,318,5,571,56.32
473.64,2,1,coupe,any,gasoline,sedan,automatic,electric,5,2023,515.88,0,326,4.99,1028,67.26
351.44,1,1,coupe,automatic,gasoline,hatchback,automatic,hybrid,5,2024,361.57,5.36,0,4.43,59,71.33
353.48,3,4,suv,manual,electric,sedan,automatic,electric,5,2023,335.96,0,371,4.66,322,72.78
321.63,6,4,van,automatic,any,hatchback,automatic,gasoline,5,2022,284.5,8.33,0,4.04,593,73.14
501.19,6,2,any,automatic,any,coupe,manual,diesel,3,2018,388.63,7.26,0,3.75,713,69.41
565.23,1,1,van,manual,gasoline,suv,automatic,diesel,7,2023,570.53,6.59,0,4.39,383,58.94
399.6,2,3,sedan,automatic,gasoline,sedan,automatic,gasoline,5,2019,346.66,7.89,0,3.7,261,73.12
452.18,17,5,any,any,any,van,manual,diesel,7,2021,500.11,4.97,0,3.59,276,85.09
618.14,17,3,suv,any,diesel,sedan,automatic,electric,5,2026,564.03,0,269,4.88,760,69.36
614.74,16,1,sedan,manual,any,sedan,automatic,hybrid,5,2025,509.92,5.06,0,4.06,254,85.37
732.9,5,1,any,any,diesel,truck,automatic,gasoline,2,2023,745.61,6.91,0,4.63,434,73.69
150,7,3,van,automatic,hybrid,hatchback,manual,diesel,5,2018,150,6.95,0,4.49,308,51.07
625.45,6,6,any,automatic,electric,sedan,automatic,gasoline,5,2025,472.11,6.21,0,4.23,1003,67.18
642.72,6,2,van,any,gasoline,van,automatic,diesel,9,2023,749.67,5.51,0,4.39,200,74.04
201.56,1,2,any,automatic,gasoline,hatchback,automatic,gasoline,5,2021,222.36,7.0,0,4.06,671,81.28
618.79,3,3,hatchback,manual,any,suv,automatic,gasoline,6,2023,654.22,5.58,0,3.76,275,68.57
376.8,8,2,hatchback,automatic,any,sedan,manual,diesel,5,2025,328.89,7.23,0,3.99,293,69.34
285.52,25,4,van,automatic,any,hatchback,automatic,electric,5,2020,315.72,0,394,4.32,140,68.85
373.23,3,4,sedan,manual,gasoline,hatchback,automatic,gasoline,5,2019,330.29,8.67,0,4.63,753,58.79
653.09,5,2,sedan,automatic,any,coupe,manual,hybrid,4,2019,519.7,4.96,0,4.72,885,66.04
187.39,1,1,sedan,manual,any,hatchback,automatic,gasoline,5,2023,155.79,7.7,0,4.21,74,65.88
530.99,1,1,sedan,manual,any,suv,manual,diesel,5,2021,634.36,5.92,0,4.52,397,70.59
306.96,2,5,sedan,automatic,gasoline,hatchback,manual,gasoline,5,2022,293.14,7.69,0,4.35,135,65.58
737.28,4,2,any,manual,diesel,coupe,manual,electric,4,2022,635.48,0,305,4.55,884,80.02
569.98,10,1,van,automatic,gasoline,suv,manual,gasoline,7,2021,442.09,7.88,0,4.15,393,64.97
820.28,5,5,sedan,any,gasoline,truck,automatic,gasoline,4,2021,681.84,9.5,0,4.55,210,53.79
498.42,4,3,any,automatic,gasoline,suv,manual,gasoline,7,2026,373.56,6.49,0,4.56,218,83.11
403.09,1,3,suv,any,gasoline,suv,manual,gasoline,5,2020,504.64,7.6,0,3.54,953,73.14
258.53,5,3,sedan,automatic,electric,hatchback,automatic,gasoline,5,2023,240.68,8.04,0,4.74,449,65.13
356.37,2,3,suv,automatic,diesel,sedan,manual,hybrid,5,2020,272.26,5.11,0,3.63,109,59.04
875.11,1,3,sedan,manual,any,van,manual,gasoline,8,2022,731.85,9.4,0,4.42,180,72.43
942.59,3,2,sedan,manual,any,van,manual,hybrid,9,2023,704.84,4.64,0,5,224,83.2
470.44,3,2,sedan,automatic,any,hatchback,manual,gasoline,5,2019,331.94,8.84,0,5,242,62.03
372.4,3,8,any,automatic,gasoline,sedan,automatic,gasoline,5,2019,261.54,5.66,0,4.11,62,68.25
506.66,2,3,hatchback,any,any,sedan,automatic,gasoline,5,2021,453.39,6.59,0,4.46,166,75.89
843.08,8,4,any,any,gasoline,van,automatic,gasoline,9,2017,682.78,9.64,0,3.64,242,72.54
600.51,4,3,hatchback,automatic,any,truck,manual,electric,3,2021,573.96,0,288,4.82,475,70.51
426.86,1,2,any,any,diesel,sedan,automatic,gasoline,5,2026,453.45,6.97,0,4.2,750,81.06
427.35,3,2,suv,automatic,any,sedan,automatic,diesel,5,2020,428.88,4.63,0,4.03,590,75.09
596.81,2,1,van,any,diesel,van,automatic,electric,8,2024,566.87,0,334,4.88,1036,86.13
818.98,1,2,any,automatic,diesel,coupe,manual,hybrid,2,2023,863.4,3.71,0,4.59,281,71.82
621.39,7,4,hatchback,automatic,hybrid,van,manual,hybrid,9,2023,599.4,6.03,0,3.89,379,66.2
232.41,2,1,any,any,gasoline,sedan,automatic,gasoline,5,2021,280.97,7.74,0,4.46,273,74.69
556.46,17,2,van,automatic,hybrid,suv,manual,diesel,6,2026,466.31,5.61,0,4.18,872,67.47
188.02,1,2,sedan,automatic,diesel,hatchback,automatic,gasoline,5,2022,209.57,8.03,0,4.62,163,63.16
262.19,6,1,sedan,automatic,diesel,hatchback,automatic,gasoline,5,2022,323.51,8.12,0,4.01,316,59.39
945.96,2,6,suv,automatic,any,suv,automatic,diesel,6,2026,802.39,6.18,0,3.88,688,90.3
222.18,2,2,sedan,manual,any,hatchback,automatic,gasoline,5,2020,174.49,8.25,0,4.43,440,62.73
647.81,3,3,any,automatic,diesel,truck,automatic,gasoline,5,2023,747.7,6.82,0,3.97,556,72.73
355.56,12,2,van,automatic,any,hatchback,automatic,diesel,5,2020,306.03,5.62,0,4.0,911,76.1
330.7,1,2,hatchback,automatic,diesel,sedan,automatic,gasoline,5,2022,246.0,7.7,0,3.12,140,61.92
392.44,1,2,suv,any,any,sedan,automatic,hybrid,5,2019,397.31,5.12,0,4.38,186,70.98
276.12,2,2,suv,automatic,hybrid,sedan,automatic,diesel,5,2020,331.83,6.46,0,4.29,388,60.15
610.77,1,1,hatchback,automatic,gasoline,suv,automatic,gasoline,6,2018,498.2,9.46,0,3.67,538,62.83
672.64,2,1,coupe,any,electric,suv,manual,hybrid,7,2024,724.2,5.11,0,3.97,325,66.78
568.26,4,3,hatchback,manual,any,sedan,automatic,hybrid,5,2017,407.66,5.34,0,4.7,511,61.72
296.65,2,3,sedan,automatic,gasoline,hatchback,automatic,diesel,5,2022,303.83,7.35,0,3.94,403,65.03
453.85,6,2,any,manual,any,coupe,automatic,gasoline,4,2026,558.08,7.56,0,4.05,408,71.88
150,1,2,suv,automatic,diesel,hatchback,automatic,diesel,5,2025,173.36,5.92,0,4.32,499,74.77
340.41,14,1,any,automatic,gasoline,sedan,automatic,diesel,5,2019,282.72,4.97,0,4.3,481,72.83
822.29,1,1,hatchback,manual,any,coupe,automatic,gasoline,4,2024,786.45,7.75,0,4.1,949,69.46
256.56,2,4,suv,automatic,electric,hatchback,automatic,diesel,5,2026,332.71,5.51,0,4.38,423,68.14
432.6,6,3,van,automatic,gasoline,hatchback,automatic,diesel,5,2022,346.32,5.21,0,4.32,126,68.09
894.67,1,5,coupe,automatic,diesel,van,automatic,diesel,8,2022,798.83,4.8,0,4.3,412,74.62
355.36,3,2,any,automatic,hybrid,hatchback,manual,hybrid,5,2023,260.12,6.16,0,3.87,239,76.51
319.4,2,2,any,any,gasoline,sedan,automatic,diesel,5,2020,441.28,4.63,0,3.63,320,64.69
749.51,2,1,sedan,any,gasoline,truck,automatic,diesel,4,2022,696.55,5.22,0,4.68,946,68.57
382.41,1,3,any,any,any,hatchback,manual,gasoline,5,2018,283.03,9.44,0,4.74,473,74.48
516.21,13,1,sedan,any,hybrid,suv,automatic,gasoline,7,2024,356.44,6.26,0,4.1,349,68.96
444.55,10,1,hatchback,manual,any,sedan,automatic,gasoline,5,2023,459.01,5.54,0,4.25,575,67.29
810.95,4,5,hatchback,automatic,diesel,truck,automatic,hybrid,5,2024,837.26,4.59,0,3.89,218,71.55
387.08,12,1,suv,manual,any,sedan,manual,gasoline,5,2022,367.11,9.21,0,5,465,73.14
310.93,2,3,sedan,manual,gasoline,suv,automatic,diesel,5,2021,328.64,5.17,0,4.15,492,60.47
324.05,27,1,suv,any,hybrid,hatchback,automatic,hybrid,5,2021,305.15,6.08,0,4.33,373,77.0
280.53,4,1,hatchback,any,gasoline,hatchback,automatic,gasoline,5,2023,292.72,7.28,0,4.07,521,81.84
435.37,3,5,hatchback,automatic,gasoline,sedan,manual,gasoline,5,2023,400.34,8.02,0,4.9,727,63.73
836.26,3,2,van,automatic,any,van,automatic,diesel,7,2025,775.42,5.78,0,3.53,416,89.09
985.12,4,5,hatchback,automatic,diesel,coupe,manual,electric,2,2022,795.7,0,354,4.14,377,46.33
343.31,6,1,hatchback,automatic,diesel,suv,manual,gasoline,7,2024,364.38,5.84,0,4.22,325,63.03
770.38,2,2,any,any,hybrid,van,manual,gasoline,7,2023,879.42,6.92,0,3.16,430,71.09
219.7,1,1,any,manual,gasoline,hatchback,manual,diesel,5,2025,304.85,5.64,0,4.46,1122,69.96
441.26,6,1,hatchback,automatic,gasoline,sedan,automatic,gasoline,5,2020,383.34,8.78,0,4.61,397,70.47
733.41,2,3,any,any,hybrid,coupe,automatic,electric,4,2025,612.9,0,204,3.84,142,76.18
425.18,4,1,any,any,any,sedan,manual,electric,5,2020,479.7,0,227,4.66,827,81.59
1152.01,2,3,hatchback,manual,gasoline,suv,manual,electric,5,2022,836.66,0,244,4.29,495,64.12
570.41,30,2,hatchback,any,gasoline,sedan,automatic,gasoline,5,2021,432.55,8.76,0,4.46,887,67.56
610.39,1,2,any,any,any,coupe,manual,hybrid,2,2023,725.0,5.31,0,5,578,83.74
707.92,6,3,hatchback,automatic,any,coupe,automatic,gasoline,3,2022,695.49,6.47,0,4.11,199,76.66
269.81,1,4,suv,automatic,diesel,hatchback,automatic,diesel,5,2025,339.69,6.31,0,4.38,723,70.1
688.82,5,5,sedan,manual,diesel,suv,automatic,gasoline,5,2022,536.56,8.4,0,4.62,372,57.22
596.9,6,2,any,any,gasoline,suv,automatic,diesel,5,2025,544.13,4.56,0,5,375,85.23
292.64,2,7,hatchback,any,any,sedan,automatic,gasoline,5,2019,246.27,8.46,0,4.09,119,51.87
238.73,1,2,any,any,gasoline,hatchback,manual,gasoline,5,2023,220.9,9.07,0,4.81,125,78.32
252.87,4,1,sedan,any,electric,hatchback,automatic,gasoline,5,2021,172.56,7.51,0,4.1,292,65.12
213.59,1,3,any,manual,diesel,hatchback,automatic,gasoline,5,2025,181.72,5.58,0,4.01,62,78.53
333.1,5,3,hatchback,manual,electric,hatchback,manual,electric,5,2019,288.25,0,381,3.78,735,86.31
366.64,1,2,sedan,automatic,any,suv,automatic,gasoline,5,2024,392.03,8.4,0,3.97,1008,72.32
225.49,6,2,suv,automatic,gasoline,hatchback,automatic,diesel,5,2020,210.54,4.9,0,3.59,614,64.85
358.75,18,3,any,manual,any,suv,manual,gasoline,5,2023,466.32,7.54,0,4.98,430,74.12
150,1,3,coupe,any,any,sedan,automatic,gasoline,5,2015,178.87,6.57,0,3.8,785,61.84
359.22,2,1,hatchback,automatic,any,hatchback,automatic,electric,5,2017,259.23,0,353,4.07,523,80.49
672.62,4,2,sedan,automatic,hybrid,van,automatic,hybrid,8,2017,560.83,4.76,0,4.56,107,73.01
469.4,1,4,any,automatic,any,hatchback,manual,gasoline,5,2022,318.14,6.81,0,3.6,216,75.61
531.86,7,1,any,automatic,electric,van,automatic,gasoline,7,2018,691.12,7.69,0,4.39,545,63.29
317.68,2,1,any,automatic,gasoline,suv,automatic,diesel,5,2018,316.91,7.4,0,4.1,171,68.4
681.38,25,2,van,any,gasoline,van,manual,gasoline,7,2018,614.68,7.16,0,3.73,628,74.13
1017.48,25,1,hatchback,automatic,hybrid,van,automatic,electric,7,2026,1093.73,0,367,3.8,429,70.63
380.39,1,2,suv,automatic,gasoline,sedan,manual,gasoline,5,2023,323.77,9.45,0,4.76,575,61.63
387.18,4,2,suv,any,any,hatchback,automatic,electric,5,2023,287.79,0,419,5,557,82.35
599.23,4,1,suv,automatic,diesel,coupe,automatic,gasoline,2,2022,575.91,7.02,0,3.68,360,62.69
429.56,1,1,sedan,automatic,gasoline,suv,automatic,diesel,5,2024,334.11,6.91,0,4.46,493,69.67
245.81,3,1,any,automatic,gasoline,sedan,automatic,electric,5,2020,238.63,0,241,4.84,195,76.64
284.18,4,2,any,any,hybrid,hatchback,automatic,electric,5,2023,242.64,0,286,3.78,358,74.79
701.03,2,4,sedan,manual,any,coupe,manual,hybrid,4,2019,788.79,5.7,0,4.76,141,71.83
792.18,11,2,suv,automatic,any,suv,automatic,gasoline,6,2026,774.02,7.52,0,3.46,497,85.55
427.34,4,5,van,automatic,any,hatchback,manual,diesel,5,2026,364.37,5.21,0,4.64,211,75.5
522.12,1,5,truck,automatic,gasoline,suv,automatic,gasoline,7,2025,411.47,5.51,0,4.17,1037,80.54
267.47,1,1,any,manual,any,hatchback,manual,gasoline,5,2026,251.14,7.44,0,3.8,172,85.38
699.88,2,2,any,any,gasoline,suv,manual,gasoline,5,2023,612.77,7.1,0,4.69,974,83.11
239.13,1,5,any,automatic,diesel,hatchback,manual,gasoline,5,2022,208.9,8.47,0,4.36,847,63.08
297.72,29,4,any,automatic,any,hatchback,manual,electric,5,2024,289.55,0,425,3.4,318,86.68
156.8,1,4,any,automatic,hybrid,hatchback,automatic,gasoline,5,2024,167.83,8.99,0,3.49,289,68.95
497.94,8,3,suv,automatic,electric,sedan,manual,gasoline,5,2021,398.34,5.81,0,3.98,209,58.78
552.55,7,3,sedan,manual,any,coupe,manual,gasoline,2,2023,562.76,8.69,0,3.94,251,58.51
440.19,2,4,any,any,any,suv,automatic,gasoline,5,2026,399.67,9.23,0,3.71,418,86.79
309.14,1,2,sedan,any,diesel,sedan,automatic,gasoline,5,2023,281.37,9.06,0,3.44,217,74.25
280.32,10,1,suv,any,diesel,hatchback,automatic,diesel,5,2022,230.34,4.32,0,4.01,236,80.62
932.77,6,1,hatchback,any,diesel,van,automatic,gasoline,8,2021,756.06,5.65,0,4.04,134,69.43
677.63,6,2,sedan,manual,diesel,van,manual,diesel,8,2023,553.46,4.8,0,4.44,752,80.54
441.75,3,7,sedan,any,gasoline,hatchback,automatic,gasoline,5,2025,362.19,5.69,0,3.53,103,65.55
789.2,2,1,hatchback,any,hybrid,suv,manual,gasoline,7,2023,701.11,7.54,0,4.64,1010,65.18
624.07,2,2,suv,manual,hybrid,suv,manual,gasoline,5,2021,636.82,9.17,0,3.94,440,71.11
267.3,29,4,hatchback,automatic,any,hatchback,automatic,gasoline,5,2022,317.17,9.09,0,3.91,215,74.46
610.07,2,3,suv,manual,hybrid,suv,manual,diesel,6,2019,525.22,7.03,0,3.57,766,73.6
237.95,2,1,sedan,any,any,sedan,automatic,diesel,5,2021,207.8,6.99,0,4.08,542,78.86
636.18,4,1,hatchback,automatic,hybrid,suv,automatic,diesel,5,2026,548.16,5.66,0,4.54,579,71.65
619.43,2,1,suv,automatic,gasoline,suv,automatic,gasoline,5,2020,439.48,9.79,0,3.44,449,77.14
271.88,2,4,suv,automatic,gasoline,sedan,automatic,gasoline,5,2025,326.57,6.43,0,5,314,77.29
1075.89,20,3,any,manual,diesel,coupe,manual,electric,3,2025,834.8,0,238,4.91,669,82.92
823.54,2,1,van,automatic,hybrid,truck,automatic,diesel,2,2023,704.8,6.07,0,4.08,304,69.53
632.61,3,2,any,any,gasoline,sedan,automatic,hybrid,5,2025,521.3,5.85,0,3.93,878,80.28
238.75,4,2,any,any,gasoline,hatchback,automatic,gasoline,5,2018,233.2,7.18,0,5,216,75.98
150,5,5,sedan,automatic,any,hatchback,automatic,diesel,5,2022,177.37,7.32,0,4.22,317,68.56
575.66,2,4,any,manual,gasoline,coupe,automatic,electric,3,2020,567.35,0,361,4.26,299,55.7
347.52,2,1,truck,any,hybrid,sedan,automatic,hybrid,5,2025,309.09,3.82,0,3.51,419,78.98
270.76,2,1,hatchback,automatic,any,hatchback,automatic,diesel,5,2021,232.8,6.03,0,3.7,726,82.58
334.5,1,2,hatchback,any,gasoline,suv,automatic,gasoline,6,2025,395.11,5.72,0,4.51,595,73.21
537.5,9,3,sedan,any,diesel,sedan,automatic,diesel,5,2026,383.79,5.16,0,3.15,335,90.43
250.84,2,3,coupe,any,diesel,hatchback,manual,electric,5,2025,277.6,0,386,4.64,708,68.38
592.13,26,2,any,any,any,van,automatic,hybrid,7,2025,596.21,3.97,0,4.03,584,89.35
547.33,5,2,hatchback,any,any,suv,automatic,gasoline,6,2025,435.53,7.5,0,4.23,178,78.99
384.68,8,5,van,automatic,gasoline,hatchback,manual,diesel,5,2024,289.7,4.81,0,3.63,214,62.75
530.49,5,2,truck,automatic,diesel,sedan,manual,diesel,5,2022,402.25,7.32,0,4.67,131,65.49
674.73,6,3,any,any,any,sedan,automatic,diesel,5,2022,494.62,7.28,0,4.49,209,83.4
525.31,3,5,sedan,any,electric,sedan,manual,hybrid,5,2024,391.92,6.0,0,4.03,119,78.98
442.78,1,2,any,any,gasoline,coupe,automatic,gasoline,4,2024,423.55,7.08,0,5,333,84.16
309.26,12,2,sedan,automatic,diesel,sedan,manual,gasoline,5,2022,309.23,7.23,0,4.3,684,67.86
1323.37,1,4,sedan,manual,diesel,coupe,automatic,diesel,2,2022,1023.46,4.92,0,4.67,455,56.41
459.77,1,6,any,automatic,gasoline,sedan,automatic,diesel,5,2023,478.41,5.03,0,4.25,539,67.98
239.61,1,3,sedan,any,gasoline,hatchback,automatic,diesel,5,2019,203.24,4.87,0,4.04,506,65.73
647.46,18,3,sedan,manual,diesel,suv,manual,hybrid,7,2022,672.4,5.39,0,3.31,318,64.01
283.7,1,4,any,any,hybrid,suv,manual,gasoline,6,2023,426.96,9.28,0,2.84,557,60.73
446.81,5,1,any,any,gasoline,hatchback,manual,gasoline,5,2018,328.02,9.25,0,4.87,777,75.61
290.34,16,2,any,any,gasoline,sedan,manual,gasoline,5,2022,257.59,5.65,0,4.99,702,87.09
738.15,20,4,sedan,automatic,gasoline,coupe,automatic,gasoline,4,2025,650.68,8.35,0,4.5,971,72.05
1035.25,26,6,sedan,manual,any,van,manual,gasoline,7,2023,767.15,7.07,0,5,222,76.79
829.56,2,6,sedan,manual,any,van,manual,electric,9,2020,602.24,0,347,4.42,15,69.53
206.56,6,1,hatchback,manual,diesel,sedan,automatic,gasoline,5,2017,250.68,6.32,0,3.94,426,48.13
479.82,3,2,any,manual,gasoline,hatchback,manual,diesel,5,2025,394.17,5.02,0,2.88,913,81.1
445.93,2,2,any,any,any,suv,manual,gasoline,6,2025,395.83,7.68,0,4.02,338,87.58
323.05,19,2,hatchback,automatic,any,hatchback,automatic,gasoline,5,2022,283.99,8.45,0,3.94,479,79.54
468.34,4,1,sedan,manual,any,suv,automatic,diesel,6,2026,369.83,6.63,0,3.84,279,74.47
289.03,3,1,any,automatic,gasoline,hatchback,automatic,diesel,5,2025,343.75,5.27,0,3.77,194,79.49
343.86,3,7,suv,any,gasoline,hatchback,automatic,hybrid,5,2026,353.17,3.54,0,4.78,571,61.53
200.72,17,2,any,any,any,sedan,automatic,diesel,5,2017,220.14,5.88,0,4.31,114,75.67
196.21,1,5,any,automatic,hybrid,sedan,automatic,diesel,5,2019,234.17,6.19,0,4.12,147,67.91
585.87,19,4,any,any,hybrid,suv,manual,electric,5,2024,618.29,0,325,5,822,82.37
234.27,22,3,hatchback,any,gasoline,sedan,automatic,gasoline,5,2026,349.71,7.43,0,3.87,540,64.92
233.52,1,3,sedan,any,hybrid,sedan,automatic,diesel,5,2024,226.27,4.62,0,4.87,192,83.53
648.83,14,6,any,any,diesel,suv,automatic,gasoline,6,2026,569.81,8.36,0,4.4,77,80.3
345.98,2,2,any,any,gasoline,hatchback,automatic,gasoline,5,2025,365.37,7.69,0,3.93,192,82.24
267.9,6,7,truck,automatic,gasoline,hatchback,automatic,diesel,5,2022,332.15,5.33,0,3.67,372,48.16
565.79,3,1,any,manual,gasoline,coupe,automatic,diesel,2,2022,480.84,6.78,0,3.84,348,66.9
654.9,1,3,any,any,gasoline,truck,automatic,gasoline,4,2024,493.48,6.69,0,4.62,58,85.59
414.59,3,5,hatchback,any,electric,suv,automatic,gasoline,6,2018,341.25,9.4,0,4.28,229,56.71
419.78,5,2,suv,manual,gasoline,suv,automatic,diesel,5,2023,390.64,7.14,0,4.9,486,71.98
698.77,3,5,hatchback,any,diesel,suv,manual,hybrid,6,2023,778.77,4.8,0,4.68,122,66.53
521.6,7,1,suv,any,gasoline,sedan,automatic,diesel,5,2023,450.49,5.27,0,4.27,113,71.82
786.15,1,2,sedan,any,gasoline,van,automatic,gasoline,8,2020,696.03,8.09,0,4.06,149,65.03
414.87,1,4,any,automatic,any,sedan,automatic,hybrid,5,2025,397.67,4.13,0,4.61,506,97.83
532.35,1,2,van,automatic,electric,sedan,automatic,diesel,5,2024,462.71,5.36,0,4.7,874,71.0
549.27,3,4,any,automatic,any,suv,automatic,diesel,7,2023,655.0,6.88,0,4.97,547,82.63
235.46,25,4,sedan,automatic,diesel,hatchback,automatic,electric,5,2026,239.4,0,437,4.61,1022,73.83
570.28,1,1,any,manual,gasoline,suv,automatic,gasoline,5,2018,442.59,8.27,0,3.99,542,64.87
276.3,1,4,suv,automatic,any,suv,manual,gasoline,5,2015,386.14,9.64,0,3.57,145,55.22
294.89,6,2,hatchback,automatic,any,hatchback,manual,hybrid,5,2020,274.08,5.17,0,4.07,369,80.89
234.2,2,3,any,automatic,gasoline,hatchback,manual,diesel,5,2026,212.6,6.96,0,4.44,359,69.96
162.23,2,1,any,any,any,hatchback,automatic,electric,5,2021,179.84,0,414,4.58,132,80.14
694.79,3,5,any,automatic,hybrid,sedan,automatic,hybrid,5,2026,557.52,5.71,0,4.47,594,95.27
443.19,3,3,coupe,manual,diesel,hatchback,manual,diesel,5,2025,361.92,5.69,0,4.39,128,81.05
371.15,27,2,suv,any,gasoline,sedan,automatic,gasoline,5,2019,459.93,7.52,0,3.25,531,58.79
157.57,10,5,coupe,automatic,gasoline,sedan,automatic,gasoline,5,2018,246.38,6.78,0,4.0,592,55.97
372.83,4,6,coupe,any,gasoline,suv,automatic,gasoline,6,2018,539.46,8.64,0,3.64,652,54.38
306.89,15,2,hatchback,any,any,sedan,automatic,electric,5,2023,251.27,0,277,4.34,303,79.82
1007.11,26,4,van,any,electric,van,automatic,gasoline,7,2025,788.25,9.38,0,4.91,455,80.1
738.32,7,1,sedan,automatic,diesel,truck,automatic,gasoline,5,2016,562.07,7.02,0,4.95,315,58.34
209.34,5,3,hatchback,any,diesel,sedan,automatic,diesel,5,2022,241.4,4.91,0,4.2,673,73.88
615.23,17,1,any,manual,any,truck,automatic,gasoline,3,2024,602.42,8.82,0,4.28,841,78.58
382.2,7,1,coupe,automatic,any,truck,automatic,hybrid,3,2024,470.78,3.93,0,3.4,258,72.1
402.05,3,3,van,automatic,diesel,coupe,manual,diesel,3,2023,531.69,6.71,0,4.63,203,58.47
234.32,25,1,any,automatic,hybrid,hatchback,manual,hybrid,5,2018,234.37,4.69,0,4.49,490,73.33
1046.25,3,2,any,manual,any,van,manual,electric,7,2026,757.54,0,428,4.01,822,95.54
1436.45,5,2,suv,manual,any,coupe,automatic,gasoline,4,2025,1069.26,6.47,0,4.39,313,71.57
178.15,2,2,any,any,any,hatchback,automatic,gasoline,5,2023,172.04,7.51,0,4.2,336,86.4
373.02,1,2,any,automatic,hybrid,sedan,automatic,electric,5,2026,319.56,0,290,3.68,198,80.43
638.01,4,3,any,automatic,any,suv,automatic,hybrid,5,2023,706.85,4.82,0,5,350,90.27
278.86,17,1,hatchback,automatic,any,hatchback,automatic,hybrid,5,2023,293.14,4.02,0,4.48,84,85.86
169.33,2,3,hatchback,automatic,any,hatchback,manual,hybrid,5,2019,235.4,3.67,0,4.44,602,68.71
808.52,2,4,coupe,automatic,hybrid,suv,automatic,gasoline,5,2026,765.82,5.5,0,4.08,142,70.73
369.9,4,5,sedan,manual,gasoline,sedan,automatic,gasoline,5,2018,348.13,6.15,0,3.47,353,68.52
361.53,1,2,suv,any,diesel,hatchback,automatic,diesel,5,2025,345.94,5.87,0,4.88,577,79.36
418.41,6,3,sedan,automatic,any,truck,manual,hybrid,4,2021,378.91,4.76,0,4.37,388,69.2
242.66,23,2,hatchback,any,gasoline,sedan,automatic,gasoline,5,2026,260.66,8.62,0,4.9,136,75.45
329.47,2,2,coupe,automatic,hybrid,hatchback,automatic,gasoline,5,2021,249.26,9.02,0,4.51,179,63.4
433.31,10,1,any,any,gasoline,hatchback,automatic,hybrid,5,2021,331.11,5.03,0,3.53,178,80.57
302.29,4,4,van,any,gasoline,sedan,manual,gasoline,5,2021,364.08,5.93,0,4.96,908,69.52
522.63,2,1,sedan,automatic,any,sedan,manual,diesel,5,2025,359.41,6.93,0,4.28,204,78.42
181.13,16,3,suv,manual,gasoline,hatchback,automatic,diesel,5,2023,191.53,6.78,0,3.9,110,57.02
256.45,2,3,hatchback,manual,gasoline,hatchback,automatic,diesel,5,2020,273.19,5.74,0,4.69,137,67.82
358.67,5,3,any,automatic,hybrid,suv,manual,diesel,6,2020,416.72,4.52,0,4.17,705,65.86
353.95,3,1,sedan,any,any,hatchback,manual,gasoline,5,2018,310.06,8.47,0,4.91,308,64.7
219.67,2,3,sedan,manual,electric,sedan,automatic,diesel,5,2024,232.05,6.75,0,3.61,589,67.87
437.51,3,4,any,manual,hybrid,hatchback,automatic,gasoline,5,2026,337.13,7.94,0,4.44,440,70.23
765.84,5,2,any,automatic,any,suv,automatic,gasoline,6,2022,599.7,9.74,0,3.78,334,78.11
272.2,4,1,any,automatic,gasoline,hatchback,automatic,diesel,5,2022,214.67,7.03,0,3.9,532,71.95
318.7,1,2,sedan,any,diesel,sedan,automatic,diesel,5,2021,349.12,5.08,0,4.11,133,81.18
622.11,25,1,any,any,electric,suv,automatic,diesel,5,2018,580.71,6.87,0,3.91,291,69.39
566.9,12,1,suv,automatic,diesel,suv,automatic,electric,7,2023,539.99,0,440,4.46,623,83.35
309.85,2,3,hatchback,automatic,diesel,sedan,automatic,electric,5,2025,326.38,0,320,3.75,565,70.33
345.24,2,3,hatchback,manual,any,hatchback,automatic,hybrid,5,2024,304.75,5.5,0,4.17,436,80.9
905.47,13,1,sedan,any,any,van,manual,electric,9,2018,934.96,0,391,4.22,345,69.35
679.26,3,1,any,automatic,gasoline,van,automatic,electric,8,2022,533.78,0,378,3.6,145,78.38
612.81,4,2,hatchback,any,any,van,automatic,hybrid,7,2026,543.7,4.33,0,3.54,116,85.75
438.13,5,6,sedan,any,gasoline,suv,manual,electric,6,2019,313.41,0,259,4.05,322,61.57
388.01,26,3,suv,any,any,hatchback,manual,diesel,5,2025,339.71,6.12,0,4.31,399,80.96
823.3,1,1,any,automatic,any,truck,manual,gasoline,5,2021,733.85,8.24,0,4.23,907,70.76
455.28,16,2,sedan,manual,diesel,truck,manual,gasoline,5,2018,543.53,7.66,0,3.93,585,53.24
1073.19,1,1,hatchback,automatic,gasoline,truck,automatic,electric,4,2018,815.77,0,293,4.4,689,59.22
364.36,16,2,any,any,gasoline,hatchback,automatic,gasoline,5,2020,273.25,5.51,0,3.26,292,85.49
393.56,7,1,any,any,gasoline,hatchback,automatic,gasoline,5,2020,285.49,7.69,0,5,394,82.93
630.29,1,2,any,manual,hybrid,van,automatic,gasoline,8,2023,516.17,6.1,0,3.89,533,70.56
169.91,6,4,hatchback,automatic,any,hatchback,manual,diesel,5,2025,206.18,5.67,0,3.2,592,78.55
204.93,4,2,hatchback,any,gasoline,hatchback,automatic,gasoline,5,2024,200.53,7.57,0,4.89,72,85.86
620.94,1,2,sedan,manual,diesel,van,automatic,gasoline,9,2020,685.05,9.1,0,3.85,631,49.26
405.18,2,2,any,automatic,any,sedan,automatic,diesel,5,2024,464.39,6.32,0,3.92,864,79.81
175.38,3,1,sedan,automatic,any,hatchback,manual,gasoline,5,2023,218.21,9.17,0,3.24,438,55.66
616.25,2,3,suv,manual,any,suv,automatic,gasoline,5,2018,519.59,5.66,0,3.95,667,74.6
463.71,1,4,suv,automatic,electric,sedan,manual,gasoline,5,2026,513.58,8.28,0,4.84,391,56.51
398.15,1,1,hatchback,automatic,diesel,hatchback,automatic,gasoline,5,2021,345.7,7.13,0,3.72,413,73.26
722.28,1,2,hatchback,manual,electric,van,automatic,hybrid,9,2024,727.22,5.81,0,4.19,630,62.09
493.87,3,3,sedan,any,diesel,sedan,automatic,gasoline,5,2023,434.37,5.93,0,4.18,751,76.54
432.47,3,2,any,manual,any,suv,manual,gasoline,6,2019,505.21,5.94,0,4.86,338,75.07
206.08,5,1,suv,manual,gasoline,hatchback,automatic,gasoline,5,2021,233.28,9.44,0,3.62,203,55.42
514.52,2,4,hatchback,any,diesel,coupe,automatic,gasoline,4,2024,522.08,8.24,0,4.7,559,66.4
371.33,3,4,hatchback,automatic,gasoline,sedan,automatic,gasoline,5,2025,331.96,5.94,0,4.76,735,77.73
244.2,5,1,any,manual,hybrid,sedan,manual,gasoline,5,2025,284.16,9.02,0,4.08,432,69.02
269.13,2,1,sedan,automatic,electric,sedan,manual,gasoline,5,2023,288.51,6.1,0,4.1,924,71.19
313.16,2,1,suv,automatic,any,hatchback,automatic,diesel,5,2023,358.96,4.58,0,4.04,664,72.9
442.69,1,2,suv,any,gasoline,sedan,automatic,electric,5,2023,370.63,0,244,4.51,163,66.01
337.78,1,4,sedan,manual,electric,sedan,automatic,gasoline,5,2025,383.52,8.69,0,3.86,534,67.02
755.25,1,4,any,automatic,gasoline,suv,automatic,gasoline,6,2024,731.58,7.32,0,4.46,687,89.38
332.13,4,2,suv,automatic,electric,sedan,automatic,diesel,5,2020,351.73,7.35,0,4.46,306,61.14
503.05,17,2,suv,automatic,gasoline,suv,manual,gasoline,5,2023,369.0,6.86,0,3.79,428,79.78
535.75,9,1,sedan,automatic,hybrid,sedan,manual,gasoline,5,2022,430.64,7.42,0,4.1,681,70.75
651.87,1,1,sedan,automatic,gasoline,suv,manual,gasoline,5,2026,626.35,8.78,0,4.42,419,67.32
344.53,25,2,sedan,any,gasoline,suv,manual,gasoline,5,2024,371.82,6.66,0,4.58,555,74.48
574.01,3,2,hatchback,automatic,gasoline,van,automatic,hybrid,8,2024,607.27,4.99,0,4.95,782,70.31
432.41,5,1,any,any,gasoline,suv,automatic,gasoline,5,2018,401.4,6.76,0,4.46,168,78.23
275.04,4,5,sedan,automatic,hybrid,sedan,automatic,diesel,5,2021,345.28,4.83,0,4.33,352,68.99
520.86,12,5,any,automatic,any,truck,automatic,electric,4,2024,476.6,0,342,4.42,342,77.29
375.71,5,1,sedan,automatic,gasoline,suv,automatic,gasoline,5,2026,426.2,7.44,0,3.61,476,74.04
507.34,25,8,any,automatic,any,sedan,automatic,gasoline,5,2025,467.54,7.38,0,4.21,977,74.12
391.75,24,2,suv,manual,gasoline,sedan,manual,gasoline,5,2022,404.22,8.74,0,3.31,588,69.74
555.45,1,3,suv,any,any,coupe,automatic,hybrid,2,2023,601.57,3.54,0,3.87,302,63.28
225.34,2,5,suv,manual,diesel,hatchback,automatic,hybrid,5,2025,183.37,5.53,0,4.53,895,63.35
544.87,4,3,any,manual,gasoline,coupe,automatic,gasoline,2,2023,514.33,8.47,0,4.64,1076,58.97
213.97,3,2,sedan,any,any,hatchback,automatic,gasoline,5,2017,258.69,6.39,0,4.01,433,66.49
970.36,1,1,sedan,any,gasoline,coupe,manual,gasoline,4,2026,1024.37,6.71,0,4.44,351,76.54
399.19,4,1,truck,automatic,diesel,sedan,manual,hybrid,5,2025,485.23,5.75,0,4.35,738,62.4
551.77,5,2,sedan,automatic,any,suv,automatic,hybrid,6,2024,500.32,3.97,0,3.85,148,81.73
265.66,3,4,hatchback,manual,gasoline,sedan,manual,gasoline,5,2026,324.57,5.75,0,4.5,540,78.4
164.93,1,2,sedan,automatic,any,hatchback,manual,gasoline,5,2022,216.34,5.71,0,3.4,231,61.86
391.84,1,1,suv,automatic,any,sedan,automatic,gasoline,5,2022,308.46,5.93,0,4.54,898,79.91
501.36,4,2,any,automatic,diesel,suv,automatic,electric,6,2025,418.17,0,273,3.95,343,82.44
405.32,26,2,hatchback,manual,gasoline,suv,automatic,gasoline,7,2020,603.27,5.78,0,3.62,484,54.67
377.96,1,1,any,any,gasoline,sedan,automatic,gasoline,5,2024,348.02,6.52,0,4.35,796,86.3
254.23,1,4,suv,any,hybrid,sedan,manual,diesel,5,2021,304.65,6.11,0,4.2,492,63.06
260.67,1,1,sedan,automatic,diesel,sedan,manual,diesel,5,2019,240.05,4.83,0,4.23,1135,73.29
725.0,2,2,hatchback,manual,hybrid,suv,manual,diesel,6,2018,645.63,6.66,0,5,652,62.78
751.46,3,1,suv,manual,any,van,automatic,electric,9,2016,686.65,0,393,3.7,579,62.99
289.07,9,3,suv,any,any,hatchback,manual,diesel,5,2019,252.9,6.78,0,4.46,437,70.04
208.8,1,1,suv,any,gasoline,sedan,automatic,gasoline,5,2019,265.14,9.27,0,4.03,548,56.68
871.68,5,9,any,automatic,any,coupe,manual,gasoline,4,2025,612.07,7.92,0,4.08,418,66.97
427.32,1,1,hatchback,manual,gasoline,hatchback,automatic,gasoline,5,2022,330.85,7.57,0,4.69,469,76.66
379.63,8,4,any,manual,diesel,sedan,manual,hybrid,5,2023,434.97,4.87,0,4.11,440,78.18
509.63,1,1,hatchback,automatic,any,suv,automatic,gasoline,5,2022,502.11,7.08,0,4.33,242,75.12
356.3,18,2,sedan,manual,diesel,sedan,manual,diesel,5,2021,376.27,6.21,0,4.69,972,86.35
543.45,1,3,truck,any,gasoline,suv,automatic,gasoline,6,2024,717.52,7.45,0,3.81,508,64.08
534.99,1,2,any,any,any,suv,automatic,gasoline,5,2025,427.64,7.37,0,4.73,841,84.03
546.12,5,4,sedan,any,any,sedan,automatic,gasoline,5,2024,440.11,5.69,0,4.55,233,87.43
314.91,2,2,coupe,automatic,any,sedan,automatic,electric,5,2019,408.34,0,297,4.84,250,63.36
800.43,3,1,any,automatic,diesel,coupe,manual,gasoline,4,2026,615.5,8.7,0,5,425,69.6
419.24,5,1,any,automatic,diesel,hatchback,automatic,gasoline,5,2019,274.37,5.55,0,5,395,77.59
281.87,1,1,hatchback,manual,any,hatchback,manual,gasoline,5,2024,318.79,5.61,0,3.62,46,83.04
465.1,1,4,sedan,automatic,diesel,suv,automatic,hybrid,6,2023,521.91,4.87,0,3.75,411,68.13
524.84,9,3,sedan,any,any,sedan,manual,diesel,5,2022,372.56,5.19,0,4.22,216,84.81
335.0,6,4,suv,manual,any,sedan,manual,hybrid,5,2025,371.16,4.65,0,3.98,163,79.94
727.57,2,2,any,any,any,suv,manual,gasoline,5,2019,538.06,6.03,0,5,502,81.49
256.11,2,1,truck,manual,gasoline,sedan,automatic,gasoline,5,2017,203.54,7.27,0,4.61,144,62.08
202.52,19,4,any,automatic,any,hatchback,automatic,gasoline,5,2025,311.35,7.85,0,4.12,382,74.3
484.14,2,2,hatchback,manual,diesel,suv,automatic,diesel,5,2025,406.68,6.05,0,4.12,316,73.05
518.79,4,1,any,any,gasoline,sedan,automatic,gasoline,5,2021,358.25,8.8,0,4.49,689,76.03
247.23,4,4,sedan,automatic,diesel,hatchback,manual,diesel,5,2021,213.81,6.51,0,4.24,116,67.15
389.45,3,1,sedan,manual,diesel,suv,manual,diesel,6,2024,400.77,4.47,0,3.68,297,82.72
439.36,9,1,hatchback,automatic,any,sedan,automatic,hybrid,5,2019,399.19,4.67,0,4.05,359,72.92
400.59,7,9,coupe,manual,gasoline,sedan,automatic,gasoline,5,2024,390.16,7.54,0,4.41,219,55.98
556.04,7,3,suv,any,gasoline,van,automatic,gasoline,9,2024,631.7,6.21,0,3.68,977,75.82
384.82,27,4,any,automatic,gasoline,sedan,automatic,gasoline,5,2023,448.87,6.81,0,3.4,187,82.54
425.16,4,1,any,automatic,diesel,sedan,automatic,hybrid,5,2026,362.18,5.26,0,4.61,285,80.63
1007.04,3,1,sedan,manual,electric,van,manual,hybrid,7,2025,786.86,4.49,0,4.37,370,73.12
230.8,4,1,any,manual,diesel,hatchback,manual,diesel,5,2023,182.39,4.38,0,4.37,562,88.37
626.16,29,4,coupe,any,diesel,coupe,automatic,diesel,2,2025,566.74,5.41,0,3.51,470,78.25
276.73,3,8,sedan,manual,any,sedan,automatic,electric,5,2021,284.43,0,380,4.35,1098,65.09
736.82,2,3,van,manual,diesel,van,automatic,diesel,7,2019,678.18,4.78,0,4.62,171,78.43
301.58,5,4,hatchback,automatic,any,sedan,automatic,diesel,5,2026,367.06,4.64,0,4.12,186,76.39
429.5,2,3,sedan,manual,any,suv,automatic,diesel,5,2022,396.06,6.33,0,3.67,341,65.4
456.24,4,4,coupe,automatic,gasoline,van,manual,gasoline,7,2023,519.09,5.62,0,3.95,197,64.25
313.91,17,2,sedan,any,any,suv,manual,gasoline,7,2022,328.29,6.84,0,3.87,389,74.57
309.19,2,1,suv,manual,diesel,hatchback,manual,gasoline,5,2017,287.93,8.34,0,3.98,230,58.11
571.8,5,3,any,automatic,any,sedan,automatic,gasoline,5,2025,419.33,6.53,0,3.95,570,87.82
257.78,3,5,any,automatic,any,hatchback,automatic,gasoline,5,2025,228.84,9.38,0,4.31,428,85.81
529.75,1,5,sedan,automatic,any,sedan,manual,diesel,5,2018,441.63,4.44,0,3.7,462,76.56
550.32,20,1,any,any,hybrid,truck,automatic,hybrid,3,2024,500.24,3.76,0,4.27,256,95.99
448.39,3,9,coupe,manual,gasoline,hatchback,automatic,gasoline,5,2026,398.78,6.77,0,3.27,97,55.75
256.47,4,3,hatchback,automatic,gasoline,sedan,manual,gasoline,5,2015,337.31,8.73,0,4.86,930,51.11
382.46,4,6,van,any,electric,hatchback,automatic,diesel,5,2018,293.51,4.33,0,4.23,803,52.43
457.86,18,4,sedan,any,gasoline,sedan,automatic,gasoline,5,2020,404.13,6.52,0,4.15,493,77.9
908.42,10,1,sedan,automatic,gasoline,coupe,automatic,hybrid,4,2026,704.6,6.03,0,4.03,453,71.68
334.99,2,2,coupe,manual,hybrid,hatchback,automatic,gasoline,5,2022,315.17,8.5,0,4.36,408,53.1
271.71,1,7,truck,any,electric,suv,manual,gasoline,6,2020,317.86,6.28,0,4.63,1137,45.6
393.45,1,2,van,any,diesel,hatchback,manual,hybrid,5,2024,401.34,5.55,0,4.47,526,68.34
948.64,4,5,suv,any,gasoline,coupe,automatic,electric,3,2021,738.63,0,334,3.87,225,51.06
882.71,23,1,any,any,gasoline,truck,automatic,hybrid,4,2024,720.48,3.74,0,4.17,242,83.13
553.98,14,4,suv,automatic,diesel,sedan,automatic,hybrid,5,2025,569.19,4.26,0,4.24,696,75.5
362.94,22,3,hatchback,manual,any,suv,automatic,hybrid,6,2019,423.1,4.32,0,4.56,349,66.56
352.21,1,4,coupe,any,diesel,hatchback,automatic,gasoline,5,2022,305.56,9.41,0,4.42,228,61.88
559.92,2,4,suv,automatic,any,suv,manual,gasoline,5,2018,527.21,8.64,0,3.89,404,68.36
300.63,1,5,sedan,automatic,electric,sedan,manual,diesel,5,2020,365.14,4.51,0,4.83,194,66.32
402.76,8,1,suv,manual,diesel,sedan,automatic,gasoline,5,2022,372.1,6.83,0,3.81,583,60.61
307.74,1,2,sedan,automatic,gasoline,hatchback,automatic,gasoline,5,2026,317.08,5.83,0,3.72,210,78.18
283.44,3,4,suv,manual,diesel,hatchback,automatic,gasoline,5,2024,333.14,7.46,0,4.74,653,58.23
517.61,4,1,hatchback,manual,diesel,suv,manual,gasoline,6,2022,471.07,6.5,0,4.43,200,69.7
692.28,4,4,coupe,manual,any,van,automatic,gasoline,7,2020,748.35,9.06,0,4.31,264,57.38
261.06,1,1,sedan,any,any,hatchback,automatic,diesel,5,2022,199.33,4.77,0,3.47,123,75.41
469.04,26,3,sedan,any,gasoline,coupe,automatic,gasoline,3,2015,476.64,7.49,0,3.75,558,68.45
259.04,1,4,any,any,gasoline,hatchback,manual,diesel,5,2018,186.65,6.0,0,4.31,312,69.07
176.13,1,1,any,automatic,any,hatchback,automatic,gasoline,5,2025,270.43,9.16,0,4.45,191,68.85
359.13,3,2,coupe,any,electric,sedan,automatic,gasoline,5,2023,287.51,8.52,0,4.67,271,63.86
747.62,1,3,coupe,any,hybrid,truck,manual,gasoline,3,2022,727.38,9.28,0,4.5,158,59.27
415.2,8,5,hatchback,any,diesel,sedan,manual,diesel,5,2022,350.31,6.88,0,4.49,738,73.0
789.11,4,1,suv,any,hybrid,coupe,manual,gasoline,2,2025,660.92,9.31,0,3.79,850,66.08
367.7,13,1,suv,automatic,any,coupe,automatic,diesel,4,2021,423.38,5.85,0,4.13,874,72.56
633.66,26,2,sedan,any,any,truck,automatic,gasoline,3,2024,683.27,5.7,0,4.13,744,75.19
350.08,1,1,any,automatic,gasoline,suv,manual,gasoline,5,2026,349.02,9.05,0,3.17,477,75.1
445.01,1,2,any,automatic,diesel,hatchback,automatic,diesel,5,2025,372.9,6.7,0,3.99,512,87.67
395.55,5,4,truck,automatic,any,hatchback,manual,gasoline,5,2023,293.11,6.56,0,3.54,289,69.21
537.93,3,3,sedan,any,hybrid,suv,manual,electric,5,2019,522.75,0,431,4.89,758,64.01
163.64,2,3,sedan,any,hybrid,sedan,manual,gasoline,5,2022,281.97,6.5,0,3.71,268,57.51
450.35,4,3,hatchback,manual,diesel,coupe,manual,gasoline,2,2020,460.3,9.8,0,5,161,42.32
351.74,1,3,any,any,diesel,suv,automatic,gasoline,7,2017,352.1,7.2,0,4.39,979,68.77
455.64,4,1,coupe,manual,hybrid,sedan,automatic,diesel,5,2020,314.34,5.59,0,3.76,408,59.63
386.8,19,2,any,automatic,any,sedan,manual,gasoline,5,2024,349.73,6.5,0,3.5,495,79.07
247.73,7,2,any,automatic,any,sedan,automatic,hybrid,5,2022,226.55,5.91,0,4.78,95,83.3
150,5,4,hatchback,manual,any,sedan,automatic,gasoline,5,2016,159.83,9.21,0,4.75,513,56.19
866.16,3,2,suv,automatic,any,van,automatic,gasoline,9,2024,763.34,7.67,0,4.33,411,71.65
235.38,3,1,any,automatic,any,sedan,automatic,gasoline,5,2019,293.13,8.38,0,4.9,958,74.51
251.41,17,7,suv,automatic,any,hatchback,manual,hybrid,5,2017,252.21,5.98,0,3.85,343,49.23
638.05,27,3,van,manual,any,van,automatic,hybrid,7,2021,633.38,6.1,0,4.74,393,75.71
297.65,17,2,any,manual,gasoline,hatchback,automatic,diesel,5,2024,272.95,6.0,0,4.37,166,74.22
